-- phpMyAdmin SQL Dump
-- version 5.1.1
-- https://www.phpmyadmin.net/
--
-- Host: 172.17.0.1:3306
-- 생성 시간: 21-07-26 12:34
-- 서버 버전: 5.7.20
-- PHP 버전: 7.4.0

SET SQL_MODE = "NO_AUTO_VALUE_ON_ZERO";
START TRANSACTION;
SET time_zone = "+00:00";


/*!40101 SET @OLD_CHARACTER_SET_CLIENT=@@CHARACTER_SET_CLIENT */;
/*!40101 SET @OLD_CHARACTER_SET_RESULTS=@@CHARACTER_SET_RESULTS */;
/*!40101 SET @OLD_COLLATION_CONNECTION=@@COLLATION_CONNECTION */;
/*!40101 SET NAMES utf8mb4 */;

--
-- 데이터베이스: `CGPJTRD`
--

-- --------------------------------------------------------

--
-- 테이블 구조 `CG_DD`
--

CREATE TABLE `CG_DD` (
  `PJTSEQ` int(11) NOT NULL,
  `DDSEQ` int(11) NOT NULL,
  `COLID` varchar(100) COLLATE utf8_bin NOT NULL,
  `COLNM` varchar(300) COLLATE utf8_bin NOT NULL,
  `COLSNM` varchar(300) COLLATE utf8_bin DEFAULT NULL,
  `DATATYPE` varchar(30) COLLATE utf8_bin DEFAULT NULL,
  `DATASIZE` int(11) DEFAULT '0',
  `OBJTYPE` varchar(30) COLLATE utf8_bin DEFAULT NULL,
  `POPUP` varchar(30) COLLATE utf8_bin DEFAULT NULL,
  `LBLWIDTH` varchar(100) COLLATE utf8_bin DEFAULT NULL,
  `LBLHEIGHT` varchar(100) COLLATE utf8_bin DEFAULT NULL,
  `LBLALIGN` varchar(20) COLLATE utf8_bin NOT NULL DEFAULT 'LEFT',
  `OBJWIDTH` varchar(100) COLLATE utf8_bin DEFAULT NULL,
  `OBJHEIGHT` varchar(100) COLLATE utf8_bin DEFAULT NULL,
  `OBJALIGN` varchar(20) COLLATE utf8_bin DEFAULT 'LEFT',
  `FNGRIDINIT` varchar(500) COLLATE utf8_bin DEFAULT NULL,
  `FNGRIDNMSEARCH` varchar(500) COLLATE utf8_bin DEFAULT NULL,
  `FNGRIDPOPSEARCH` varchar(500) COLLATE utf8_bin DEFAULT NULL,
  `FNFORMINIT` varchar(500) COLLATE utf8_bin DEFAULT NULL,
  `FNFORMNMSEARCH` varchar(500) COLLATE utf8_bin DEFAULT NULL,
  `FNFORMPOPSEARCH` varchar(500) COLLATE utf8_bin DEFAULT NULL,
  `COLFORMAT` varchar(255) COLLATE utf8_bin DEFAULT NULL,
  `VALIDMIN` varchar(100) COLLATE utf8_bin DEFAULT NULL,
  `VALIDMAX` varchar(100) COLLATE utf8_bin DEFAULT NULL,
  `REFCOLID` varchar(100) COLLATE utf8_bin DEFAULT NULL,
  `CRYPTCD` varchar(10) COLLATE utf8_bin NOT NULL DEFAULT 'NONE',
  `VALIDSEQ` int(11) DEFAULT NULL,
  `PIYN` varchar(1) COLLATE utf8_bin NOT NULL DEFAULT 'N' COMMENT '개인정보유무',
  `STOREID` varchar(20) COLLATE utf8_bin NOT NULL DEFAULT '',
  `ADDDT` varchar(14) COLLATE utf8_bin NOT NULL,
  `ADDID` int(11) NOT NULL,
  `MODDT` varchar(14) COLLATE utf8_bin DEFAULT NULL,
  `MODID` int(11) DEFAULT NULL
) ENGINE=InnoDB DEFAULT CHARSET=utf8 COLLATE=utf8_bin;

-- --------------------------------------------------------

--
-- 테이블 구조 `CG_DDOBJ`
--

CREATE TABLE `CG_DDOBJ` (
  `DDOBJSEQ` int(11) NOT NULL,
  `DDSEQ` int(11) NOT NULL,
  `GRPTYPE` varchar(20) NOT NULL,
  `OBJTYPE` varchar(30) NOT NULL,
  `LBLALIGN` varchar(20) NOT NULL DEFAULT '',
  `LBLWIDTH` varchar(30) NOT NULL DEFAULT '',
  `OBJALIGN` varchar(20) NOT NULL DEFAULT '',
  `OBJHEIGHT` varchar(20) DEFAULT '',
  `OBJWIDTH` varchar(20) NOT NULL DEFAULT '',
  `FNINIT` varchar(200) DEFAULT '',
  `ADDDT` varchar(14) NOT NULL,
  `ADDID` int(11) NOT NULL,
  `MODDT` varchar(14) DEFAULT NULL,
  `MODID` int(11) DEFAULT NULL
) ENGINE=InnoDB DEFAULT CHARSET=utf8;

-- --------------------------------------------------------

--
-- 테이블 구조 `CG_ICONMNG`
--

CREATE TABLE `CG_ICONMNG` (
  `ICONSEQ` int(11) NOT NULL,
  `IMGNM` varchar(100) NOT NULL,
  `IMGSVRNM` varchar(100) NOT NULL,
  `IMGSIZE` int(11) NOT NULL,
  `IMGHASH` varchar(100) DEFAULT NULL,
  `IMGTYPE` int(11) DEFAULT NULL,
  `ADDDT` varchar(14) NOT NULL
) ENGINE=InnoDB DEFAULT CHARSET=utf8;

-- --------------------------------------------------------

--
-- 테이블 구조 `CG_MONOLOG`
--

CREATE TABLE `CG_MONOLOG` (
  `LOGSEQ` int(11) NOT NULL,
  `URL` varchar(300) DEFAULT NULL,
  `SESSIONID` varchar(50) DEFAULT NULL,
  `REQTOKEN` varchar(50) DEFAULT NULL,
  `RESTOKEN` varchar(50) DEFAULT NULL,
  `USERID` varchar(50) DEFAULT NULL,
  `USERSEQ` int(11) DEFAULT NULL,
  `LISTNM` varchar(30) DEFAULT NULL,
  `LOGLEVEL` varchar(20) DEFAULT NULL,
  `LOGDT` varchar(50) DEFAULT NULL,
  `LOGMSG` varchar(4000) DEFAULT NULL,
  `CHANNEL` varchar(30) DEFAULT NULL,
  `ADDDT` varchar(14) NOT NULL
) ENGINE=InnoDB DEFAULT CHARSET=utf8;

-- --------------------------------------------------------

--
-- 테이블 구조 `CG_PGMEVT`
--

CREATE TABLE `CG_PGMEVT` (
  `PJTSEQ` int(11) NOT NULL,
  `PGMSEQ` int(11) NOT NULL,
  `GRPSEQ` int(11) NOT NULL,
  `EVTSEQ` int(11) NOT NULL,
  `EVTCD` varchar(50) NOT NULL,
  `EVTNM` varchar(200) NOT NULL,
  `EVTORD` int(11) NOT NULL,
  `EVTSRC` varchar(1000) NOT NULL,
  `USEYN` varchar(1) NOT NULL DEFAULT 'Y',
  `ADDID` int(11) NOT NULL,
  `ADDDT` varchar(14) NOT NULL,
  `MODID` int(11) DEFAULT NULL,
  `MODDT` varchar(14) DEFAULT NULL
) ENGINE=InnoDB DEFAULT CHARSET=utf8;

-- --------------------------------------------------------

--
-- 테이블 구조 `CG_PGMFNC`
--

CREATE TABLE `CG_PGMFNC` (
  `PJTSEQ` int(11) NOT NULL,
  `PGMSEQ` int(11) NOT NULL,
  `GRPSEQ` int(11) NOT NULL,
  `FNCSEQ` int(11) NOT NULL,
  `FNCID` varchar(100) COLLATE utf8_bin NOT NULL,
  `FNCCD` varchar(30) COLLATE utf8_bin NOT NULL,
  `FNCNM` varchar(100) COLLATE utf8_bin DEFAULT NULL,
  `FNCTYPE` varchar(30) COLLATE utf8_bin NOT NULL,
  `FNCORD` int(11) NOT NULL DEFAULT '0',
  `USEYN` varchar(1) COLLATE utf8_bin DEFAULT 'Y',
  `USERDEFJS` varchar(2000) COLLATE utf8_bin DEFAULT NULL,
  `ADDDT` varchar(14) COLLATE utf8_bin NOT NULL,
  `MODDT` varchar(14) COLLATE utf8_bin DEFAULT NULL,
  `ADDID` int(11) NOT NULL DEFAULT '0',
  `MODID` int(11) DEFAULT NULL
) ENGINE=InnoDB DEFAULT CHARSET=utf8 COLLATE=utf8_bin;

--
-- 테이블의 덤프 데이터 `CG_PGMFNC`
--

INSERT INTO `CG_PGMFNC` (`PJTSEQ`, `PGMSEQ`, `GRPSEQ`, `FNCSEQ`, `FNCID`, `FNCCD`, `FNCNM`, `FNCTYPE`, `FNCORD`, `USEYN`, `USERDEFJS`, `ADDDT`, `MODDT`, `ADDID`, `MODID`) VALUES
(38, 3, 5, 23, 'SEARCHALL', 'SEARCHALL', '조회(전체)', 'R', 0, 'Y', '', '20210724220709', NULL, 0, NULL),
(38, 3, 5, 24, 'SAVE', 'SAVE', '저장', 'CUD\n', 0, 'Y', '', '20210724220709', NULL, 0, NULL),
(38, 3, 5, 25, 'RESET', 'RESET', '입력 초기화', '', 0, 'Y', '', '20210724220709', NULL, 0, NULL),
(38, 3, 6, 26, 'SEARCH', 'SEARCH', '조회', 'R', 0, 'Y', '', '20210724220709', NULL, 0, NULL),
(38, 3, 6, 27, 'SAVE', 'SAVE', '저장', 'CUD', 0, 'Y', '', '20210724220709', NULL, 0, NULL),
(38, 3, 6, 28, 'ROWDELETE', 'ROWDELETE', '행삭제', '', 0, 'Y', '', '20210724220709', NULL, 0, NULL),
(38, 3, 6, 29, 'ROWBULKADD', 'ROWBULKADD', '행대량추가', '', 0, 'Y', '', '20210724220709', NULL, 0, NULL),
(38, 3, 6, 30, 'ROWADD', 'ROWADD', '행추가', '', 0, 'Y', '', '20210724220709', NULL, 0, NULL),
(38, 3, 6, 31, 'RELOAD', 'RELOAD', '새로고침', '', 0, 'Y', '', '20210724220709', NULL, 0, NULL),
(38, 3, 6, 32, 'HIDDENCOL', 'HIDDENCOL', '숨김필드보기', '', 0, 'Y', '', '20210724220709', NULL, 0, NULL),
(38, 3, 6, 33, 'EXCEL', 'EXCEL', '엑셀다운로드', 'R', 0, 'Y', '', '20210724220709', NULL, 0, NULL),
(38, 4, 7, 34, 'SEARCHALL', 'SEARCHALL', '조회(전체)', 'R', 0, 'Y', '', '20210726205356', NULL, 0, NULL),
(38, 4, 7, 35, 'SAVE', 'SAVE', '저장', 'CUD\n', 0, 'Y', '', '20210726205356', NULL, 0, NULL),
(38, 4, 7, 36, 'RESET', 'RESET', '입력 초기화', '', 0, 'Y', '', '20210726205356', NULL, 0, NULL),
(38, 4, 8, 37, 'SEARCH', 'SEARCH', '조회', 'R', 0, 'Y', '', '20210726205356', NULL, 0, NULL),
(38, 4, 8, 38, 'SAVE', 'SAVE', '저장', 'CUD', 0, 'Y', '', '20210726205356', NULL, 0, NULL),
(38, 4, 8, 39, 'ROWDELETE', 'ROWDELETE', '-', '', 0, 'Y', '', '20210726205356', NULL, 0, NULL),
(38, 4, 8, 40, 'ROWBULKADD', 'ROWBULKADD', '++', '', 0, 'Y', '', '20210726205356', NULL, 0, NULL),
(38, 4, 8, 41, 'ROWADD', 'ROWADD', '+', '', 0, 'Y', '', '20210726205356', NULL, 0, NULL),
(38, 4, 8, 42, 'RELOAD', 'RELOAD', 'R', '', 0, 'Y', '', '20210726205356', NULL, 0, NULL),
(38, 4, 8, 43, 'HIDDENCOL', 'HIDDENCOL', 'v', '', 0, 'Y', '', '20210726205356', NULL, 0, NULL),
(38, 4, 8, 44, 'EXCEL', 'EXCEL', '엑셀다운로드', 'R', 0, 'Y', '', '20210726205356', NULL, 0, NULL),
(38, 4, 8, 45, 'CHKSAVE', 'CHKSAVE', '선택저장', 'CHK', 0, 'Y', '', '20210726205356', NULL, 0, NULL),
(38, 4, 9, 46, 'SEARCH', 'SEARCH', '조회', 'R', 0, 'Y', '', '20210726205356', NULL, 0, NULL),
(38, 4, 9, 47, 'SAVE', 'SAVE', '저장', 'CUD', 0, 'Y', '', '20210726205356', NULL, 0, NULL),
(38, 4, 9, 48, 'ROWDELETE', 'ROWDELETE', '행삭제', '', 0, 'Y', '', '20210726205356', NULL, 0, NULL),
(38, 4, 9, 49, 'ROWBULKADD', 'ROWBULKADD', '행대량추가', '', 0, 'Y', '', '20210726205356', NULL, 0, NULL),
(38, 4, 9, 50, 'ROWADD', 'ROWADD', '행추가', '', 0, 'Y', '', '20210726205356', NULL, 0, NULL),
(38, 4, 9, 51, 'RELOAD', 'RELOAD', '새로고침', '', 0, 'Y', '', '20210726205356', NULL, 0, NULL),
(38, 4, 9, 52, 'HIDDENCOL', 'HIDDENCOL', '숨김필드보기', '', 0, 'Y', '', '20210726205357', NULL, 0, NULL),
(38, 4, 9, 53, 'EXCEL', 'EXCEL', '엑셀다운로드', 'R', 0, 'Y', '', '20210726205357', NULL, 0, NULL),
(38, 4, 9, 54, 'CHKSAVE', 'CHKSAVE', '선택저장', 'CHK', 0, 'Y', '', '20210726205357', NULL, 0, NULL),
(38, 5, 10, 55, 'sCodeD', 'SEARCHALL', '조회(전체)', 'R', 10, 'Y', '', '20210726205415', NULL, 0, NULL),
(38, 5, 10, 56, 'RESET', 'RESET', '입력 초기화', '', 10, 'Y', '', '20210726205415', NULL, 0, NULL),
(38, 5, 11, 57, 'SEARCH', 'SEARCH', '조회', 'R', 8, 'Y', '', '20210726205415', NULL, 0, NULL),
(38, 5, 11, 58, 'RELOAD', 'RELOAD', '새로고침', '', 10, 'Y', '', '20210726205415', NULL, 0, NULL),
(38, 5, 12, 59, 'SEARCH', 'SEARCH', '조회', 'R', 10, 'Y', '', '20210726205415', NULL, 0, NULL),
(38, 5, 12, 60, 'RELOAD', 'RELOAD', '새로고침', '', 10, 'Y', '', '20210726205415', NULL, 0, NULL),
(38, 6, 13, 61, 'SEARCHALL', 'SEARCHALL', '조회(전체)', '', 0, 'Y', NULL, '20210726205442', NULL, 0, NULL),
(38, 6, 13, 62, 'SAVE', 'SAVE', '저장', '', 0, 'Y', NULL, '20210726205442', NULL, 0, NULL),
(38, 6, 13, 63, 'RESET', 'RESET', '입력 초기화', '', 0, 'Y', NULL, '20210726205442', NULL, 0, NULL),
(38, 6, 14, 64, 'USERDEF', 'SAVE', '비번변경', 'CUD', 0, 'Y', NULL, '20210726205442', NULL, 0, NULL),
(38, 6, 14, 65, 'SEARCH', 'SEARCH', '조회', 'R', 0, 'Y', NULL, '20210726205442', NULL, 0, NULL),
(38, 6, 14, 66, 'SAVE', 'SAVE', 'S', 'CUD', 0, 'Y', NULL, '20210726205442', NULL, 0, NULL),
(38, 6, 14, 67, 'ROWDELETE', 'ROWDELETE', '-', '', 0, 'Y', NULL, '20210726205442', NULL, 0, NULL),
(38, 6, 14, 68, 'ROWADD', 'ROWADD', '+', '', 0, 'Y', NULL, '20210726205442', NULL, 0, NULL),
(38, 6, 14, 69, 'RELOAD', 'RELOAD', 'R', '', 0, 'Y', NULL, '20210726205442', NULL, 0, NULL),
(38, 6, 14, 70, 'HIDDENCOL', 'HIDDENCOL', 'V', '', 0, 'Y', NULL, '20210726205442', NULL, 0, NULL),
(38, 6, 14, 71, 'EXCEL', 'EXCEL', 'E', 'R', 0, 'Y', NULL, '20210726205442', NULL, 0, NULL),
(38, 6, 14, 72, 'CHKSAVE', 'CHKSAVE', '선택 잠금하제', 'CHK', 0, 'Y', '', '20210726205442', NULL, 0, NULL),
(38, 6, 15, 73, 'SEARCH', 'SEARCH', '조회', 'R', 10, 'Y', '', '20210726205443', NULL, 0, NULL),
(38, 6, 15, 74, 'RELOAD', 'RELOAD', '새로고침', '', 10, 'Y', '', '20210726205443', NULL, 0, NULL),
(38, 6, 16, 75, 'SEARCH', 'SEARCH', '조회', 'R', 10, 'Y', '', '20210726205443', NULL, 0, NULL),
(38, 6, 16, 76, 'SAVE', 'SAVE', '저장', 'CUD', 10, 'Y', '', '20210726205443', NULL, 0, NULL),
(38, 6, 16, 77, 'ROWDELETE', 'ROWDELETE', '행삭제', '', 10, 'Y', '', '20210726205443', NULL, 0, NULL),
(38, 6, 16, 78, 'ROWADD', 'ROWADD', '행추가', '', 10, 'Y', '', '20210726205443', NULL, 0, NULL),
(38, 6, 16, 79, 'RELOAD', 'RELOAD', '새로고침', '', 10, 'Y', '', '20210726205443', NULL, 0, NULL),
(38, 7, 17, 80, 'SEARCHALL', 'SEARCHALL', '조회(전체)', 'R', 0, 'Y', '', '20210726205506', NULL, 0, NULL),
(38, 7, 17, 81, 'SAVE', 'SAVE', '저장', 'CUD\n', 0, 'Y', '', '20210726205506', NULL, 0, NULL),
(38, 7, 17, 82, 'RESET', 'RESET', '입력 초기화', '', 0, 'Y', '', '20210726205506', NULL, 0, NULL),
(38, 7, 18, 83, 'SEARCH', 'SEARCH', '조회', 'R', 0, 'Y', '', '20210726205506', NULL, 0, NULL),
(38, 7, 18, 84, 'SAVE', 'SAVE', 'S', 'CUD', 0, 'Y', '', '20210726205506', NULL, 0, NULL),
(38, 7, 18, 85, 'ROWDELETE', 'ROWDELETE', '-', '', 0, 'Y', '', '20210726205506', NULL, 0, NULL),
(38, 7, 18, 86, 'ROWADD', 'ROWADD', '+', '', 0, 'Y', '', '20210726205506', NULL, 0, NULL),
(38, 7, 18, 87, 'RELOAD', 'RELOAD', 'R', '', 0, 'Y', '', '20210726205506', NULL, 0, NULL),
(38, 7, 18, 88, 'HIDDENCOL', 'HIDDENCOL', 'V', '', 0, 'Y', '', '20210726205506', NULL, 0, NULL),
(38, 7, 19, 89, 'SEARCH', 'SEARCH', '조회', 'R', 0, 'Y', '', '20210726205506', NULL, 0, NULL),
(38, 7, 19, 90, 'ROWDELETE', 'ROWDELETE', '-', '', 0, 'Y', '', '20210726205507', NULL, 0, NULL),
(38, 7, 19, 91, 'ROWADD', 'ROWADD', '+', '', 0, 'Y', '', '20210726205507', NULL, 0, NULL),
(38, 7, 19, 92, 'RELOAD', 'RELOAD', 'R', '', 0, 'Y', '', '20210726205507', NULL, 0, NULL),
(38, 7, 19, 93, 'HIDDENCOL', 'HIDDENCOL', 'V', '', 0, 'Y', '', '20210726205507', NULL, 0, NULL),
(38, 7, 19, 94, 'CHKDEL', 'CHKDEL', '선택 삭제', 'CHK', 1, 'Y', '', '20210726205507', NULL, 0, NULL),
(38, 7, 20, 95, 'SEARCH', 'SEARCH', '조회', 'R', 0, 'Y', '', '20210726205507', NULL, 0, NULL),
(38, 7, 20, 96, 'ROWDELETE', 'ROWDELETE', '-', '', 0, 'Y', '', '20210726205507', NULL, 0, NULL),
(38, 7, 20, 97, 'ROWADD', 'ROWADD', '+', '', 0, 'Y', '', '20210726205507', NULL, 0, NULL),
(38, 7, 20, 98, 'RELOAD', 'RELOAD', 'R', '', 0, 'Y', '', '20210726205507', NULL, 0, NULL),
(38, 7, 20, 99, 'HIDDENCOL', 'HIDDENCOL', 'V', '', 0, 'Y', '', '20210726205507', NULL, 0, NULL),
(38, 7, 20, 100, 'CHKSAVE', 'CHKSAVE', '선택 추가', 'CHK', 0, 'Y', '', '20210726205507', NULL, 0, NULL),
(38, 8, 21, 101, 'SEARCHALL', 'SEARCHALL', '조회(전체)', 'R', 0, 'Y', '', '20210726205526', NULL, 0, NULL),
(38, 8, 21, 102, 'SAVE', 'SAVE', '저장', 'CUD\n', 0, 'Y', '', '20210726205526', NULL, 0, NULL),
(38, 8, 21, 103, 'RESET', 'RESET', '입력 초기화', '', 0, 'Y', '', '20210726205526', NULL, 0, NULL),
(38, 8, 22, 104, 'SEARCH', 'SEARCH', '조회', 'R', 0, 'Y', '', '20210726205526', NULL, 0, NULL),
(38, 8, 22, 105, 'RELOAD', 'RELOAD', 'R', '', 0, 'Y', '', '20210726205527', NULL, 0, NULL),
(38, 8, 22, 106, 'HIDDENCOL', 'HIDDENCOL', 'V', '', 0, 'Y', '', '20210726205527', NULL, 0, NULL),
(38, 8, 23, 107, 'SEARCH', 'SEARCH', '조회', 'R', 0, 'Y', '', '20210726205527', NULL, 0, NULL),
(38, 8, 23, 108, 'RELOAD', 'RELOAD', 'R', '', 0, 'Y', '', '20210726205527', NULL, 0, NULL),
(38, 8, 23, 109, 'HIDDENCOL', 'HIDDENCOL', 'V', '', 0, 'Y', '', '20210726205527', NULL, 0, NULL),
(38, 8, 23, 110, 'CHKDEL', 'CHKDEL', '선택 삭제', 'CHK', 0, 'Y', '', '20210726205527', NULL, 0, NULL),
(38, 8, 24, 111, 'SEARCH', 'SEARCH', '조회', 'R', 0, 'Y', '', '20210726205527', NULL, 0, NULL),
(38, 8, 24, 112, 'RELOAD', 'RELOAD', 'R', '', 0, 'Y', '', '20210726205527', NULL, 0, NULL),
(38, 8, 24, 113, 'HIDDENCOL', 'HIDDENCOL', 'V', '', 0, 'Y', '', '20210726205527', NULL, 0, NULL),
(38, 8, 24, 114, 'CHKSAVE', 'CHKSAVE', '선택 추가', 'CHK', 0, 'Y', '', '20210726205527', NULL, 0, NULL),
(38, 9, 25, 115, 'SEARCHALL', 'SEARCHALL', '조회(전체)', 'R', 0, 'Y', '', '20210726205546', NULL, 0, NULL),
(38, 9, 25, 116, 'SAVE', 'SAVE', '저장', 'CUD\n', 0, 'Y', '', '20210726205546', NULL, 0, NULL),
(38, 9, 25, 117, 'RESET', 'RESET', '입력 초기화', '', 0, 'Y', '', '20210726205546', NULL, 0, NULL),
(38, 9, 26, 118, 'SEARCH', 'SEARCH', '조회', 'R', 0, 'Y', '', '20210726205546', NULL, 0, NULL),
(38, 9, 26, 119, 'SAVE', 'SAVE', '저장', 'CUD', 0, 'Y', '', '20210726205546', NULL, 0, NULL),
(38, 9, 26, 120, 'ROWDELETE', 'ROWDELETE', '행삭제', '', 0, 'Y', '', '20210726205546', NULL, 0, NULL),
(38, 9, 26, 121, 'ROWADD', 'ROWADD', '행추가', '', 0, 'Y', '', '20210726205546', NULL, 0, NULL),
(38, 9, 26, 122, 'RELOAD', 'RELOAD', '새로고침', '', 0, 'Y', '', '20210726205546', NULL, 0, NULL),
(38, 9, 26, 123, 'HIDDENCOL', 'HIDDENCOL', '숨김필드보기', '', 0, 'Y', '', '20210726205546', NULL, 0, NULL),
(38, 9, 26, 124, 'EXCEL', 'EXCEL', '엑셀다운로드', 'R', 0, 'Y', '', '20210726205546', NULL, 0, NULL),
(38, 9, 26, 125, 'CHKSAVE', 'CHKSAVE', '선택저장', 'CHK', 0, 'Y', '', '20210726205546', NULL, 0, NULL),
(38, 9, 27, 126, 'SEARCH', 'SEARCH', '조회', 'R', 0, 'Y', '', '20210726205546', NULL, 0, NULL),
(38, 9, 27, 127, 'SAVE', 'SAVE', '저장', 'CU', 0, 'Y', '', '20210726205546', NULL, 0, NULL),
(38, 9, 27, 128, 'RELOAD', 'RELOAD', '새로고침', '', 0, 'Y', '', '20210726205546', NULL, 0, NULL),
(38, 9, 27, 129, 'NEW', 'NEW', '신규', '', 0, 'Y', '', '20210726205546', NULL, 0, NULL),
(38, 9, 27, 130, 'MODIFY', 'MODIFY', '수정', '', 0, 'Y', '', '20210726205546', NULL, 0, NULL),
(38, 9, 27, 131, 'DELETE', 'DELETE', '삭제', 'D', 0, 'Y', '', '20210726205546', NULL, 0, NULL),
(38, 10, 28, 132, 'SEARCHALL', 'SEARCHALL', '조회(전체)', 'R', 0, 'Y', '', '20210726205607', NULL, 0, NULL),
(38, 10, 28, 133, 'SAVE', 'SAVE', '저장', 'CUD\n', 0, 'Y', '', '20210726205607', NULL, 0, NULL),
(38, 10, 28, 134, 'RESET', 'RESET', '입력 초기화', '', 0, 'Y', '', '20210726205607', NULL, 0, NULL),
(38, 10, 29, 135, 'SEARCH', 'SEARCH', '조회', 'R', 0, 'Y', '', '20210726205607', NULL, 0, NULL),
(38, 10, 29, 136, 'SAVE', 'SAVE', 'S', 'CUD', 0, 'Y', '', '20210726205607', NULL, 0, NULL),
(38, 10, 29, 137, 'ROWDELETE', 'ROWDELETE', '-', '', 0, 'Y', '', '20210726205607', NULL, 0, NULL),
(38, 10, 29, 138, 'ROWADD', 'ROWADD', '+', '', 0, 'Y', '', '20210726205607', NULL, 0, NULL),
(38, 10, 29, 139, 'RELOAD', 'RELOAD', 'R', '', 0, 'Y', '', '20210726205607', NULL, 0, NULL),
(38, 10, 29, 140, 'CHKDEL', 'CHKDEL', '선택삭제', 'CHK', 0, 'Y', '', '20210726205607', NULL, 0, NULL),
(38, 10, 30, 141, 'SEARCH', 'SEARCH', '조회', 'R', 10, 'Y', '', '20210726205608', NULL, 0, NULL),
(38, 10, 30, 142, 'SAVE', 'SAVE', '저장', 'CUD', 10, 'Y', '', '20210726205608', NULL, 0, NULL),
(38, 10, 30, 143, 'ROWDELETE', 'ROWDELETE', '행삭제', '', 10, 'Y', '', '20210726205608', NULL, 0, NULL),
(38, 10, 30, 144, 'ROWADD', 'ROWADD', '행추가', '', 10, 'Y', '', '20210726205608', NULL, 0, NULL),
(38, 10, 30, 145, 'RELOAD', 'RELOAD', '새로고침', '', 10, 'Y', '', '20210726205608', NULL, 0, NULL),
(38, 10, 30, 146, 'CHKDEL', 'CHKDEL', '선택 삭제', 'D', 10, 'Y', '', '20210726205608', NULL, 0, NULL),
(38, 11, 31, 147, 'SEARCHALL', 'SEARCHALL', '조회(전체)', 'R', 10, 'Y', '', '20210726205627', NULL, 0, NULL),
(38, 11, 31, 148, 'RESET', 'RESET', '입력 초기화', '', 10, 'Y', '', '20210726205627', NULL, 0, NULL),
(38, 11, 32, 149, 'SEARCH', 'SEARCH', '조회', 'R', 10, 'Y', '', '20210726205627', NULL, 0, NULL),
(38, 11, 32, 150, 'SAVE', 'SAVE', '저장', 'CUD', 10, 'Y', '', '20210726205627', NULL, 0, NULL),
(38, 11, 32, 151, 'ROWDELETE', 'ROWDELETE', '행삭제', '', 10, 'Y', '', '20210726205627', NULL, 0, NULL),
(38, 11, 32, 152, 'ROWADD', 'ROWADD', '행추가', '', 10, 'Y', '', '20210726205627', NULL, 0, NULL),
(38, 11, 32, 153, 'RELOAD', 'RELOAD', '새로고침', '', 10, 'Y', '', '20210726205628', NULL, 0, NULL),
(38, 11, 33, 154, 'SEARCH', 'SEARCH', '조회', 'R', 10, 'Y', '', '20210726205628', NULL, 0, NULL),
(38, 11, 33, 155, 'SAVE', 'SAVE', '저장', 'CUD', 10, 'Y', '', '20210726205628', NULL, 0, NULL),
(38, 11, 33, 156, 'ROWDELETE', 'ROWDELETE', '행삭제', '', 10, 'Y', '', '20210726205628', NULL, 0, NULL),
(38, 11, 33, 157, 'ROWADD', 'ROWADD', '행추가', '', 10, 'Y', '', '20210726205628', NULL, 0, NULL),
(38, 11, 33, 158, 'RELOAD', 'RELOAD', '새로고침', '', 10, 'Y', '', '20210726205628', NULL, 0, NULL),
(38, 11, 34, 159, 'SEARCH', 'SEARCH', '조회', 'R', 10, 'Y', '', '20210726205628', NULL, 0, NULL),
(38, 11, 34, 160, 'ROWADD', 'ROWADD', '행추가', '', 10, 'Y', '', '20210726205628', NULL, 0, NULL),
(38, 11, 34, 161, 'CHKSAVE1', 'CHKSAVE', '선택 MNU1에 저장', 'CUD', 10, 'Y', '', '20210726205628', NULL, 0, NULL),
(38, 11, 34, 162, 'CHKSAVE2', 'CHKSAVE', '선택 MNU2에 저장', 'CUD', 10, 'Y', '', '20210726205628', NULL, 0, NULL),
(38, 12, 37, 163, 'SEARCHALL', 'SEARCHALL', '조회(전체)', 'R', 0, 'Y', '', '20210726205650', NULL, 0, NULL),
(38, 12, 37, 164, 'SAVE', 'SAVE', '저장', 'CUD\n', 0, 'Y', '', '20210726205650', NULL, 0, NULL),
(38, 12, 37, 165, 'RESET', 'RESET', '입력 초기화', '', 0, 'Y', '', '20210726205650', NULL, 0, NULL),
(38, 12, 38, 166, 'SEARCH', 'SEARCH', '조회', 'R', 0, 'Y', '', '20210726205650', NULL, 0, NULL),
(38, 12, 38, 167, 'RELOAD', 'RELOAD', '새로고침', '', 0, 'Y', '', '20210726205650', NULL, 0, NULL),
(38, 12, 38, 168, 'HIDDENCOL', 'HIDDENCOL', '숨김필드보기', '', 0, 'Y', '', '20210726205650', NULL, 0, NULL),
(38, 12, 38, 169, 'EXCEL', 'EXCEL', '엑셀다운로드', 'R', 0, 'Y', '', '20210726205650', NULL, 0, NULL),
(38, 12, 39, 170, 'SEARCH', 'SEARCH', '조회', 'R', 0, 'Y', '', '20210726205651', NULL, 0, NULL),
(38, 12, 39, 171, 'RELOAD', 'RELOAD', '새로고침', '', 0, 'Y', '', '20210726205651', NULL, 0, NULL),
(38, 12, 39, 172, 'HIDDENCOL', 'HIDDENCOL', '숨김필드보기', '', 0, 'Y', '', '20210726205651', NULL, 0, NULL),
(38, 12, 39, 173, 'EXCEL', 'EXCEL', '엑셀다운로드', 'R', 0, 'Y', '', '20210726205651', NULL, 0, NULL),
(38, 12, 40, 174, 'SEARCH', 'SEARCH', '조회', 'R', 0, 'Y', '', '20210726205651', NULL, 0, NULL),
(38, 12, 40, 175, 'RELOAD', 'RELOAD', '새로고침', '', 0, 'Y', '', '20210726205651', NULL, 0, NULL),
(38, 12, 40, 176, 'HIDDENCOL', 'HIDDENCOL', '숨김필드보기', '', 0, 'Y', '', '20210726205651', NULL, 0, NULL),
(38, 12, 40, 177, 'EXCEL', 'EXCEL', '엑셀다운로드', 'R', 0, 'Y', '', '20210726205651', NULL, 0, NULL),
(38, 13, 41, 178, 'SEARCHALL', 'SEARCHALL', '조회(전체)', 'R', 0, 'Y', '', '20210726205708', NULL, 0, NULL),
(38, 13, 41, 179, 'SAVE', 'SAVE', '저장', 'CUD\n', 0, 'Y', '', '20210726205708', NULL, 0, NULL),
(38, 13, 41, 180, 'RESET', 'RESET', '입력 초기화', '', 0, 'Y', '', '20210726205708', NULL, 0, NULL),
(38, 13, 42, 181, 'SEARCH', 'SEARCH', '조회', 'R', 0, 'Y', '', '20210726205708', NULL, 0, NULL),
(38, 13, 42, 182, 'SAVE', 'SAVE', '저장', 'CUD', 0, 'Y', '', '20210726205708', NULL, 0, NULL),
(38, 13, 42, 183, 'ROWDELETE', 'ROWDELETE', '행삭제', '', 0, 'Y', '', '20210726205708', NULL, 0, NULL),
(38, 13, 42, 184, 'ROWADD', 'ROWADD', '행추가', '', 0, 'Y', '', '20210726205708', NULL, 0, NULL),
(38, 13, 42, 185, 'RELOAD', 'RELOAD', '새로고침', '', 0, 'Y', '', '20210726205708', NULL, 0, NULL),
(38, 13, 42, 186, 'HIDDENCOL', 'HIDDENCOL', '숨김필드보기', '', 0, 'Y', '', '20210726205708', NULL, 0, NULL),
(38, 13, 42, 187, 'EXCEL', 'EXCEL', '엑셀다운로드', 'R', 0, 'Y', '', '20210726205708', NULL, 0, NULL),
(38, 13, 42, 188, 'CHKSAVE', 'CHKSAVE', '선택저장', 'CHK', 0, 'Y', '', '20210726205708', NULL, 0, NULL),
(38, 13, 43, 189, 'SEARCH', 'SEARCH', '조회', 'R', 0, 'Y', '', '20210726205708', NULL, 0, NULL),
(38, 13, 43, 190, 'RELOAD', 'RELOAD', '새로고침', '', 0, 'Y', '', '20210726205708', NULL, 0, NULL),
(38, 13, 43, 191, 'CHKSAVE', 'CHKSAVE', '선택 추가', 'U', 0, 'Y', '', '20210726205708', NULL, 0, NULL),
(38, 14, 44, 192, 'SEARCHALL', 'SEARCHALL', '조회(전체)', 'R', 0, 'Y', '', '20210726205725', NULL, 0, NULL),
(38, 14, 44, 193, 'SAVE', 'SAVE', '저장', 'CUD\n', 0, 'Y', '', '20210726205725', NULL, 0, NULL),
(38, 14, 44, 194, 'RESET', 'RESET', '입력 초기화', '', 0, 'Y', '', '20210726205725', NULL, 0, NULL),
(38, 14, 45, 195, 'SEARCH', 'SEARCH', '조회', 'R', 0, 'Y', '', '20210726205725', NULL, 0, NULL),
(38, 14, 45, 196, 'RELOAD', 'RELOAD', 'R', '', 0, 'Y', '', '20210726205725', NULL, 0, NULL),
(38, 14, 45, 197, 'HIDDENCOL', 'HIDDENCOL', 'V', '', 0, 'Y', '', '20210726205725', NULL, 0, NULL),
(38, 14, 46, 198, 'SEARCH', 'SEARCH', '조회', 'R', 0, 'Y', '', '20210726205725', NULL, 0, NULL),
(38, 14, 46, 199, 'RELOAD', 'RELOAD', 'R', '', 0, 'Y', '', '20210726205725', NULL, 0, NULL),
(38, 14, 46, 200, 'HIDDENCOL', 'HIDDENCOL', 'V', '', 0, 'Y', '', '20210726205725', NULL, 0, NULL),
(38, 14, 46, 201, 'CHKDEL', 'CHKDEL', '선택 삭제', 'CHK', 0, 'Y', '', '20210726205725', NULL, 0, NULL),
(38, 14, 47, 202, 'SEARCH', 'SEARCH', '조회', 'R', 0, 'Y', '', '20210726205725', NULL, 0, NULL),
(38, 14, 47, 203, 'RELOAD', 'RELOAD', 'R', '', 0, 'Y', '', '20210726205725', NULL, 0, NULL),
(38, 14, 47, 204, 'HIDDENCOL', 'HIDDENCOL', 'V', '', 0, 'Y', '', '20210726205725', NULL, 0, NULL),
(38, 14, 47, 205, 'CHKSAVE', 'CHKSAVE', '선택 추가', 'CHK', 0, 'Y', '', '20210726205725', NULL, 0, NULL),
(38, 15, 48, 206, 'SEARCHALL', 'SEARCHALL', '조회(전체)', 'R', 0, 'Y', '', '20210726205742', NULL, 0, NULL),
(38, 15, 48, 207, 'SAVE', 'SAVE', '저장', 'CUD\n', 0, 'Y', '', '20210726205742', NULL, 0, NULL),
(38, 15, 48, 208, 'RESET', 'RESET', '입력 초기화', '', 0, 'Y', '', '20210726205742', NULL, 0, NULL),
(38, 15, 49, 209, 'SEARCH', 'SEARCH', '조회', 'R', 0, 'Y', '', '20210726205743', NULL, 0, NULL),
(38, 15, 49, 210, 'RELOAD', 'RELOAD', 'R', '', 0, 'Y', '', '20210726205743', NULL, 0, NULL),
(38, 15, 49, 211, 'HIDDENCOL', 'HIDDENCOL', 'V', '', 0, 'Y', '', '20210726205743', NULL, 0, NULL),
(38, 15, 49, 212, 'CHKDEL', 'CHKDEL', '선택 삭제', 'CHK', 0, 'Y', '', '20210726205743', NULL, 0, NULL),
(38, 15, 49, 213, 'EXL', 'EXCELIMPORT', 'ExLoad', '', 1, 'N', '', '20210726205743', NULL, 0, NULL),
(38, 15, 49, 214, 'EXD', 'EXCEL', 'ExDown', '', 2, 'N', '', '20210726205743', NULL, 0, NULL),
(38, 15, 50, 215, 'SEARCH', 'SEARCH', '조회', 'R', 0, 'Y', '', '20210726205743', NULL, 0, NULL),
(38, 15, 50, 216, 'RELOAD', 'RELOAD', 'R', '', 0, 'Y', '', '20210726205743', NULL, 0, NULL),
(38, 15, 50, 217, 'HIDDENCOL', 'HIDDENCOL', 'V', '', 0, 'Y', '', '20210726205743', NULL, 0, NULL),
(38, 15, 50, 218, 'CHKSAVE', 'CHKSAVE', '선택 추가', 'CHK', 0, 'Y', '', '20210726205743', NULL, 0, NULL),
(38, 16, 51, 219, 'SEARCHALL', 'SEARCHALL', '조회(전체)', 'R', 10, 'Y', '', '20210726205816', NULL, 0, NULL),
(38, 16, 51, 220, 'RESET', 'RESET', '입력 초기화', '', 10, 'Y', '', '20210726205816', NULL, 0, NULL),
(38, 16, 52, 221, 'SEARCH', 'SEARCH', '조회', 'R', 10, 'Y', '', '20210726205817', NULL, 0, NULL),
(38, 16, 52, 222, 'RELOAD', 'RELOAD', '새로고침', '', 10, 'Y', '', '20210726205817', NULL, 0, NULL),
(38, 16, 52, 223, 'EXCEL', 'EXCEL', '엑셀다운로드', '', 10, 'Y', '', '20210726205817', NULL, 0, NULL),
(38, 16, 53, 224, 'SEARCH', 'SEARCH', '조회', 'R', 10, 'Y', '', '20210726205817', NULL, 0, NULL),
(38, 16, 53, 225, 'RELOAD', 'RELOAD', '새로고침', '', 10, 'Y', '', '20210726205817', NULL, 0, NULL),
(38, 17, 54, 226, 'USERDEF', 'USERDEF', '사용자정의', '', 10, 'Y', '', '20210726205835', NULL, 0, NULL),
(38, 17, 54, 227, 'SEARCHALL', 'SEARCHALL', '조회(전체)', 'R', 10, 'Y', '', '20210726205835', NULL, 0, NULL),
(38, 17, 54, 228, 'SAVE', 'SAVE', '저장', 'CUD\n', 10, 'Y', '', '20210726205835', NULL, 0, NULL),
(38, 17, 54, 229, 'RESET', 'RESET', '입력 초기화', '', 10, 'Y', '', '20210726205835', NULL, 0, NULL),
(38, 17, 55, 230, 'USERDEF', 'USERDEF', '사용자정의', '', 10, 'Y', '', '20210726205835', NULL, 0, NULL),
(38, 17, 55, 231, 'SEARCH', 'SEARCH', '조회', 'R', 10, 'Y', '', '20210726205835', NULL, 0, NULL),
(38, 17, 55, 232, 'RELOAD', 'RELOAD', '새로고침', '', 10, 'Y', '', '20210726205835', NULL, 0, NULL),
(38, 17, 56, 233, 'SEARCH', 'SEARCH', '조회', 'R', 10, 'Y', '', '20210726205835', NULL, 0, NULL),
(38, 17, 56, 234, 'RELOAD', 'RELOAD', '새로고침', '', 10, 'Y', '', '20210726205835', NULL, 0, NULL),
(38, 18, 57, 235, 'USERDEF', 'USERDEF', '사용자정의', '', 10, 'Y', '', '20210726205850', NULL, 0, NULL),
(38, 18, 57, 236, 'SEARCHALL', 'SEARCHALL', '조회(전체)', 'R', 10, 'Y', '', '20210726205850', NULL, 0, NULL),
(38, 18, 57, 237, 'SAVE', 'SAVE', '저장', 'CUD\n', 10, 'Y', '', '20210726205850', NULL, 0, NULL),
(38, 18, 57, 238, 'RESET', 'RESET', '입력 초기화', '', 10, 'Y', '', '20210726205850', NULL, 0, NULL),
(38, 18, 58, 239, 'SEARCH', 'SEARCH', '조회', 'R', 10, 'Y', '', '20210726205850', NULL, 0, NULL),
(38, 18, 58, 240, 'SAVE', 'SAVE', '저장', 'CUD', 10, 'Y', '', '20210726205850', NULL, 0, NULL),
(38, 18, 58, 241, 'ROWDELETE', 'ROWDELETE', '행삭제', '', 10, 'Y', '', '20210726205850', NULL, 0, NULL),
(38, 18, 58, 242, 'ROWADD', 'ROWADD', '행추가', '', 10, 'Y', '', '20210726205850', NULL, 0, NULL),
(38, 18, 58, 243, 'RELOAD', 'RELOAD', '새로고침', '', 10, 'Y', '', '20210726205850', NULL, 0, NULL),
(38, 18, 58, 244, 'EDITMODE', 'EDITMODE', '편집모드', '', 10, 'Y', '', '20210726205850', NULL, 0, NULL),
(38, 18, 58, 245, 'CHKSAVE', 'CHKSAVE', '선택저장', '', 10, 'Y', '', '20210726205850', NULL, 0, NULL),
(38, 18, 59, 246, 'SEARCH', 'SEARCH', '조회', 'R', 10, 'Y', '', '20210726205851', NULL, 0, NULL),
(38, 18, 59, 247, 'SAVE', 'SAVE', '저장', 'CU', 10, 'Y', '', '20210726205851', NULL, 0, NULL),
(38, 18, 59, 248, 'RELOAD', 'RELOAD', '새로고침', '', 10, 'Y', '', '20210726205851', NULL, 0, NULL),
(38, 18, 59, 249, 'MODIFY', 'MODIFY', '수정', '', 10, 'Y', '', '20210726205851', NULL, 0, NULL),
(38, 19, 60, 250, 'USERDEF', 'USERDEF', '사용자정의', '', 10, 'Y', '', '20210726205910', NULL, 0, NULL),
(38, 19, 60, 251, 'SEARCHALL', 'SEARCHALL', '조회(전체)', 'R', 10, 'Y', '', '20210726205910', NULL, 0, NULL),
(38, 19, 60, 252, 'SAVE', 'SAVE', '저장', 'CUD\n', 10, 'Y', '', '20210726205910', NULL, 0, NULL),
(38, 19, 60, 253, 'RESET', 'RESET', '입력 초기화', '', 10, 'Y', '', '20210726205910', NULL, 0, NULL),
(38, 19, 61, 254, 'SEARCH', 'SEARCH', '조회', 'R', 10, 'Y', '', '20210726205910', NULL, 0, NULL),
(38, 19, 61, 255, 'SAVE', 'SAVE', '저장', 'CUD', 10, 'Y', '', '20210726205910', NULL, 0, NULL),
(38, 19, 61, 256, 'ROWDELETE', 'ROWDELETE', '행삭제', '', 10, 'Y', '', '20210726205910', NULL, 0, NULL),
(38, 19, 61, 257, 'ROWADD', 'ROWADD', '행추가', '', 10, 'Y', '', '20210726205910', NULL, 0, NULL),
(38, 19, 61, 258, 'RELOAD', 'RELOAD', '새로고침', '', 10, 'Y', '', '20210726205910', NULL, 0, NULL),
(38, 19, 62, 259, 'SEARCH', 'SEARCH', '조회', 'R', 10, 'Y', '', '20210726205910', NULL, 0, NULL),
(38, 19, 62, 260, 'SAVE', 'SAVE', '저장', 'CU', 10, 'Y', '', '20210726205910', NULL, 0, NULL),
(38, 19, 62, 261, 'RELOAD', 'RELOAD', '새로고침', '', 10, 'Y', '', '20210726205910', NULL, 0, NULL),
(38, 19, 62, 262, 'NEW', 'NEW', '신규', '', 10, 'Y', '', '20210726205910', NULL, 0, NULL),
(38, 19, 62, 263, 'MODIFY', 'MODIFY', '수정', '', 10, 'Y', '', '20210726205910', NULL, 0, NULL),
(38, 20, 63, 264, 'SEARCHALL', 'SEARCHALL', '조회(전체)', 'R', 10, 'Y', '', '20210726205927', NULL, 0, NULL),
(38, 20, 63, 265, 'RESET', 'RESET', '입력 초기화', '', 10, 'Y', '', '20210726205927', NULL, 0, NULL),
(38, 20, 64, 266, 'SEARCH', 'SEARCH', '조회', 'R', 10, 'Y', '', '20210726205927', NULL, 0, NULL),
(38, 20, 64, 267, 'SAVE', 'SAVE', '저장', 'CUD', 10, 'Y', '', '20210726205927', NULL, 0, NULL),
(38, 20, 64, 268, 'RELOAD', 'RELOAD', '새로고침', '', 10, 'Y', '', '20210726205927', NULL, 0, NULL),
(38, 20, 64, 269, 'HIDDENCOL', 'HIDDENCOL', '숨김필드보기', '', 10, 'Y', '', '20210726205927', NULL, 0, NULL),
(38, 20, 64, 270, 'ROWDEL', 'ROWDELETE', '행삭제', '', 2, 'Y', '', '20210726205927', NULL, 0, NULL),
(38, 20, 64, 271, 'ROWADD', 'ROWADD', '행추가', '', 1, 'Y', '', '20210726205927', NULL, 0, NULL),
(38, 20, 65, 272, 'SEARCH', 'SEARCH', '조회', 'R', 10, 'Y', '', '20210726205927', NULL, 0, NULL),
(38, 20, 65, 273, 'SAVE', 'SAVE', '저장', 'CUD', 10, 'Y', '', '20210726205927', NULL, 0, NULL),
(38, 20, 65, 274, 'RELOAD', 'RELOAD', '새로고침', '', 10, 'Y', '', '20210726205927', NULL, 0, NULL),
(38, 21, 66, 275, 'SEARCHALL', 'SEARCHALL', '조회(전체)', 'R', 10, 'Y', '', '20210726205945', NULL, 0, NULL),
(38, 21, 66, 276, 'SAVE', 'SAVE', '저장', 'CUD\n', 10, 'Y', '', '20210726205945', NULL, 0, NULL),
(38, 21, 66, 277, 'RESET', 'RESET', '입력 초기화', '', 10, 'Y', '', '20210726205945', NULL, 0, NULL),
(38, 21, 67, 278, 'SEARCH', 'SEARCH', '조회', 'R', 10, 'Y', '', '20210726205945', NULL, 0, NULL),
(38, 21, 67, 279, 'SAVE', 'SAVE', '저장', 'CUD', 10, 'Y', '', '20210726205945', NULL, 0, NULL),
(38, 21, 67, 280, 'ROWDELETE', 'ROWDELETE', '행삭제', '', 10, 'Y', '', '20210726205945', NULL, 0, NULL),
(38, 21, 67, 281, 'RELOAD', 'RELOAD', '새로고침', '', 10, 'Y', '', '20210726205945', NULL, 0, NULL),
(38, 21, 67, 282, 'EXCEL', 'EXCEL', '엑셀다운로드', '', 10, 'Y', '', '20210726205945', NULL, 0, NULL),
(38, 21, 67, 283, 'CHKDEL', 'CHKDEL', '선택삭제', 'D', 1, 'Y', '', '20210726205945', NULL, 0, NULL),
(38, 21, 68, 284, 'USERDEF', 'USERDEF', '사용자정의', '', 10, 'Y', '', '20210726205945', NULL, 0, NULL),
(38, 21, 68, 285, 'SEARCH', 'SEARCH', '조회', 'R', 10, 'Y', '', '20210726205945', NULL, 0, NULL),
(38, 21, 68, 286, 'SAVE', 'SAVE', '저장', 'CU', 10, 'Y', '', '20210726205945', NULL, 0, NULL),
(38, 21, 68, 287, 'RELOAD', 'RELOAD', '새로고침', '', 10, 'Y', '', '20210726205945', NULL, 0, NULL),
(38, 21, 68, 288, 'NEW', 'NEW', '신규', '', 10, 'Y', '', '20210726205945', NULL, 0, NULL),
(38, 21, 68, 289, 'MODIFY', 'MODIFY', '수정', '', 10, 'Y', '', '20210726205945', NULL, 0, NULL),
(38, 21, 68, 290, 'DELETE', 'DELETE', '삭제', 'D', 10, 'Y', '', '20210726205945', NULL, 0, NULL),
(38, 21, 68, 291, 'BIND', 'BIND', 'BIND폼', '', 10, 'Y', '', '20210726205945', NULL, 0, NULL),
(38, 22, 69, 292, 'SEARCHALL', 'SEARCHALL', '조회(전체)', 'R', 10, 'Y', '', '20210726210002', NULL, 0, NULL),
(38, 22, 69, 293, 'SAVE', 'SAVE', '저장', 'CUD\n', 10, 'Y', '', '20210726210002', NULL, 0, NULL),
(38, 22, 69, 294, 'RESET', 'RESET', '입력 초기화', '', 10, 'Y', '', '20210726210002', NULL, 0, NULL),
(38, 22, 70, 295, 'SEARCH', 'SEARCH', '조회', 'R', 10, 'Y', '', '20210726210002', NULL, 0, NULL),
(38, 22, 70, 296, 'RELOAD', 'RELOAD', '새로고침', '', 10, 'Y', '', '20210726210002', NULL, 0, NULL),
(38, 22, 70, 297, 'EXCEL', 'EXCEL', '엑셀다운로드', 'R', 10, 'Y', '', '20210726210002', NULL, 0, NULL),
(38, 22, 71, 298, 'SEARCH', 'SEARCH', '조회', 'R', 10, 'Y', '', '20210726210002', NULL, 0, NULL),
(38, 22, 71, 299, 'RELOAD', 'RELOAD', '새로고침', '', 10, 'Y', '', '20210726210003', NULL, 0, NULL),
(38, 22, 71, 300, 'EDITMODE', 'EDITMODE', '편집모드', '', 10, 'Y', '', '20210726210003', NULL, 0, NULL),
(38, 22, 71, 301, 'CHKSAVE', 'CHKSAVE', '선택저장', 'CHK', 10, 'Y', '', '20210726210003', NULL, 0, NULL),
(38, 23, 72, 302, 'SEARCHALL', 'SEARCHALL', '조회(전체)', 'R', 10, 'Y', '', '20210726210018', NULL, 0, NULL),
(38, 23, 72, 303, 'SAVE', 'SAVE', '저장', 'CUD\n', 10, 'Y', '', '20210726210018', NULL, 0, NULL),
(38, 23, 72, 304, 'RESET', 'RESET', '입력 초기화', '', 10, 'Y', '', '20210726210018', NULL, 0, NULL),
(38, 23, 73, 305, 'SEARCH', 'SEARCH', '조회', 'R', 10, 'Y', '', '20210726210018', NULL, 0, NULL),
(38, 23, 73, 306, 'SAVE', 'SAVE', '저장', 'CUD', 10, 'Y', '', '20210726210018', NULL, 0, NULL),
(38, 23, 73, 307, 'ROWDELETE', 'ROWDELETE', '행삭제', '', 10, 'Y', '', '20210726210018', NULL, 0, NULL),
(38, 23, 73, 308, 'ROWADD', 'ROWADD', '행추가', '', 10, 'Y', '', '20210726210018', NULL, 0, NULL),
(38, 23, 73, 309, 'RELOAD', 'RELOAD', '새로고침', '', 10, 'Y', '', '20210726210018', NULL, 0, NULL),
(38, 23, 73, 310, 'EXCEL', 'EXCEL', '엑셀다운로드', '', 10, 'Y', '', '20210726210018', NULL, 0, NULL),
(38, 23, 73, 311, 'CHKUPD', 'CHKDEL', '선택삭제', 'D', 10, 'Y', '', '20210726210018', NULL, 0, NULL),
(38, 23, 74, 312, 'USERDEF', 'USERDEF', '사용자정의', '', 10, 'Y', '', '20210726210018', NULL, 0, NULL),
(38, 23, 74, 313, 'SEARCH', 'SEARCH', '조회', 'R', 10, 'Y', '', '20210726210018', NULL, 0, NULL),
(38, 23, 74, 314, 'SAVE', 'SAVE', '저장', 'CU', 10, 'Y', '', '20210726210018', NULL, 0, NULL),
(38, 23, 74, 315, 'RELOAD', 'RELOAD', '새로고침', '', 10, 'Y', '', '20210726210018', NULL, 0, NULL),
(38, 23, 74, 316, 'NEW', 'NEW', '신규', '', 10, 'Y', '', '20210726210018', NULL, 0, NULL),
(38, 23, 74, 317, 'MODIFY', 'MODIFY', '수정', '', 10, 'Y', '', '20210726210019', NULL, 0, NULL),
(38, 23, 74, 318, 'DELETE', 'DELETE', '삭제', 'D', 10, 'Y', '', '20210726210019', NULL, 0, NULL),
(38, 23, 74, 319, 'BIND', 'BIND', 'BIND폼', '', 10, 'Y', '', '20210726210019', NULL, 0, NULL);

-- --------------------------------------------------------

--
-- 테이블 구조 `CG_PGMGRP`
--

CREATE TABLE `CG_PGMGRP` (
  `PJTSEQ` int(11) NOT NULL,
  `PGMSEQ` int(11) NOT NULL,
  `GRPSEQ` int(11) NOT NULL,
  `GRPID` varchar(30) COLLATE utf8_bin NOT NULL,
  `PGRPID` varchar(30) COLLATE utf8_bin NOT NULL DEFAULT '',
  `GRPTYPE` varchar(20) COLLATE utf8_bin NOT NULL,
  `GRPNM` varchar(100) COLLATE utf8_bin DEFAULT NULL,
  `GRPORD` int(11) NOT NULL DEFAULT '1',
  `FREEZECNT` int(11) DEFAULT '0',
  `VBOX` varchar(10) COLLATE utf8_bin NOT NULL,
  `COLBRCNT` int(11) DEFAULT '4',
  `REFGRPID` varchar(30) COLLATE utf8_bin DEFAULT NULL,
  `GRPWIDTH` varchar(200) COLLATE utf8_bin NOT NULL DEFAULT '',
  `GRPHEIGHT` varchar(200) COLLATE utf8_bin NOT NULL,
  `GRPPADDING` varchar(100) COLLATE utf8_bin DEFAULT '0',
  `BRYN` varchar(1) COLLATE utf8_bin DEFAULT 'Y',
  `COLSIZETYPE` varchar(1) COLLATE utf8_bin DEFAULT 'X',
  `LEGENDALIGN` varchar(20) COLLATE utf8_bin NOT NULL DEFAULT 'TOP',
  `STACKED` varchar(1) COLLATE utf8_bin NOT NULL DEFAULT 'N',
  `METHOD` varchar(10) COLLATE utf8_bin NOT NULL COMMENT 'GET, POST',
  `KEYCOLID` varchar(30) COLLATE utf8_bin DEFAULT NULL,
  `SEQYN` varchar(1) COLLATE utf8_bin NOT NULL DEFAULT 'N' COMMENT '자동증가컬럼유무',
  `SPLITDIRECTION` varchar(20) COLLATE utf8_bin DEFAULT 'horizontal',
  `SPLITGUTTERSIZE` varchar(10) COLLATE utf8_bin DEFAULT '6px',
  `SPLITMINSIZE` varchar(10) COLLATE utf8_bin DEFAULT '100px',
  `ADDDT` varchar(14) COLLATE utf8_bin NOT NULL,
  `MODDT` varchar(14) COLLATE utf8_bin DEFAULT NULL,
  `ADDID` int(11) NOT NULL DEFAULT '0',
  `MODID` int(11) DEFAULT NULL
) ENGINE=InnoDB DEFAULT CHARSET=utf8 COLLATE=utf8_bin;

--
-- 테이블의 덤프 데이터 `CG_PGMGRP`
--

INSERT INTO `CG_PGMGRP` (`PJTSEQ`, `PGMSEQ`, `GRPSEQ`, `GRPID`, `PGRPID`, `GRPTYPE`, `GRPNM`, `GRPORD`, `FREEZECNT`, `VBOX`, `COLBRCNT`, `REFGRPID`, `GRPWIDTH`, `GRPHEIGHT`, `GRPPADDING`, `BRYN`, `COLSIZETYPE`, `LEGENDALIGN`, `STACKED`, `METHOD`, `KEYCOLID`, `SEQYN`, `SPLITDIRECTION`, `SPLITGUTTERSIZE`, `SPLITMINSIZE`, `ADDDT`, `MODDT`, `ADDID`, `MODID`) VALUES
(38, 3, 5, 'G1', '', 'CONDITION', '조건', 10, 0, 'NONE', 4, '', '100%', '100px', '0', NULL, 'X', '0', 'N', 'POST', '', 'N', 'horizontal', '8', '100px', '20210724220709', NULL, 0, NULL),
(38, 3, 6, 'G2', '', 'GRIDWIX', 'IP목록', 20, 0, 'NONE', 4, 'G1', '100%', '500px', '0', NULL, 'X', '0', 'N', 'POST', '', 'N', 'horizontal', '8', '100px', '20210724220709', NULL, 0, NULL),
(38, 4, 7, 'G1', '', 'CONDITION', '1', 10, 0, 'NONE', 4, '', '100%', '80px', '0', NULL, 'X', '0', 'N', 'POST', '', 'N', 'horizontal', '8', '100px', '20210726205356', NULL, 0, NULL),
(38, 4, 8, 'G2', '', 'GRIDWIX', '마스터', 20, 0, 'NONE', 4, 'G1', '40%', '500px', '0', NULL, 'X', '0', 'N', 'POST', 'PCD', 'N', 'horizontal', '8', '100px', '20210726205356', NULL, 0, NULL),
(38, 4, 9, 'G3', '', 'GRIDWIX', '상세', 30, 0, 'NONE', 4, 'G2', '60%', '500px', '0', NULL, 'X', '0', 'N', 'POST', 'CODED_SEQ', 'N', 'horizontal', '8', '100px', '20210726205356', NULL, 0, NULL),
(38, 5, 10, 'G1', '', 'CONDITION', '', 10, 0, 'NONE', 4, '', '100%', '100px', '0', NULL, 'X', '', '', 'GET', '', 'N', 'horizontal', '8', '100px', '20210726205415', NULL, 0, NULL),
(38, 5, 11, 'G2', '', 'GRIDWIX', '조회결과', 20, 0, 'NONE', 4, 'G1', '50%', '500px', '0', NULL, 'P', '', '', '', '', 'N', 'horizontal', '8', '100px', '20210726205415', NULL, 0, NULL),
(38, 5, 12, 'G3', '', 'FORMVIEW', 'CDD', 30, NULL, 'NONE', 4, 'G1', '50%', '500px', '0', NULL, 'X', '', '', 'POST', '', 'N', 'horizontal', '8', '100px', '20210726205415', NULL, 0, NULL),
(38, 6, 13, 'C1', '', 'CONDITION', '조건1', 20, 0, 'NONE', 4, '', '100%', '78px', '0', NULL, 'X', '0', 'N', 'POST', '', 'N', 'horizontal', '8', '100px', '20210726205442', NULL, 0, NULL),
(38, 6, 14, 'G2', '', 'GRIDWIX', '사용자1', 30, 0, 'NONE', 4, 'C1', '50%', '600px', '0', NULL, 'X', '0', 'N', 'POST', 'USR_SEQ', 'N', 'horizontal', '8', '100px', '20210726205442', NULL, 0, NULL),
(38, 6, 15, 'G3', '', 'GRIDWIX', '소속 그룹', 40, 0, 'START', 4, 'G2', '50%', '300px', '0', NULL, 'X', '', '', '', 'GRP_SEQ', 'N', '', '8', '100px', '20210726205443', NULL, 0, NULL),
(38, 6, 16, 'G4', '', 'GRIDWIX', '소속 팀', 50, 0, 'END', 4, 'G2', '50%', '300px', '0', NULL, 'X', '', '', '', 'TEAM_SEQ', 'N', '', NULL, '100px', '20210726205443', NULL, 0, NULL),
(38, 7, 17, 'G1', '', 'CONDITION', '조회 조건', 10, 0, 'NONE', 4, '', '100%', '80px', '0', NULL, 'X', '0', 'N', 'POST', '', 'N', 'horizontal', '8', '100px', '20210726205506', NULL, 0, NULL),
(38, 7, 18, 'G2', '', 'GRIDWIX', '그룹', 20, 0, 'NONE', 4, 'G1', '100%', '200px', '0', NULL, 'X', '0', 'N', 'POST', '', 'N', 'horizontal', '8', '100px', '20210726205506', NULL, 0, NULL),
(38, 7, 19, 'G3', '', 'GRIDWIX', '그룹에 속함', 30, 0, 'NONE', 4, 'G2', '50%', '400px', '0', NULL, 'X', '0', 'N', 'POST', '', 'N', 'horizontal', '8', '100px', '20210726205506', NULL, 0, NULL),
(38, 7, 20, 'G4', '', 'GRIDWIX', '해당그룹에 미포함', 40, 0, 'NONE', 4, 'G2', '50%', '400px', '0', NULL, 'X', '0', 'N', 'POST', '', 'N', 'horizontal', '8', '100px', '20210726205507', NULL, 0, NULL),
(38, 8, 21, 'G1', '', 'CONDITION', '조회조건', 10, 0, 'NONE', 4, '', '100%', '80px', '0', NULL, 'X', '0', 'N', 'POST', '', 'N', 'horizontal', '8', '100px', '20210726205526', NULL, 0, NULL),
(38, 8, 22, 'G2', '', 'GRIDWIX', '그룹목록', 20, 0, 'NONE', 4, 'G1', '20%', '500px', '0', NULL, 'X', '0', 'N', 'POST', '', 'N', 'horizontal', '8', '100px', '20210726205526', NULL, 0, NULL),
(38, 8, 23, 'G3', '', 'GRIDWIX', '보유 권한', 30, 0, 'NONE', 4, 'G2', '40%', '500px', '0', NULL, 'X', '0', 'N', 'POST', '', 'N', 'horizontal', '8', '100px', '20210726205527', NULL, 0, NULL),
(38, 8, 24, 'G4', '', 'GRIDWIX', '미보유 권한', 40, 0, 'NONE', 4, 'G2', '40%', '500px', '0', NULL, 'X', '0', 'N', 'POST', '', 'N', 'horizontal', '8', '100px', '20210726205527', NULL, 0, NULL),
(38, 9, 25, 'G1', '', 'CONDITION', '조회조건', 10, 0, 'NONE', 4, '', '100%', '80px', '0', NULL, 'X', '0', 'N', 'POST', '', 'N', 'horizontal', '8', '100px', '20210726205546', NULL, 0, NULL),
(38, 9, 26, 'G2', '', 'GRIDWIX', '그룹목록', 20, 0, 'NONE', 4, 'G1', '50%', '300px', '0', NULL, 'X', '0', 'N', 'POST', '', 'N', 'horizontal', '8', '100px', '20210726205546', NULL, 0, NULL),
(38, 9, 27, 'G3', '', 'FORMVIEW', '그룹상세', 30, 0, 'NONE', 4, 'G2', '50%', '300px', '0', NULL, 'X', '0', 'N', 'POST', '', 'N', 'horizontal', '8', '100px', '20210726205546', NULL, 0, NULL),
(38, 10, 28, 'G1', '', 'CONDITION', '조회조건', 10, 0, 'NONE', 4, '', '100%', '80px', '0', NULL, 'X', '0', 'N', 'POST', '', 'N', 'horizontal', '8', '100px', '20210726205607', NULL, 0, NULL),
(38, 10, 29, 'G2', '', 'GRIDWIX', '권한목록', 30, 0, 'NONE', 4, 'G1', '50%', '600px', '0', NULL, 'X', '0', 'N', 'POST', 'AUTH_SEQ', 'N', 'horizontal', '8', '100px', '20210726205607', NULL, 0, NULL),
(38, 10, 30, 'G3', '', 'GRIDWIX', '메뉴목록', 20, 0, 'NONE', 4, 'G1', '50%', '600px', '0', NULL, 'X', '', '', '', 'MNU_SEQ', '', '', NULL, '100px', '20210726205608', NULL, 0, NULL),
(38, 11, 31, 'G1', '', 'CONDITION', '', 10, 0, 'NONE', 4, '', '100%', '80px', '0', NULL, 'X', '', '', 'POST', '', '', 'horizontal', '8', '100px', '20210726205627', NULL, 0, NULL),
(38, 11, 32, 'G2', '', 'GRIDWIX', 'MNU1', 20, 0, 'NONE', 4, 'G1', '50%', '300px', '0', NULL, 'X', '', '', 'POST', 'MNU1_SEQ', '', 'horizontal', '8', '100px', '20210726205627', NULL, 0, NULL),
(38, 11, 33, 'G3', '', 'GRIDWIX', 'MNU2', 30, 0, 'NONE', 4, 'G2', '50%', '300px', '0', NULL, 'X', '', '', 'POST', 'MNU2_SEQ', '', 'horizontal', '8', '100px', '20210726205628', NULL, 0, NULL),
(38, 11, 34, 'G4', '', 'GRIDWIX', '미지정PGM', 40, 0, 'NONE', 4, 'G1', '50%', '300px', '0', NULL, 'X', '', '', '', 'MNU_SEQ', '', 'horizontal', '8', '100px', '20210726205628', NULL, 0, NULL),
(38, 11, 35, 'G5', '', 'FORMVIEW', 'MNU1에 추가', 50, NULL, 'START', 4, '', '50%', '150px', '0', NULL, 'X', '', '', '', '', '', 'horizontal', '8', '100px', '20210726205628', NULL, 0, NULL),
(38, 11, 36, 'G6', '', 'FORMVIEW', 'MNU2에 추가', 60, NULL, 'END', 4, '', '50%', '150px', '0', NULL, 'X', '', '', '', '', '', 'horizontal', '8', '100px', '20210726205628', NULL, 0, NULL),
(38, 12, 37, 'G1', '', 'CONDITION', '', 10, 0, 'NONE', 4, '', '100%', '70px', '0', NULL, 'X', '0', 'N', 'POST', '', 'N', 'horizontal', '8', '100px', '20210726205650', NULL, 0, NULL),
(38, 12, 38, 'G2', '', 'GRIDWIX', '로그인', 20, 0, 'NONE', 4, 'G1', '50%', '500px', '0', NULL, 'X', '0', 'N', 'POST', '', 'N', 'horizontal', '8', '100px', '20210726205650', NULL, 0, NULL),
(38, 12, 39, 'G3', '', 'GRIDWIX', '잠금', 30, 0, 'START', 4, 'G1', '50%', '200px', '0', NULL, 'X', '0', 'N', 'POST', '', 'N', 'horizontal', '8', '100px', '20210726205651', NULL, 0, NULL),
(38, 12, 40, 'G4', '', 'GRIDWIX', '메뉴이력', 40, 0, 'END', 4, 'G1', '50%', '300px', '0', NULL, 'X', '0', 'N', 'POST', '', 'N', 'horizontal', '8', '100px', '20210726205651', NULL, 0, NULL),
(38, 13, 41, 'G1', '', 'CONDITION', '조회조건', 10, 0, 'NONE', 4, '', '100%', '80px', '0', NULL, 'X', '0', 'N', 'POST', '', 'N', 'horizontal', '8', '100px', '20210726205708', NULL, 0, NULL),
(38, 13, 42, 'G2', '', 'GRIDWIX', '팀 목록', 20, 0, 'NONE', 4, 'G1', '50%', '300px', '0', NULL, 'X', '0', 'N', 'POST', 'TEAM_SEQ', 'N', 'horizontal', '8', '100px', '20210726205708', NULL, 0, NULL),
(38, 13, 43, 'G3', '', 'GRIDWIX', '미 등록팀', 30, 0, 'NONE', 4, 'G1', '50%', '300px', '0', NULL, 'X', '0', 'N', 'POST', 'TEAMCD', 'N', 'horizontal', '8', '100px', '20210726205708', NULL, 0, NULL),
(38, 14, 44, 'G1', '', 'CONDITION', '조회조건', 10, 0, 'NONE', 4, '', '100%', '80px', '0', NULL, 'X', '0', 'N', 'POST', '', 'N', 'horizontal', '8', '100px', '20210726205725', NULL, 0, NULL),
(38, 14, 45, 'G2', '', 'GRIDWIX', '그룹목록', 20, 0, 'NONE', 4, 'G1', '20%', '500px', '0', NULL, 'X', '0', 'N', 'POST', '', 'N', 'horizontal', '8', '100px', '20210726205725', NULL, 0, NULL),
(38, 14, 46, 'G3', '', 'GRIDWIX', '보유 권한', 30, 0, 'NONE', 4, 'G2', '40%', '500px', '0', NULL, 'X', '0', 'N', 'POST', '', 'N', 'horizontal', '8', '100px', '20210726205725', NULL, 0, NULL),
(38, 14, 47, 'G4', '', 'GRIDWIX', '미보유 권한', 40, 0, 'NONE', 4, 'G2', '40%', '500px', '0', NULL, 'X', '0', 'N', 'POST', '', 'N', 'horizontal', '8', '100px', '20210726205725', NULL, 0, NULL),
(38, 15, 48, 'G1', '', 'CONDITION', '조회조건', 10, 0, 'NONE', 4, '', '100%', '80px', '0', NULL, 'X', '0', 'N', 'POST', '', 'N', 'horizontal', '8', '100px', '20210726205742', NULL, 0, NULL),
(38, 15, 49, 'G3', '', 'GRIDWIX', '디펄트 보유 권한', 30, 0, 'NONE', 4, 'G1', '50%', '500px', '0', NULL, 'X', '0', 'N', 'POST', 'DA_SEQ', 'N', 'horizontal', '8', '100px', '20210726205743', NULL, 0, NULL),
(38, 15, 50, 'G4', '', 'GRIDWIX', '미보유 권한', 40, 0, 'NONE', 4, 'G1', '50%', '500px', '0', NULL, 'X', '0', 'N', 'POST', '', 'N', 'horizontal', '8', '100px', '20210726205743', NULL, 0, NULL),
(38, 16, 51, 'G1', '', 'CONDITION', '', 10, 0, 'NONE', 4, '', '100%', '80px', '0', NULL, 'X', '', '', 'POST', '', '', '', NULL, '100px', '20210726205816', NULL, 0, NULL),
(38, 16, 52, 'G2', '', 'GRIDWIX', '', 20, 0, 'NONE', 4, 'G1', '60%', '600px', '0', NULL, 'X', '', '', 'POST', 'SEQ', '', '', NULL, '100px', '20210726205817', NULL, 0, NULL),
(38, 16, 53, 'G3', '', 'FORMVIEW', '', 30, 0, 'NONE', 4, 'G2', '40%', '600px', '0', NULL, 'X', '', '', 'POST', '', '', '', NULL, '100px', '20210726205817', NULL, 0, NULL),
(38, 17, 54, 'G1', '', 'CONDITION', '', 10, 0, 'NONE', 4, '', '100%', '80px', '0', NULL, 'X', '', '', 'POST', '', '', 'horizontal', '8', '100px', '20210726205835', NULL, 0, NULL),
(38, 17, 55, 'G2', '', 'GRIDWIX', '', 20, 0, 'NONE', 4, 'G1', '50%', '600px', '0', NULL, 'X', '', '', 'POST', 'CFG_SEQ', '', 'horizontal', '8', '100px', '20210726205835', NULL, 0, NULL),
(38, 17, 56, 'G3', '', 'FORMVIEW', '', 30, 0, 'NONE', 4, 'G2', '50%', '600px', '0', NULL, 'X', '', '', 'POST', '', '', 'horizontal', '8', '100px', '20210726205835', NULL, 0, NULL),
(38, 18, 57, 'G1', '', 'CONDITION', '', 10, 0, 'NONE', 4, '', '100%', '80px', '0', NULL, 'X', '', '', 'POST', '', '', '', NULL, '100px', '20210726205850', NULL, 0, NULL),
(38, 18, 58, 'G2', '', 'GRIDWIX', '배치목록', 20, 0, 'NONE', 4, 'G1', '50%', '640px', '0', NULL, 'X', '', '', 'POST', 'BATCH_SEQ', '', '', NULL, '100px', '20210726205850', NULL, 0, NULL),
(38, 18, 59, 'G3', '', 'FORMVIEW', '배치상세', 30, 0, 'NONE', 4, 'G2', '50%', '640px', '0', NULL, 'X', '', '', 'POST', '', '', '', NULL, '100px', '20210726205851', NULL, 0, NULL),
(38, 19, 60, 'G1', '', 'CONDITION', '', 10, 0, 'NONE', 4, '', '100%', '80px', '0', NULL, 'X', '', '', 'POST', '', '', '', NULL, '100px', '20210726205910', NULL, 0, NULL),
(38, 19, 61, 'G2', '', 'GRIDWIX', '캠페인목록', 20, 0, 'NONE', 4, 'G1', '45%', '700px', '0', NULL, 'X', '', '', 'POST', 'CAMPAIGN_SEQ', '', '', NULL, '100px', '20210726205910', NULL, 0, NULL),
(38, 19, 62, 'G3', '', 'FORMVIEW', '상세', 30, 0, 'NONE', 4, 'G2', '55%', '700px', '0', NULL, 'X', '', '', 'POST', '', '', '', NULL, '100px', '20210726205910', NULL, 0, NULL),
(38, 20, 63, 'G1', '', 'CONDITION', '', 10, 0, 'NONE', 4, '', '100%', '80px', '0', NULL, 'X', '', '', 'POST', '', '', '', NULL, '100px', '20210726205927', NULL, 0, NULL),
(38, 20, 64, 'G2', '', 'GRIDWIX', '발송요청', 20, 0, 'NONE', 4, 'G1', '30%', '600px', '0', NULL, 'X', '', '', 'POST', 'REQUEST_SEQ', '', '', NULL, '100px', '20210726205927', NULL, 0, NULL),
(38, 20, 65, 'G3', '', 'GRIDWIX', '발송로그', 30, 0, 'NONE', 4, 'G1', '70%', '600px', '0', NULL, 'X', '', '', 'POST', 'SENDLOG_SEQ', '', '', NULL, '100px', '20210726205927', NULL, 0, NULL),
(38, 21, 66, 'G1', '', 'CONDITION', '', 10, 0, 'NONE', 4, '', '100%', '80px', '0', NULL, 'X', '', '', 'POST', '', '', '', NULL, '100px', '20210726205945', NULL, 0, NULL),
(38, 21, 67, 'G2', '', 'GRIDWIX', '수신목록', 20, 0, 'NONE', 4, 'G1', '45%', '600px', '0', NULL, 'X', '', '', 'POST', '', '', '', NULL, '100px', '20210726205945', NULL, 0, NULL),
(38, 21, 68, 'G3', '', 'FORMVIEW', '수신상세', 30, 0, 'NONE', 4, 'G2', '55%', '600px', '0', NULL, 'X', '', '', 'POST', '', '', '', NULL, '100px', '20210726205945', NULL, 0, NULL),
(38, 22, 69, 'G2', '', 'CONDITION', '', 20, 0, 'NONE', 4, '', '100%', '80px', '0', NULL, 'X', '', '', 'POST', '', '', '', NULL, '100px', '20210726210002', NULL, 0, NULL),
(38, 22, 70, 'G4', '', 'GRIDWIX', '배치', 40, 0, 'NONE', 4, 'G2', '50%', '600px', '0', NULL, 'X', '', '', 'POST', '', '', '', NULL, '100px', '20210726210002', NULL, 0, NULL),
(38, 22, 71, 'G5', '', 'GRIDWIX', '로그', 50, 0, 'NONE', 4, 'G4', '50%', '600px', '0', NULL, 'X', '', '', 'POST', '', '', '', NULL, '100px', '20210726210002', NULL, 0, NULL),
(38, 23, 72, 'G1', '', 'CONDITION', '', 10, 0, 'NONE', 4, '', '100%', '80px', '0', NULL, 'X', '', '', 'POST', '', '', '', NULL, '100px', '20210726210018', NULL, 0, NULL),
(38, 23, 73, 'G2', '', 'GRIDWIX', '수신목록', 20, 0, 'NONE', 4, 'G1', '45%', '600px', '0', NULL, 'X', '', '', 'POST', '', '', '', NULL, '100px', '20210726210018', NULL, 0, NULL),
(38, 23, 74, 'G3', '', 'FORMVIEW', '수신상세', 30, 0, 'NONE', 4, 'G2', '55%', '600px', '0', NULL, 'X', '', '', 'POST', '', '', '', NULL, '100px', '20210726210018', NULL, 0, NULL);

-- --------------------------------------------------------

--
-- 테이블 구조 `CG_PGMINFO`
--

CREATE TABLE `CG_PGMINFO` (
  `PGMSEQ` int(11) NOT NULL,
  `PGMID` varchar(100) COLLATE utf8_bin NOT NULL,
  `PJTSEQ` int(11) NOT NULL,
  `PGMNM` varchar(200) COLLATE utf8_bin NOT NULL,
  `PKGGRP` varchar(100) COLLATE utf8_bin DEFAULT NULL,
  `VIEWURL` varchar(200) COLLATE utf8_bin DEFAULT NULL,
  `PGMTYPE` varchar(30) COLLATE utf8_bin NOT NULL COMMENT 'NORMAL,POPUP',
  `POPWIDTH` varchar(10) COLLATE utf8_bin DEFAULT NULL,
  `POPHEIGHT` varchar(10) COLLATE utf8_bin DEFAULT NULL,
  `SECTYPE` varchar(30) COLLATE utf8_bin NOT NULL DEFAULT 'NORMAL' COMMENT 'NORMAL,POWER,PI',
  `LOGINYN` varchar(1) COLLATE utf8_bin NOT NULL DEFAULT 'Y',
  `DFTCTLGRPID` varchar(30) COLLATE utf8_bin DEFAULT NULL COMMENT '디펄트 컨트롤 GRPID',
  `DFTCTLFNCID` varchar(30) COLLATE utf8_bin DEFAULT NULL COMMENT '디펄트 컨트롤 FNCID',
  `PGMORD` int(11) NOT NULL DEFAULT '10',
  `ADDDT` varchar(14) COLLATE utf8_bin NOT NULL,
  `ADDID` int(11) NOT NULL,
  `MODDT` varchar(14) COLLATE utf8_bin DEFAULT NULL,
  `MODID` int(11) DEFAULT NULL
) ENGINE=InnoDB DEFAULT CHARSET=utf8 COLLATE=utf8_bin;

--
-- 테이블의 덤프 데이터 `CG_PGMINFO`
--

INSERT INTO `CG_PGMINFO` (`PGMSEQ`, `PGMID`, `PJTSEQ`, `PGMNM`, `PKGGRP`, `VIEWURL`, `PGMTYPE`, `POPWIDTH`, `POPHEIGHT`, `SECTYPE`, `LOGINYN`, `DFTCTLGRPID`, `DFTCTLFNCID`, `PGMORD`, `ADDDT`, `ADDID`, `MODDT`, `MODID`) VALUES
(3, 'RDIPMNG', 38, '[RD]IP관리', '', 'rdipmngView.php', 'NORMAL', '', '', 'POWER', 'Y', '', '', 10, '20210724220709', 0, '20210726212424', 10),
(4, 'RDCODEMNG', 38, '[RD]코드관리', 'SYSTEM', 'rdcodemngView.php', 'NORMAL', '', '', 'NORMAL', 'Y', '', '', 10, '20210726205354', 0, '20210726212406', 10),
(5, 'RDCODEAPI', 38, '[RD]코드조회API', '', 'rdcodeapiView.php', 'NORMAL', '', '', 'NORMAL', 'Y', '', '', 10, '20210726205415', 0, '20210726212355', 10),
(6, 'RDUSRMNG', 38, '[RD]사용자관리', '', 'rdusrmngView.php', 'NORMAL', '', '', 'POWER', 'Y', '', '', 10, '20210726205441', 0, '20210726212303', 10),
(7, 'RDGRPUSRMNG', 38, '[RD]그룹의 사용자관리', '', 'rdgrpusrmngView.php', 'NORMAL', '', '', 'POWER', 'Y', '', '', 10, '20210726205505', 0, '20210726212238', 10),
(8, 'RDGRPAUTHMNG', 38, '[RD]그룹의 권한관리', '', 'rdgrpauthmngView.php', 'NORMAL', '', '', 'POWER', 'Y', '', '', 10, '20210726205526', 0, '20210726212221', 10),
(9, 'RDGRPMNG', 38, '[RD]그룹관리', '', 'rdgrpmngView.php', 'NORMAL', '', '', 'POWER', 'Y', '', '', 10, '20210726205545', 0, '20210726212208', 10),
(10, 'RDMNUAUTHMNG', 38, '[RD]메뉴/권한관리', '', 'rdmnuauthmngView.php', 'NORMAL', '', '', 'POWER', 'Y', '', '', 10, '20210726205606', 0, '20210726212148', 10),
(11, 'RDMNUTREEMNG', 38, '[RD]메뉴트리 관리', '', 'rdmnutreemngView.php', 'NORMAL', '', '', 'NORMAL', 'Y', '', '', 10, '20210726205626', 0, '20210726212118', 10),
(12, 'RDINTRONORMAL', 38, '[RD]인트로_일반', '', 'rdintronormalView.php', 'NORMAL', '', '', 'NORMAL', 'Y', '', '', 10, '20210726205650', 0, '20210726212100', 10),
(13, 'RDTEAMMNG', 38, '[RD]팀관리', '', 'rdteammngView.php', 'NORMAL', '', '', 'POWER', 'Y', '', '', 10, '20210726205707', 0, '20210726212043', 10),
(14, 'RDTEAMAUTHMNG', 38, '[RD]팀의 권한관리', '', 'rdteamauthmngView.php', 'NORMAL', '', '', 'POWER', 'Y', '', '', 10, '20210726205724', 0, '20210726212021', 10),
(15, 'RDDEFAULTAUTH', 38, '[RD]기본 권한관리', '', 'rddefaultauthView.php', 'NORMAL', '', '', 'POWER', 'Y', '', '', 10, '20210726205742', 0, '20210726212004', 10),
(16, 'RDFLUENTD', 38, '[RD]로그조회FLUENTD', '', 'rdfluentdView.php', 'NORMAL', '', '', 'NORMAL', 'Y', '', '', 10, '20210726205816', 0, '20210726211951', 10),
(17, 'RDCFGHISTORY', 38, '[RD]환경설정히스토리', '', 'rdcfghistoryView.php', 'NORMAL', '', '', 'NORMAL', 'Y', '', '', 10, '20210726205834', 0, '20210726211936', 10),
(18, 'RDBATCHMNG', 38, '[RD]배치관리', '', 'rdbatchmngView.php', 'NORMAL', '', '', 'NORMAL', 'Y', '', '', 10, '20210726205849', 0, '20210726211919', 10),
(19, 'RDCAMPAIGNMNG', 38, '[RD]캠페인관리', '', 'rdcampaignmngView.php', 'NORMAL', '', '', 'NORMAL', 'Y', '', '', 10, '20210726205909', 0, '20210726211857', 10),
(20, 'RDMSGSENDHIS', 38, '[RD]메시지 발송이력', '', 'rdmsgsendhisView.php', 'NORMAL', '', '', 'NORMAL', 'Y', '', '', 10, '20210726205926', 0, '20210726211839', 10),
(21, 'RDMYMSGBOX', 38, '[RD]MY메시지함', '', 'rdmymsgboxView.php', 'NORMAL', '', '', 'NORMAL', 'Y', '', '', 10, '20210726205944', 0, '20210726211637', 10),
(22, 'RDBATCHLOG', 38, '[RD]배치이력조회', '', 'rdbatchlogView.php', 'NORMAL', '', '', 'NORMAL', 'Y', '', '', 10, '20210726210002', 0, '20210726211827', 10),
(23, 'RDMSGBOXMNG', 38, '[RD]메시지박스MNG', '', 'rdmsgboxmngView.php', 'NORMAL', '', '', 'NORMAL', 'Y', '', '', 10, '20210726210017', 0, '20210726211813', 10);

-- --------------------------------------------------------

--
-- 테이블 구조 `CG_PGMINHERIT`
--

CREATE TABLE `CG_PGMINHERIT` (
  `INHERITSEQ` int(10) UNSIGNED NOT NULL,
  `PJTSEQ` int(11) NOT NULL,
  `PGMSEQ` int(11) NOT NULL,
  `GRPSEQ` int(11) NOT NULL,
  `COLID` varchar(30) COLLATE utf8_bin NOT NULL,
  `CHILDGRPID` varchar(30) COLLATE utf8_bin NOT NULL,
  `ADDDT` varchar(14) COLLATE utf8_bin NOT NULL,
  `MODDT` varchar(14) COLLATE utf8_bin DEFAULT NULL,
  `ADDID` int(11) NOT NULL DEFAULT '0',
  `MODID` int(11) DEFAULT NULL
) ENGINE=InnoDB DEFAULT CHARSET=utf8 COLLATE=utf8_bin COMMENT='그룹간 컬럼 상속 정의';

--
-- 테이블의 덤프 데이터 `CG_PGMINHERIT`
--

INSERT INTO `CG_PGMINHERIT` (`INHERITSEQ`, `PJTSEQ`, `PGMSEQ`, `GRPSEQ`, `COLID`, `CHILDGRPID`, `ADDDT`, `MODDT`, `ADDID`, `MODID`) VALUES
(1, 38, 4, 7, 'MYRADIO', 'G2', '20210726205356', NULL, 0, NULL),
(2, 38, 4, 8, 'PCD', 'G3', '20210726205356', NULL, 0, NULL),
(3, 38, 4, 8, 'PCD', 'G4', '20210726205356', NULL, 0, NULL),
(4, 38, 6, 14, 'USR_SEQ', 'G3', '20210726205443', NULL, 0, NULL),
(5, 38, 6, 14, 'USR_SEQ', 'G4', '20210726205443', NULL, 0, NULL),
(6, 38, 7, 18, 'GRP_SEQ', 'G3', '20210726205506', NULL, 0, NULL),
(7, 38, 7, 18, 'GRP_SEQ', 'G4', '20210726205506', NULL, 0, NULL),
(8, 38, 8, 22, 'GRP_SEQ', 'G3', '20210726205527', NULL, 0, NULL),
(9, 38, 8, 22, 'GRP_SEQ', 'G4', '20210726205527', NULL, 0, NULL),
(10, 38, 11, 32, 'MNU1_SEQ', 'G3', '20210726205628', NULL, 0, NULL),
(11, 38, 14, 45, 'TEAM_SEQ', 'G3', '20210726205725', NULL, 0, NULL),
(12, 38, 14, 45, 'TEAM_SEQ', 'G4', '20210726205725', NULL, 0, NULL),
(13, 38, 16, 52, 'SEQ', 'G3', '20210726205817', NULL, 0, NULL),
(14, 38, 17, 55, 'CFG_SEQ', 'G3', '20210726205835', NULL, 0, NULL),
(15, 38, 18, 58, 'BATCH_SEQ', 'G3', '20210726205851', NULL, 0, NULL),
(16, 38, 19, 61, 'CAMPAIGN_SEQ', 'G3', '20210726205910', NULL, 0, NULL),
(17, 38, 21, 67, 'MSG_BOX_SEQ', 'G3', '20210726205945', NULL, 0, NULL),
(18, 38, 22, 70, 'BATCH_SEQ', 'G5', '20210726210002', NULL, 0, NULL),
(19, 38, 23, 73, 'MSG_BOX_SEQ', 'G3', '20210726210018', NULL, 0, NULL);

-- --------------------------------------------------------

--
-- 테이블 구조 `CG_PGMIO`
--

CREATE TABLE `CG_PGMIO` (
  `PJTSEQ` int(11) NOT NULL,
  `PGMSEQ` int(11) NOT NULL,
  `GRPSEQ` int(11) NOT NULL,
  `IOSEQ` int(11) NOT NULL,
  `COLORD` int(11) DEFAULT NULL,
  `COLID` varchar(100) COLLATE utf8_bin NOT NULL,
  `COLNM` varchar(300) COLLATE utf8_bin NOT NULL,
  `DATATYPE` varchar(30) COLLATE utf8_bin DEFAULT '0',
  `VALIDSEQ` int(11) DEFAULT NULL,
  `DATASIZE` int(11) DEFAULT NULL,
  `OBJTYPE` varchar(30) COLLATE utf8_bin DEFAULT NULL,
  `POPUP` varchar(30) COLLATE utf8_bin DEFAULT NULL,
  `KEYYN` varchar(1) COLLATE utf8_bin NOT NULL DEFAULT 'Y',
  `SEQYN` varchar(1) COLLATE utf8_bin NOT NULL DEFAULT 'N',
  `LBLHIDDENYN` varchar(1) COLLATE utf8_bin NOT NULL DEFAULT 'N',
  `LBLWIDTH` varchar(100) COLLATE utf8_bin NOT NULL,
  `LBLALIGN` varchar(20) COLLATE utf8_bin NOT NULL DEFAULT 'LEFT',
  `OBJWIDTH` varchar(100) COLLATE utf8_bin NOT NULL,
  `OBJHEIGHT` varchar(100) COLLATE utf8_bin DEFAULT NULL,
  `OBJALIGN` varchar(20) COLLATE utf8_bin NOT NULL,
  `HIDDENYN` varchar(1) COLLATE utf8_bin NOT NULL DEFAULT 'N',
  `EDITYN` varchar(1) COLLATE utf8_bin NOT NULL DEFAULT 'Y',
  `FNINIT` varchar(200) COLLATE utf8_bin DEFAULT NULL,
  `FNCHANGE` varchar(1000) COLLATE utf8_bin DEFAULT NULL,
  `BRYN` varchar(1) COLLATE utf8_bin DEFAULT 'N',
  `FORMAT` varchar(100) COLLATE utf8_bin DEFAULT NULL COMMENT 'grid format\r\ninput class',
  `FOOTERMATH` varchar(30) COLLATE utf8_bin DEFAULT NULL,
  `FOOTERNM` varchar(30) COLLATE utf8_bin DEFAULT NULL,
  `ICONNM` varchar(100) COLLATE utf8_bin DEFAULT NULL,
  `ICONSTYLE` varchar(200) COLLATE utf8_bin DEFAULT NULL,
  `LBLSTYLE` varchar(200) COLLATE utf8_bin DEFAULT NULL,
  `OBJSTYLE` varchar(100) COLLATE utf8_bin DEFAULT NULL,
  `OBJ2STYLE` varchar(100) COLLATE utf8_bin DEFAULT NULL,
  `PLACEHOLDER` varchar(200) COLLATE utf8_bin DEFAULT NULL,
  `BTNHIDDENYN` varchar(1) COLLATE utf8_bin NOT NULL DEFAULT 'N',
  `FILTER` varchar(30) COLLATE utf8_bin DEFAULT NULL,
  `STOREID` varchar(30) COLLATE utf8_bin DEFAULT NULL,
  `ADDDT` varchar(14) COLLATE utf8_bin NOT NULL,
  `ADDID` int(11) NOT NULL,
  `MODDT` varchar(14) COLLATE utf8_bin DEFAULT NULL,
  `MODID` int(11) DEFAULT NULL
) ENGINE=InnoDB DEFAULT CHARSET=utf8 COLLATE=utf8_bin;

--
-- 테이블의 덤프 데이터 `CG_PGMIO`
--

INSERT INTO `CG_PGMIO` (`PJTSEQ`, `PGMSEQ`, `GRPSEQ`, `IOSEQ`, `COLORD`, `COLID`, `COLNM`, `DATATYPE`, `VALIDSEQ`, `DATASIZE`, `OBJTYPE`, `POPUP`, `KEYYN`, `SEQYN`, `LBLHIDDENYN`, `LBLWIDTH`, `LBLALIGN`, `OBJWIDTH`, `OBJHEIGHT`, `OBJALIGN`, `HIDDENYN`, `EDITYN`, `FNINIT`, `FNCHANGE`, `BRYN`, `FORMAT`, `FOOTERMATH`, `FOOTERNM`, `ICONNM`, `ICONSTYLE`, `LBLSTYLE`, `OBJSTYLE`, `OBJ2STYLE`, `PLACEHOLDER`, `BTNHIDDENYN`, `FILTER`, `STOREID`, `ADDDT`, `ADDID`, `MODDT`, `MODID`) VALUES
(38, 3, 6, 17, 10, 'IP_SEQ', 'IP_SEQ', 'NUMBER', 2, 10, 'TEXTVIEW', '', 'Y', 'Y', 'N', '', 'LEFT', '60', '', 'LEFT', 'N', 'Y', '', NULL, 'N', '', '', '', '', '', '', '', '', '', 'N', '', NULL, '20210724220709', 0, NULL, NULL),
(38, 3, 6, 18, 20, 'PGMTYPE', 'PGMTYPE', 'STRING', 16, 10, 'TEXT', '', 'N', 'N', 'N', '', 'LEFT', '60', '', 'LEFT', 'N', 'Y', '', NULL, 'N', '', '', '', '', '', '', '', '', '', 'N', '', NULL, '20210724220709', 0, NULL, NULL),
(38, 3, 6, 19, 30, 'ALLOW_IP', 'IP', 'STRING', 16, 20, 'TEXT', '', 'N', 'N', 'N', '', 'LEFT', '60', '', 'LEFT', 'N', 'Y', '', NULL, 'N', '', '', '', '', '', '', '', '', '', 'N', '', NULL, '20210724220709', 0, NULL, NULL),
(38, 3, 6, 20, 40, 'ADD_DT', 'ADD', 'STRING', 2, 14, 'TEXTVIEW', '', 'N', 'N', 'N', '', '', '', '', '', 'N', 'Y', '', NULL, 'N', '', '', '', '', '', '', '', '', '', 'N', '', NULL, '20210724220709', 0, NULL, NULL),
(38, 3, 6, 21, 50, 'ADD_ID', 'ADD_ID', 'STRING', 15, 30, 'TEXTVIEW', '', 'N', 'N', 'N', '', 'LEFT', '60', '22', 'LEFT', 'N', 'Y', '', NULL, 'N', '', '', '', '', '', '', '', '', '', 'N', '', NULL, '20210724220709', 0, NULL, NULL),
(38, 3, 6, 22, 70, 'MOD_ID', 'MOD_ID', 'STRING', 15, 30, 'TEXTVIEW', '', 'N', 'N', 'N', '', 'LEFT', '60', '22', 'LEFT', 'N', 'Y', '', NULL, 'N', '', '', '', '', '', '', '', '', '', 'N', '', NULL, '20210724220709', 0, NULL, NULL),
(38, 3, 6, 23, 60, 'MOD_DT', 'MOD', 'STRING', 15, 14, 'TEXTVIEW', '', 'N', 'N', 'N', '', '', '', '', '', 'N', 'Y', '', NULL, 'N', '', '', '', '', '', '', '', '', '', 'N', '', NULL, '20210724220709', 0, NULL, NULL),
(38, 3, 6, 24, 35, 'IP_DESC', 'DESC', 'STRING', 16, 100, 'TEXT', '', 'N', 'N', '', '', 'LEFT', '80', '', 'LEFT', 'N', 'Y', '', NULL, 'N', '', '', '', '', '', '', '', '', '', 'N', '', NULL, '20210724220709', 0, NULL, NULL),
(38, 4, 7, 25, 0, 'ADD_DT', 'ADD', 'STRING', 2, 14, 'INPUTBOX', '', 'N', 'N', 'N', '120', 'LEFT', '60', '22', 'LEFT', 'N', 'Y', '', NULL, 'N', '', '', '', NULL, NULL, '', NULL, NULL, NULL, 'N', NULL, NULL, '20210726205356', 0, NULL, NULL),
(38, 4, 8, 26, 20, 'PCD', 'PCD', 'STRING', 16, 30, 'TEXT', '', 'Y', 'N', 'N', '', 'LEFT', '60', '', 'LEFT', 'N', 'Y', '', NULL, 'N', '', '', '', '', '', '', '', '', '', 'N', '', NULL, '20210726205356', 0, NULL, NULL),
(38, 4, 8, 27, 30, 'PNM', 'PNM', 'STRING', 15, 100, 'TEXT', '', 'N', 'N', 'N', '', 'LEFT', '60', '', 'LEFT', 'N', 'Y', '', NULL, 'N', '', '', '', '', '', '', '', '', '', 'N', '', NULL, '20210726205356', 0, NULL, NULL),
(38, 4, 8, 28, 40, 'PCDDESC', 'PCDDESC', 'STRING', 16, 500, 'TEXT', '', 'N', 'N', 'N', '', 'LEFT', '60', '', 'LEFT', 'N', 'Y', '', NULL, 'N', '', '', '', '', '', '', '', '', '', 'N', '', NULL, '20210726205356', 0, NULL, NULL),
(38, 4, 8, 29, 50, 'ORD', 'ORD', 'NUMBER', 2, 10, 'TEXT', '', 'N', 'N', 'N', '', 'LEFT', '30', '', 'LEFT', 'N', 'Y', '', NULL, 'N', '', '', '', '', '', '', '', '', '', 'N', '', NULL, '20210726205356', 0, NULL, NULL),
(38, 4, 8, 30, 70, 'USEYN', '사용', 'STRING', 8, 1, 'TEXT', '', 'N', 'N', 'N', '', '', '70', '', 'LEFT', 'N', 'Y', '', NULL, 'N', '', '', '', '', '', '', '', '', '', 'N', '', NULL, '20210726205356', 0, NULL, NULL),
(38, 4, 8, 31, 80, 'DELYN', '삭제YN', 'STRING', 15, 1, 'TEXT', '', 'N', 'N', 'N', '100', 'LEFT', '40', '', 'LEFT', 'N', 'Y', '', NULL, 'N', '', '', '', '', '', '', '', '', '', 'N', '', NULL, '20210726205356', 0, NULL, NULL),
(38, 4, 8, 32, 90, 'ADDDT', 'ADDDT', 'STRING', 2, 14, 'TEXT', '', 'N', 'N', 'N', '', 'LEFT', '80', '22', 'LEFT', 'N', 'Y', '', NULL, 'N', '', '', '', '', '', '', '', '', '', 'N', '', NULL, '20210726205356', 0, NULL, NULL),
(38, 4, 8, 33, 100, 'MODDT', 'MODDT', 'STRING', 2, 14, 'TEXT', '', 'N', 'N', 'N', '', 'LEFT', '80', '22', 'LEFT', 'N', 'Y', '', NULL, 'N', '', '', '', '', '', '', '', '', '', 'N', '', NULL, '20210726205356', 0, NULL, NULL),
(38, 4, 9, 34, 20, 'CD', 'CD', 'STRING', 16, 30, 'TEXT', '', 'N', 'N', 'N', '', 'LEFT', '60', '', 'LEFT', 'N', 'Y', '', NULL, 'N', '', '', '', '', '', '', '', '', '', 'N', '', NULL, '20210726205357', 0, NULL, NULL),
(38, 4, 9, 35, 30, 'NM', 'NM', 'STRING', 15, 100, 'TEXT', '', 'N', 'N', 'N', '', 'LEFT', '60', '', 'LEFT', 'N', 'Y', '', NULL, 'N', '', '', '', '', '', '', '', '', '', 'N', '', NULL, '20210726205357', 0, NULL, NULL),
(38, 4, 9, 36, 40, 'CDDESC', 'CDDESC', 'STRING', 15, 200, 'TEXT', '', 'N', 'N', 'N', '', 'LEFT', '60', '', 'LEFT', 'N', 'Y', '', NULL, 'N', '', '', '', '', '', '', '', '', '', 'N', '', NULL, '20210726205357', 0, NULL, NULL),
(38, 4, 9, 37, 50, 'PCD', 'PCD', 'STRING', 16, 30, 'TEXT', '', 'N', 'N', 'N', '', 'LEFT', '60', '', 'LEFT', 'N', 'Y', '', NULL, 'N', '', '', '', '', '', '', '', '', '', 'N', '', NULL, '20210726205357', 0, NULL, NULL),
(38, 4, 9, 38, 60, 'ORD', 'ORD', 'NUMBER', 2, 10, 'TEXT', '', 'N', 'N', 'N', '', 'LEFT', '30', '', 'LEFT', 'N', 'Y', '', NULL, 'N', '', '', '', '', '', '', '', '', '', 'N', '', NULL, '20210726205357', 0, NULL, NULL),
(38, 4, 9, 39, 70, 'CDVAL', 'CDVAL', 'STRING', NULL, 200, 'TEXT', '', 'N', 'N', 'N', '', 'LEFT', '60', '', 'LEFT', 'N', 'Y', '', NULL, 'N', '', '', '', '', '', '', '', '', '', 'N', '', NULL, '20210726205357', 0, NULL, NULL),
(38, 4, 9, 40, 80, 'CDVAL2', 'CDVAL2', 'STRING', NULL, 200, 'TEXT', '', 'N', 'N', 'N', '', 'LEFT', '60', '', 'LEFT', 'N', 'Y', '', NULL, 'N', '', '', '', '', '', '', '', '', '', 'N', '', NULL, '20210726205357', 0, NULL, NULL),
(38, 4, 9, 41, 90, 'CDMIN', 'CDMIN', 'STRING', 16, 30, 'TEXT', '', 'N', 'N', 'N', '', 'LEFT', '60', '', 'LEFT', 'N', 'Y', '', NULL, 'N', '', '', '', '', '', '', '', '', '', 'N', '', NULL, '20210726205357', 0, NULL, NULL),
(38, 4, 9, 42, 100, 'CDMAX', 'CDMAX', 'STRING', 16, 30, 'TEXT', '', 'N', 'N', 'N', '', 'LEFT', '60', '', 'LEFT', 'N', 'Y', '', NULL, 'N', '', '', '', '', '', '', '', '', '', 'N', '', NULL, '20210726205357', 0, NULL, NULL),
(38, 4, 9, 43, 110, 'DATATYPE', '데이터타입', 'STRING', 8, 30, 'TEXT', '', 'N', 'N', 'N', '100', 'LEFT', '200', '', 'LEFT', 'N', 'Y', '', NULL, 'N', '', '', '', '', '', '', '', '', '', 'N', '', NULL, '20210726205357', 0, NULL, NULL),
(38, 4, 9, 44, 120, 'EDITYN', 'EDITYN', 'STRING', 16, 1, 'TEXT', '', 'N', 'N', 'N', '', 'LEFT', '60', '', 'LEFT', 'N', 'Y', '', NULL, 'N', '', '', '', '', '', '', '', '', '', 'N', '', NULL, '20210726205357', 0, NULL, NULL),
(38, 4, 9, 45, 130, 'FORMATYN', 'FORMATYN', 'STRING', 16, 1, 'TEXT', '', 'N', 'N', 'N', '', 'LEFT', '60', '', 'LEFT', 'N', 'Y', '', NULL, 'N', '', '', '', '', '', '', '', '', '', 'N', '', NULL, '20210726205357', 0, NULL, NULL),
(38, 4, 9, 46, 140, 'USEYN', '사용', 'STRING', 8, 1, 'TEXT', '', 'N', 'N', 'N', '', '', '70', '', 'LEFT', 'N', 'Y', '', NULL, 'N', '', '', '', '', '', '', '', '', '', 'N', '', NULL, '20210726205357', 0, NULL, NULL),
(38, 4, 9, 47, 150, 'DELYN', '삭제YN', 'STRING', 15, 1, 'TEXT', '', 'N', 'N', 'N', '100', 'LEFT', '40', '', 'LEFT', 'N', 'Y', '', NULL, 'N', '', '', '', '', '', '', '', '', '', 'N', '', NULL, '20210726205357', 0, NULL, NULL),
(38, 4, 9, 48, 160, 'ADDDT', 'ADDDT', 'STRING', 2, 14, 'TEXTVIEW', '', 'N', 'N', 'N', '', 'LEFT', '80', '22', 'LEFT', 'N', 'Y', '', NULL, 'N', '', '', '', '', '', '', '', '', '', 'N', '', NULL, '20210726205357', 0, NULL, NULL),
(38, 4, 9, 49, 170, 'MODDT', 'MODDT', 'STRING', 2, 14, 'TEXTVIEW', '', 'N', 'N', 'N', '', 'LEFT', '80', '22', 'LEFT', 'N', 'Y', '', NULL, 'N', '', '', '', '', '', '', '', '', '', 'N', '', NULL, '20210726205357', 0, NULL, NULL),
(38, 4, 9, 50, 10, 'CODED_SEQ', 'SEQ', 'NUMBER', 2, 30, 'TEXTVIEW', '', 'Y', 'Y', '', '', '', '30', '', 'LEFT', 'N', 'Y', '', NULL, 'N', '', '', '', '', '', '', '', '', '', 'N', '', NULL, '20210726205357', 0, NULL, NULL),
(38, 5, 10, 51, 10, 'PCD', 'PCD', 'STRING', NULL, 30, 'INPUTBOX', '', 'N', 'N', 'N', '100', 'LEFT', '100', '22', 'LEFT', 'N', 'Y', '', NULL, 'N', '', '', '', '', '', '', '', '', 'CDD, sCodeD', 'N', '', NULL, '20210726205415', 0, NULL, NULL),
(38, 5, 10, 52, 20, 'CD', 'CD', 'STRING', 16, 30, 'INPUTBOX', '', 'N', 'N', 'N', '100', 'LEFT', '100', '22', 'LEFT', 'N', 'Y', '', NULL, 'N', '', '', '', '', '', '', '', '', '', '', '', NULL, '20210726205415', 0, NULL, NULL),
(38, 5, 11, 53, 10, 'CD', 'CD', 'STRING', 16, 30, 'TEXTVIEW', '', 'Y', 'Y', 'N', '', 'LEFT', '40', '', 'LEFT', 'N', 'Y', '', NULL, 'N', '', '', '', '', '', '', '', '', '', 'N', '', NULL, '20210726205415', 0, NULL, NULL),
(38, 5, 11, 54, 20, 'NM', 'NM', 'STRING', 15, 100, 'TEXTVIEW', '', 'N', 'N', 'N', '', 'LEFT', '60', '', 'LEFT', 'N', 'Y', '', NULL, 'N', '', '', '', '', '', '', '', '', '', 'N', '', NULL, '20210726205415', 0, NULL, NULL),
(38, 5, 12, 55, 10, 'CODED_SEQ', 'SEQ', 'NUMBER', 2, 30, 'INPUTBOX', '', 'N', 'N', 'N', '100', '', '150', '', 'LEFT', 'N', 'Y', '', NULL, 'N', '', '', '', '', '', '', '', '', '', 'N', NULL, NULL, '20210726205415', 0, NULL, NULL),
(38, 5, 12, 56, 20, 'CD', 'CD', 'STRING', 16, 30, 'INPUTBOX', '', 'N', 'N', 'N', '100', 'LEFT', '150', '', 'LEFT', 'N', 'Y', '', NULL, 'N', '', '', '', '', '', '', '', '', '', 'N', NULL, NULL, '20210726205415', 0, NULL, NULL),
(38, 5, 12, 57, 30, 'NM', 'NM', 'STRING', 15, 100, 'INPUTBOX', '', 'N', 'N', 'N', '100', 'LEFT', '150', '', 'LEFT', 'N', 'Y', '', NULL, 'Y', '', '', '', '', '', '', '', '', '', 'N', NULL, NULL, '20210726205415', 0, NULL, NULL),
(38, 5, 12, 58, 40, 'CDDESC', 'CDDESC', 'STRING', 15, 200, 'INPUTBOX', '', 'N', 'N', 'N', '100', 'LEFT', '150', '', 'LEFT', 'N', 'Y', '', NULL, 'N', '', '', '', '', '', '', '', '', '', 'N', NULL, NULL, '20210726205415', 0, NULL, NULL),
(38, 5, 12, 59, 50, 'PCD', 'PCD', 'STRING', 16, 30, 'INPUTBOX', '', 'N', 'N', 'N', '100', 'LEFT', '150', '22', 'LEFT', 'N', 'Y', '', NULL, 'Y', '', '', '', '', '', '', '', '', '', 'N', NULL, NULL, '20210726205415', 0, NULL, NULL),
(38, 5, 12, 60, 60, 'ORD', 'ORD', 'NUMBER', 2, 10, 'INPUTBOX', '', 'N', 'N', 'N', '100', 'LEFT', '150', '22', 'LEFT', 'N', 'Y', '', NULL, 'N', '', '', '', '', '', '', '', '', '', 'N', NULL, NULL, '20210726205415', 0, NULL, NULL),
(38, 5, 12, 61, 70, 'CDVAL', 'CDVAL', 'STRING', NULL, 200, 'INPUTBOX', '', 'N', 'N', 'N', '100', 'LEFT', '150', '', 'LEFT', 'N', 'Y', '', NULL, 'Y', '', '', '', '', '', '', '', '', '', 'N', NULL, NULL, '20210726205416', 0, NULL, NULL),
(38, 5, 12, 62, 80, 'CDVAL2', 'CDVAL2', 'STRING', NULL, 200, 'INPUTBOX', '', 'N', 'N', 'N', '100', 'LEFT', '150', '', 'LEFT', 'N', 'Y', '', NULL, 'N', '', '', '', '', '', '', '', '', '', 'N', NULL, NULL, '20210726205416', 0, NULL, NULL),
(38, 5, 12, 63, 90, 'CDMIN', 'CDMIN', 'STRING', 16, 30, 'INPUTBOX', '', 'N', 'N', 'N', '100', 'LEFT', '150', '', 'LEFT', 'N', 'Y', '', NULL, 'Y', '', '', '', '', '', '', '', '', '', 'N', NULL, NULL, '20210726205416', 0, NULL, NULL),
(38, 5, 12, 64, 100, 'CDMAX', 'CDMAX', 'STRING', 16, 30, 'INPUTBOX', '', 'N', 'N', 'N', '100', 'LEFT', '150', '', 'LEFT', 'N', 'Y', '', NULL, 'N', '', '', '', '', '', '', '', '', '', 'N', NULL, NULL, '20210726205416', 0, NULL, NULL),
(38, 5, 12, 65, 110, 'DATATYPE', '데이터타입', 'STRING', 8, 30, 'INPUTBOX', '', 'N', 'N', 'N', '100', 'LEFT', '150', '22', 'LEFT', 'N', 'Y', '', NULL, 'Y', '', '', '', '', '', '', '', '', '', 'N', NULL, NULL, '20210726205416', 0, NULL, NULL),
(38, 5, 12, 66, 120, 'EDITYN', 'EDITYN', 'STRING', 16, 1, 'INPUTBOX', '', 'N', 'N', 'N', '100', 'LEFT', '150', '22', 'LEFT', 'N', 'Y', '', NULL, 'N', '', '', '', '', '', '', '', '', '', 'N', NULL, NULL, '20210726205416', 0, NULL, NULL),
(38, 5, 12, 67, 130, 'FORMATYN', 'FORMATYN', 'STRING', 16, 1, 'INPUTBOX', '', 'N', 'N', 'N', '100', 'LEFT', '150', '', 'LEFT', 'N', 'Y', '', NULL, 'Y', '', '', '', '', '', '', '', '', '', 'N', NULL, NULL, '20210726205416', 0, NULL, NULL),
(38, 5, 12, 68, 140, 'USEYN', '사용', 'STRING', 8, 1, 'INPUTBOX', '', 'N', 'N', 'N', '100', 'LEFT', '150', '22', 'LEFT', 'N', 'Y', '', NULL, 'N', '', '', '', '', '', '', '', '', '', 'N', NULL, NULL, '20210726205416', 0, NULL, NULL),
(38, 5, 12, 69, 150, 'DELYN', '삭제YN', 'STRING', 15, 1, 'INPUTBOX', '', 'N', 'N', 'N', '100', 'LEFT', '150', '', 'LEFT', 'N', 'Y', '', NULL, 'Y', '', '', '', '', '', '', '', '', '', 'N', NULL, NULL, '20210726205416', 0, NULL, NULL),
(38, 5, 12, 70, 160, 'ADDDT', '생성일', 'STRING', NULL, 14, 'TEXTVIEW', '', 'N', 'N', 'N', '100', 'LEFT', '150', '', 'LEFT', 'N', 'Y', '', NULL, 'Y', '', '', '', '', '', '', '', '', '', 'N', NULL, NULL, '20210726205416', 0, NULL, NULL),
(38, 5, 12, 71, 170, 'MODDT', 'MODDT', 'STRING', 2, 14, 'TEXTVIEW', '', 'N', 'N', 'N', '100', 'LEFT', '150', '22', 'LEFT', 'N', 'Y', '', NULL, 'N', '', '', '', '', '', '', '', '', '', 'N', NULL, NULL, '20210726205416', 0, NULL, NULL),
(38, 6, 13, 72, 10, 'USR_ID', 'USR_ID', 'STRING', 8, 10, 'INPUTBOX', '', 'N', 'N', 'N', '100px', 'LEFT', '100px', '', 'LEFT', 'N', 'Y', '', NULL, 'N', '', '', '', '', '', '', '', '', '', '', '', NULL, '20210726205442', 0, NULL, NULL),
(38, 6, 13, 73, 20, 'USR_NM', 'USR_NM', 'STRING', 15, 10, 'INPUTBOX', '', 'N', 'N', 'N', '100px', 'LEFT', '100px', '', 'LEFT', 'N', 'Y', '', NULL, 'N', '', '', '', '', '', '', '', '', '', '', '', NULL, '20210726205442', 0, NULL, NULL),
(38, 6, 13, 74, 30, 'TEAMNM', 'TEAMNM', 'STRING', NULL, 40, 'INPUTBOX', '', 'N', 'N', 'N', '100px', 'LEFT', '100px', '', 'LEFT', 'N', 'Y', '', NULL, 'N', '', '', '', '', '', '', '', '', '', '', '', NULL, '20210726205442', 0, NULL, NULL),
(38, 6, 14, 75, 10, 'USR_SEQ', 'USR_SEQ', 'NUMBER', 2, 10, 'TEXTVIEW', '', 'N', 'N', 'N', '100', 'LEFT', '200', '22', 'LEFT', 'N', 'Y', '', NULL, 'N', '', '', '', '', '', '', '', '', '', '', '', NULL, '20210726205442', 0, NULL, NULL),
(38, 6, 14, 76, 20, 'USR_ID', 'USR_ID', 'STRING', 8, 10, 'TEXT', '', 'N', 'N', 'N', '100', 'CENTER', '50', '22', 'LEFT', 'N', 'Y', '', NULL, 'N', '', '', '', '', '', '', '', '', '', '', '', NULL, '20210726205442', 0, NULL, NULL),
(38, 6, 14, 77, 30, 'USR_NM', 'USR_NM', 'STRING', 15, 10, 'TEXT', '', 'N', 'N', 'N', '100', 'LEFT', '60', '22', 'LEFT', 'N', 'Y', '', NULL, 'N', '', '', '', '', '', '', '', '', '', '', '', NULL, '20210726205442', 0, NULL, NULL),
(38, 6, 14, 78, 40, 'PHONE', 'PHONE', 'STRING', 5, 20, 'TEXT', '', 'N', 'N', 'N', '', 'LEFT', '60', '22', 'LEFT', 'N', 'Y', '', NULL, 'N', '', '', '', '', '', '', '', '', '', '', '', NULL, '20210726205442', 0, NULL, NULL),
(38, 6, 14, 79, 50, 'USE_YN', 'USE_YN', 'STRING', 15, 1, 'TEXT', '', 'N', 'N', 'N', '', 'LEFT', '60', '22', 'LEFT', 'N', 'Y', '', NULL, 'N', '', '', '', '', '', '', '', '', '', '', '', NULL, '20210726205442', 0, NULL, NULL),
(38, 6, 14, 80, 60, 'USR_PWD', 'USR_PWD', 'STRING', 15, 200, 'TEXT', '', 'N', 'N', 'N', '100', 'LEFT', '90', '22', 'LEFT', 'N', 'Y', '', NULL, 'N', '', '', '', '', '', '', '', '', '', '', '', NULL, '20210726205442', 0, NULL, NULL),
(38, 6, 14, 81, 70, 'PW_ERR_CNT', 'PW_ERR_CNT', 'NUMBER', 2, 2, 'TEXT', '', 'N', 'N', 'N', '100', 'LEFT', '40', '22', 'LEFT', 'N', 'Y', '', NULL, 'N', '', '', '', '', '', '', '', '', '', '', '', NULL, '20210726205443', 0, NULL, NULL),
(38, 6, 14, 82, 80, 'LAST_STATUS', 'LAST_STATUS', 'STRING', 15, 40, 'TEXT', '', 'N', 'N', 'N', '100', 'LEFT', '200', '22', 'LEFT', 'N', 'Y', '', NULL, 'N', '', '', '', '', '', '', '', '', '', '', '', NULL, '20210726205443', 0, NULL, NULL),
(38, 6, 14, 83, 90, 'LOCK_LIMIT_DT', 'LOCK_LIMIT_DT', 'STRING', 16, 14, 'TEXT', '', 'N', 'N', 'N', '', '', '60', '', 'LEFT', 'N', 'Y', '', NULL, 'N', '', '', '', '', '', '', '', '', '', '', '', NULL, '20210726205443', 0, NULL, NULL),
(38, 6, 14, 84, 100, 'LOCK_LAST_DT', 'LOCK_LAST_DT', 'STRING', NULL, 30, 'TEXT', '', 'N', 'N', 'N', '', '', '60', '', 'LEFT', 'N', 'Y', '', NULL, 'N', '', '', '', '', '', '', '', '', '', '', '', NULL, '20210726205443', 0, NULL, NULL),
(38, 6, 14, 85, 110, 'EXPIRE_DT', 'EXPIRE_DT', 'STRING', NULL, 30, 'TEXT', '', 'N', 'N', 'N', '', '', '60', '', 'LEFT', 'N', 'Y', '', NULL, 'N', '', '', '', '', '', '', '', '', '', '', '', NULL, '20210726205443', 0, NULL, NULL),
(38, 6, 14, 86, 120, 'PW_CHG_DT', 'PW_CHG_DT', 'STRING', 2, 20, 'TEXTVIEW', '', 'N', 'N', 'N', '', 'LEFT', '60', '22', 'LEFT', 'N', 'Y', '', NULL, 'N', '', '', '', '', '', '', '', '', '', '', '', NULL, '20210726205443', 0, NULL, NULL),
(38, 6, 14, 87, 130, 'PW_CHG_ID', 'PW_CHG_ID', 'STRING', NULL, 30, 'TEXTVIEW', '', 'N', 'N', 'N', '', '', '60', '', '', 'N', 'Y', '', NULL, 'N', '', '', '', '', '', '', '', '', '', '', '', NULL, '20210726205443', 0, NULL, NULL),
(38, 6, 14, 88, 280, 'ADD_DT', 'ADD', 'STRING', 2, 14, 'TEXTVIEW', '', 'N', 'N', 'N', '', '', '60', '', 'LEFT', 'N', 'Y', '', NULL, 'N', '', '', '', '', '', '', '', '', '', '', '', NULL, '20210726205443', 0, NULL, NULL),
(38, 6, 14, 89, 290, 'MOD_DT', 'MOD', 'STRING', 15, 14, 'TEXTVIEW', '', 'N', 'N', 'N', '', '', '60', '', '', 'N', 'Y', '', NULL, 'N', '', '', '', '', '', '', '', '', '', '', '', NULL, '20210726205443', 0, NULL, NULL),
(38, 6, 14, 90, 140, 'LDAP_LOGIN_YN', 'LDAP_LOGIN_YN', 'STRING', 8, 1, 'TEXT', '', 'N', 'N', '', '', '', '60', '', 'LEFT', 'N', 'Y', '', NULL, 'N', '', '', '', '', '', '', '', '', '', '', '', NULL, '20210726205443', 0, NULL, NULL),
(38, 6, 14, 91, 150, 'TEAMCD', 'TEAMCD', 'STRING', NULL, 40, 'TEXT', '', 'N', 'N', '', '', '', '60', '', 'LEFT', 'N', 'Y', '', NULL, 'N', '', '', '', '', '', '', '', '', '', '', '', NULL, '20210726205443', 0, NULL, NULL),
(38, 6, 14, 92, 160, 'TEAMNM', 'TEAMNM', 'STRING', NULL, 40, 'TEXT', '', 'N', 'N', '', '', '', '60', '', 'LEFT', 'N', 'Y', '', NULL, 'N', '', '', '', '', '', '', '', '', '', '', '', NULL, '20210726205443', 0, NULL, NULL),
(38, 6, 14, 93, 5, 'CHK', 'CHK', 'NUMBER', 19, 1, 'ROWCHKUP', '', 'N', 'N', 'N', '', '', '50', '', 'LEFT', 'N', 'Y', '', NULL, 'N', '', '', '', '', '', '', '', '', '', '', '', NULL, '20210726205443', 0, NULL, NULL),
(38, 6, 15, 94, 10, 'GRP_SEQ', 'GRP_SEQ', 'STRING', 2, 30, 'TEXTVIEW', '', 'N', 'N', 'N', '', 'LEFT', '60', '22', 'LEFT', 'N', 'Y', '', NULL, 'N', '', '', '', '', '', '', '', '', '', '', '', NULL, '20210726205443', 0, NULL, NULL),
(38, 6, 15, 95, 20, 'GRP_NM', 'GRP_NM', 'STRING', 15, 30, 'TEXTVIEW', '', 'N', 'N', 'N', '', 'LEFT', '120', '22', 'LEFT', 'N', 'Y', '', NULL, 'N', '', '', '', '', '', '', '', '', '', '', '', NULL, '20210726205443', 0, NULL, NULL),
(38, 6, 15, 96, 30, 'USE_YN', 'USE_YN', 'STRING', 15, 1, 'TEXTVIEW', '', 'N', 'N', 'N', '', 'LEFT', '60', '22', 'LEFT', 'N', 'Y', '', NULL, 'N', '', '', '', '', '', '', '', '', '', '', '', NULL, '20210726205443', 0, NULL, NULL),
(38, 6, 15, 97, 40, 'ADD_DT', 'ADD', 'STRING', 2, 14, 'TEXTVIEW', '', 'N', 'N', 'N', '', '', '60', '', 'LEFT', 'N', 'Y', '', NULL, 'N', '', '', '', '', '', '', '', '', '', '', '', NULL, '20210726205443', 0, NULL, NULL),
(38, 6, 15, 98, 5, 'USR_SEQ', 'USR_SEQ', 'NUMBER', 2, 10, 'TEXTVIEW', '', 'N', 'N', 'N', '100', 'LEFT', '200', '22', 'LEFT', 'N', 'Y', '', NULL, 'N', '', '', '', '', '', '', '', '', '', '', '', NULL, '20210726205443', 0, NULL, NULL),
(38, 6, 16, 99, 10, 'USR_SEQ', 'USR_SEQ', 'NUMBER', 2, 10, 'TEXTVIEW', '', 'N', 'N', 'N', '100', 'LEFT', '200', '22', 'LEFT', 'N', 'Y', '', NULL, 'N', '', '', '', '', '', '', '', '', '', '', '', NULL, '20210726205443', 0, NULL, NULL),
(38, 6, 16, 100, 20, 'TEAM_SEQ', 'TEAM_SEQ', 'NUMBER', 2, 100, 'TEXTVIEW', '', 'N', 'N', 'N', '', '', '60', '', 'LEFT', 'N', 'Y', '', NULL, 'N', '', '', '', '', '', '', '', '', '', '', '', NULL, '20210726205443', 0, NULL, NULL),
(38, 6, 16, 101, 30, 'TEAMCD', 'TEAMCD', 'STRING', NULL, 40, 'TEXTVIEW', '', 'N', 'N', 'N', '', '', '60', '', 'LEFT', 'N', 'Y', '', NULL, 'N', '', '', '', '', '', '', '', '', '', '', '', NULL, '20210726205443', 0, NULL, NULL),
(38, 6, 16, 102, 40, 'TEAMNM', 'TEAMNM', 'STRING', 15, 40, 'TEXTVIEW', '', 'N', 'N', 'N', '', 'LEFT', '120', '22', 'LEFT', 'N', 'Y', '', NULL, 'N', '', '', '', '', '', '', '', '', '', '', '', NULL, '20210726205443', 0, NULL, NULL),
(38, 6, 16, 103, 50, 'USE_YN', 'USE_YN', 'STRING', 15, 1, 'TEXTVIEW', '', 'N', 'N', 'N', '', 'LEFT', '60', '22', 'LEFT', 'N', 'Y', '', NULL, 'N', '', '', '', '', '', '', '', '', '', '', '', NULL, '20210726205443', 0, NULL, NULL),
(38, 6, 16, 104, 60, 'ADD_DT', 'ADD', 'STRING', 2, 14, 'TEXTVIEW', '', 'N', 'N', 'N', '', '', '60', '', 'LEFT', 'N', 'Y', '', NULL, 'N', '', '', '', '', '', '', '', '', '', '', '', NULL, '20210726205443', 0, NULL, NULL),
(38, 7, 17, 105, 10, 'GRP_SEQ', 'GRP_SEQ', 'STRING', 2, 30, 'INPUTBOX', '', 'N', 'N', 'N', '60px', 'LEFT', '60px', '22', 'LEFT', 'N', 'Y', '', NULL, 'N', '', '', '', '', '', '', '', '', '', 'N', '', NULL, '20210726205506', 0, NULL, NULL),
(38, 7, 17, 106, 20, 'GRP_NM', 'GRP_NM', 'STRING', 15, 30, 'INPUTBOX', '', 'N', 'N', 'N', '60px', 'LEFT', '60px', '22', 'LEFT', 'N', 'Y', '', NULL, 'N', '', '', '', '', '', '', '', '', '', 'N', '', NULL, '20210726205506', 0, NULL, NULL),
(38, 7, 17, 107, 30, 'USE_YN', 'USE_YN', 'STRING', 15, 1, 'INPUTBOX', '', 'N', 'N', 'N', '60px', 'LEFT', '60px', '22', 'LEFT', 'N', 'Y', '', NULL, 'N', '', '', '', '', '', '', '', '', '', 'N', '', NULL, '20210726205506', 0, NULL, NULL),
(38, 7, 17, 108, 50, 'USR_ID', 'USR_ID', 'STRING', 8, 10, 'INPUTBOX', '', 'N', 'N', 'N', '100px', 'LEFT', '100px', '22', 'LEFT', 'N', 'Y', '', NULL, 'N', '', '', '', '', '', '', '', '', '', '', '', NULL, '20210726205506', 0, NULL, NULL),
(38, 7, 17, 109, 60, 'USR_NM', 'USR_NM', 'STRING', 15, 10, 'INPUTBOX', '', 'N', 'N', 'N', '100px', 'LEFT', '100px', '22', 'LEFT', 'N', 'Y', '', NULL, 'N', '', '', '', '', '', '', '', '', '', '', '', NULL, '20210726205506', 0, NULL, NULL),
(38, 7, 18, 110, 10, 'GRP_SEQ', 'GRP_SEQ', 'STRING', 2, 30, 'TEXTVIEW', '', 'Y', 'N', 'N', '', 'LEFT', '60', '22', 'LEFT', 'N', 'Y', '', NULL, 'N', '', '', '', '', '', '', '', '', '', 'N', '', NULL, '20210726205506', 0, NULL, NULL),
(38, 7, 18, 111, 20, 'GRP_NM', 'GRP_NM', 'STRING', 15, 30, 'TEXT', '', 'N', 'N', 'N', '', 'LEFT', '120', '22', 'LEFT', 'N', 'Y', '', NULL, 'N', '', '', '', '', '', '', '', '', '', 'N', '', NULL, '20210726205506', 0, NULL, NULL),
(38, 7, 18, 112, 30, 'USE_YN', 'USE_YN', 'STRING', 15, 1, 'TEXT', '', 'N', 'N', 'N', '', 'LEFT', '60', '22', 'LEFT', 'N', 'Y', '', NULL, 'N', '', '', '', '', '', '', '', '', '', 'N', '', NULL, '20210726205506', 0, NULL, NULL),
(38, 7, 18, 113, 120, 'MOD_DT', 'MOD', 'STRING', 15, 14, 'TEXTVIEW', '', 'N', 'N', 'N', '', '', '60', '', '', 'N', 'N', '', NULL, 'N', '', '', '', '', '', '', '', '', '', 'N', '', NULL, '20210726205506', 0, NULL, NULL),
(38, 7, 18, 114, 110, 'ADD_DT', 'ADD', 'STRING', 2, 14, 'TEXTVIEW', '', 'N', 'N', 'N', '', '', '60', '', 'LEFT', 'N', 'N', '', NULL, 'N', '', '', '', '', '', '', '', '', '', 'N', '', NULL, '20210726205506', 0, NULL, NULL),
(38, 7, 19, 115, 10, 'GRP_SEQ', 'GRP_SEQ', 'STRING', 2, 30, 'TEXTVIEW', '', 'N', 'N', 'N', '', 'LEFT', '60', '22', 'LEFT', 'Y', 'Y', '', NULL, 'N', '', '', '', '', '', '', '', '', '', 'N', '', NULL, '20210726205507', 0, NULL, NULL),
(38, 7, 19, 116, 20, 'USR_SEQ', 'USR_SEQ', 'NUMBER', 2, 10, 'TEXTVIEW', '', 'Y', 'N', 'N', '100', 'LEFT', '200', '22', 'LEFT', 'Y', 'Y', '', NULL, 'N', '', '', '', '', '', '', '', '', '', 'N', '', NULL, '20210726205507', 0, NULL, NULL),
(38, 7, 19, 117, 130, 'ADD_DT', 'ADD', 'STRING', 2, 14, 'TEXTVIEW', '', 'N', 'N', 'N', '', '', '60', '', 'LEFT', 'N', 'Y', '', NULL, 'N', '', '', '', '', '', '', '', '', '', 'N', '', NULL, '20210726205507', 0, NULL, NULL),
(38, 7, 19, 118, 140, 'ADD_ID', 'ADD_ID', 'STRING', 15, 30, 'TEXTVIEW', '', 'N', 'N', 'N', '', 'LEFT', '60', '22', 'LEFT', 'N', 'Y', '', NULL, 'N', '', '', '', '', '', '', '', '', '', 'N', '', NULL, '20210726205507', 0, NULL, NULL),
(38, 7, 19, 119, 5, 'CHK', 'CHK', 'NUMBER', 19, 3, 'ROWCHKUP', '', 'N', 'N', 'N', '', '', '50', '', 'LEFT', 'N', 'Y', '', NULL, 'N', '', '', '', '', '', '', '', '', '', 'N', '', NULL, '20210726205507', 0, NULL, NULL),
(38, 7, 19, 120, 30, 'USR_ID', 'USR_ID', 'STRING', 8, 10, 'TEXTVIEW', '', 'N', 'N', 'N', '100', 'LEFT', '60', '22', 'LEFT', 'N', 'N', '', NULL, 'N', '', '', '', '', '', '', '', '', '', 'N', '', NULL, '20210726205507', 0, NULL, NULL),
(38, 7, 19, 121, 40, 'USR_NM', 'USR_NM', 'STRING', 15, 10, 'TEXTVIEW', '', 'N', 'N', 'N', '100', 'LEFT', '60', '22', 'LEFT', 'N', 'N', '', NULL, 'N', '', '', '', '', '', '', '', '', '', 'N', '', NULL, '20210726205507', 0, NULL, NULL),
(38, 7, 20, 122, 10, 'USR_SEQ', 'USR_SEQ', 'NUMBER', 2, 10, 'TEXTVIEW', '', 'Y', 'N', 'N', '100', 'LEFT', '200', '22', 'LEFT', 'Y', 'Y', '', NULL, 'N', '', '', '', '', '', '', '', '', '', 'N', '', NULL, '20210726205507', 0, NULL, NULL),
(38, 7, 20, 123, 20, 'USR_ID', 'USR_ID', 'STRING', 8, 10, 'TEXT', '', 'N', 'N', 'N', '100', 'LEFT', '60', '22', 'LEFT', 'N', 'Y', '', NULL, 'N', '', '', '', '', '', '', '', '', '', 'N', '', NULL, '20210726205507', 0, NULL, NULL),
(38, 7, 20, 124, 30, 'USR_NM', 'USR_NM', 'STRING', 15, 10, 'TEXT', '', 'N', 'N', 'N', '100', 'LEFT', '60', '22', 'LEFT', 'N', 'Y', '', NULL, 'N', '', '', '', '', '', '', '', '', '', 'N', '', NULL, '20210726205507', 0, NULL, NULL),
(38, 7, 20, 125, 5, 'CHK', 'CHK', 'NUMBER', 19, 3, 'ROWCHKUP', '', 'N', 'N', 'N', '', '', '50', '', 'LEFT', 'N', 'Y', '', NULL, 'N', '', '', '', '', '', '', '', '', '', 'N', '', NULL, '20210726205507', 0, NULL, NULL),
(38, 8, 21, 126, 10, 'GRP_NM', 'GRP_NM', 'STRING', 15, 30, 'INPUTBOX', '', 'N', 'N', 'N', '80px', 'LEFT', '60px', '22', 'LEFT', 'N', 'Y', '', NULL, 'N', '', '', '', '', '', '', '', '', '', '', '', NULL, '20210726205526', 0, NULL, NULL),
(38, 8, 21, 127, 20, 'PGMID', '프로그램ID', 'STRING', 8, 20, 'INPUTBOX', '', 'N', 'N', 'N', '80px', 'LEFT', '60px', '22', 'LEFT', 'N', 'Y', '', NULL, 'N', '', '', '', '', '', '', '', '', '', '', '', NULL, '20210726205526', 0, NULL, NULL),
(38, 8, 21, 128, 30, 'AUTH_ID', 'AUTH_ID', 'STRING', 18, 50, 'INPUTBOX', '', 'N', 'N', 'N', '80px', 'LEFT', '60px', '22', 'LEFT', 'N', 'Y', '', NULL, 'N', '', '', '', '', '', '', '', '', '', '', '', NULL, '20210726205526', 0, NULL, NULL),
(38, 8, 21, 129, 40, 'AUTH_NM', 'AUTH_NM', 'STRING', 15, 50, 'INPUTBOX', '', 'N', 'N', 'N', '80px', 'LEFT', '60px', '22', 'LEFT', 'N', 'Y', '', NULL, 'N', '', '', '', '', '', '', '', '', '', '', '', NULL, '20210726205526', 0, NULL, NULL),
(38, 8, 22, 130, 10, 'GRP_SEQ', 'GRP_SEQ', 'STRING', 2, 30, 'TEXTVIEW', '', 'Y', 'N', 'N', '', 'LEFT', '60', '22', 'LEFT', 'N', 'Y', '', NULL, 'N', '', '', '', '', '', '', '', '', '', 'N', '', NULL, '20210726205527', 0, NULL, NULL),
(38, 8, 22, 131, 20, 'GRP_NM', 'GRP_NM', 'STRING', 15, 30, 'TEXT', '', 'N', 'N', 'N', '', 'LEFT', '120', '22', 'LEFT', 'N', 'Y', '', NULL, 'N', '', '', '', '', '', '', '', '', '', 'N', '', NULL, '20210726205527', 0, NULL, NULL),
(38, 8, 22, 132, 30, 'USE_YN', 'USE_YN', 'STRING', 15, 1, 'TEXT', '', 'N', 'N', 'N', '', 'LEFT', '60', '22', 'LEFT', 'N', 'Y', '', NULL, 'N', '', '', '', '', '', '', '', '', '', 'N', '', NULL, '20210726205527', 0, NULL, NULL),
(38, 8, 22, 133, 40, 'ADD_DT', 'ADD', 'STRING', 2, 14, 'TEXTVIEW', '', 'N', 'N', 'N', '', '', '60', '', 'LEFT', 'N', 'Y', '', NULL, 'N', '', '', '', '', '', '', '', '', '', 'N', '', NULL, '20210726205527', 0, NULL, NULL),
(38, 8, 22, 134, 50, 'ADD_ID', 'ADD_ID', 'STRING', 15, 30, 'TEXTVIEW', '', 'N', 'N', 'N', '', 'LEFT', '60', '22', 'LEFT', 'N', 'Y', '', NULL, 'N', '', '', '', '', '', '', '', '', '', 'N', '', NULL, '20210726205527', 0, NULL, NULL),
(38, 8, 23, 135, 5, 'CHK', 'CHK', 'NUMBER', 19, 1, 'ROWCHKUP', '', 'N', 'N', 'N', '', '', '50', '', 'LEFT', 'N', 'Y', '', NULL, 'N', '', '', '', '', '', '', '', '', '', 'N', '', NULL, '20210726205527', 0, NULL, NULL),
(38, 8, 23, 136, 60, 'ADD_DT', 'ADD', 'STRING', 2, 14, 'TEXTVIEW', '', 'N', 'N', 'N', '', '', '60', '', 'LEFT', 'N', 'Y', '', NULL, 'N', '', '', '', '', '', '', '', '', '', 'N', '', NULL, '20210726205527', 0, NULL, NULL),
(38, 8, 23, 137, 70, 'ADD_ID', 'ADD_ID', 'STRING', 15, 30, 'TEXTVIEW', '', 'N', 'N', 'N', '', 'LEFT', '60', '22', 'LEFT', 'N', 'Y', '', NULL, 'N', '', '', '', '', '', '', '', '', '', 'N', '', NULL, '20210726205527', 0, NULL, NULL),
(38, 8, 23, 138, 10, 'GRP_SEQ', 'GRP_SEQ', 'STRING', 2, 30, 'TEXTVIEW', '', 'N', 'N', 'N', '', 'LEFT', '60', '22', 'LEFT', 'N', 'Y', '', NULL, 'N', '', '', '', '', '', '', '', '', '', 'N', '', NULL, '20210726205527', 0, NULL, NULL),
(38, 8, 23, 139, 40, 'AUTH_NM', 'AUTH_NM', 'STRING', 15, 50, 'TEXTVIEW', '', 'N', 'N', 'N', '', 'LEFT', '90', '22', 'LEFT', 'N', 'N', '', NULL, 'N', '', '', '', '', '', '', '', '', '', 'N', '', NULL, '20210726205527', 0, NULL, NULL),
(38, 8, 23, 140, 30, 'AUTH_ID', 'AUTH_ID', 'STRING', 18, 50, 'TEXTVIEW', '', 'N', 'N', 'N', '', 'LEFT', '90', '22', 'LEFT', 'N', 'N', '', NULL, 'N', '', '', '', '', '', '', '', '', '', 'N', '', NULL, '20210726205527', 0, NULL, NULL),
(38, 8, 23, 141, 20, 'PGMID', '프로그램ID', 'STRING', 8, 20, 'TEXTVIEW', '', 'N', 'N', 'N', '', '', '60', '', 'LEFT', 'N', 'Y', '', NULL, 'N', '', '', '', '', '', '', '', '', '', 'N', '', NULL, '20210726205527', 0, NULL, NULL),
(38, 8, 23, 142, 7, 'GA_SEQ', 'GA_SEQ', 'NUMBER', 2, 20, 'TEXTVIEW', '', 'Y', 'Y', '', '', 'LEFT', '50', '22', 'LEFT', 'N', 'Y', '', NULL, 'N', '', '', '', '', '', '', '', '', '', 'N', '', NULL, '20210726205527', 0, NULL, NULL),
(38, 8, 23, 143, 25, 'MNU_NM', 'MNU_NM', 'STRING', 16, 30, 'TEXTVIEW', '', 'N', 'N', 'N', '', '', '60', '', 'LEFT', 'N', 'N', '', NULL, 'N', '', '', '', '', '', '', '', '', '', 'N', '', NULL, '20210726205527', 0, NULL, NULL),
(38, 8, 24, 144, 5, 'CHK', 'CHK', 'NUMBER', 19, 1, 'ROWCHKUP', '', 'N', 'N', 'N', '', '', '50', '', 'LEFT', 'N', 'Y', '', NULL, 'N', '', '', '', '', '', '', '', '', '', 'N', '', NULL, '20210726205527', 0, NULL, NULL),
(38, 8, 24, 145, 10, 'AUTH_SEQ', 'AUTH_SEQ', 'NUMBER', 2, 10, 'TEXTVIEW', '', 'Y', 'Y', 'N', '', 'LEFT', '60', '22', 'LEFT', 'N', 'Y', '', NULL, 'N', '', '', '', '', '', '', '', '', '', 'N', '', NULL, '20210726205527', 0, NULL, NULL),
(38, 8, 24, 146, 20, 'PGMID', '프로그램ID', 'STRING', 8, 20, 'TEXTVIEW', '', 'N', 'N', 'N', '', '', '60', '', 'LEFT', 'N', 'Y', '', NULL, 'N', '', '', '', '', '', '', '', '', '', 'N', '', NULL, '20210726205527', 0, NULL, NULL),
(38, 8, 24, 147, 30, 'AUTH_ID', 'AUTH_ID', 'STRING', 18, 50, 'TEXTVIEW', '', 'N', 'N', 'N', '', 'LEFT', '90', '22', 'LEFT', 'N', 'Y', '', NULL, 'N', '', '', '', '', '', '', '', '', '', 'N', '', NULL, '20210726205527', 0, NULL, NULL),
(38, 8, 24, 148, 40, 'AUTH_NM', 'AUTH_NM', 'STRING', 15, 50, 'TEXTVIEW', '', 'N', 'N', 'N', '', 'LEFT', '90', '22', 'LEFT', 'N', 'Y', '', NULL, 'N', '', '', '', '', '', '', '', '', '', 'N', '', NULL, '20210726205527', 0, NULL, NULL),
(38, 8, 24, 149, 50, 'USE_YN', 'USE_YN', 'STRING', 15, 1, 'TEXTVIEW', '', 'N', 'N', 'N', '', 'LEFT', '60', '22', 'LEFT', 'N', 'Y', '', NULL, 'N', '', '', '', '', '', '', '', '', '', 'N', '', NULL, '20210726205527', 0, NULL, NULL),
(38, 8, 24, 150, 60, 'ADD_DT', 'ADD', 'STRING', 2, 14, 'TEXTVIEW', '', 'N', 'N', 'N', '', '', '60', '', 'LEFT', 'N', 'Y', '', NULL, 'N', '', '', '', '', '', '', '', '', '', 'N', '', NULL, '20210726205527', 0, NULL, NULL),
(38, 8, 24, 151, 70, 'MOD_DT', 'MOD', 'STRING', 15, 14, 'TEXTVIEW', '', 'N', 'N', 'N', '', '', '60', '', 'LEFT', 'N', 'Y', '', NULL, 'N', '', '', '', '', '', '', '', '', '', 'N', '', NULL, '20210726205527', 0, NULL, NULL),
(38, 8, 24, 152, 25, 'MNU_NM', 'MNU_NM', 'STRING', 16, 30, 'TEXTVIEW', '', 'N', 'N', 'N', '', '', '60', '', 'LEFT', 'N', 'N', '', NULL, 'N', '', '', '', '', '', '', '', '', '', 'N', '', NULL, '20210726205527', 0, NULL, NULL),
(38, 9, 25, 153, 10, 'GRP_SEQ', 'GRP_SEQ', 'STRING', 2, 30, 'INPUTBOX', '', 'N', 'N', 'N', '', 'LEFT', '', '', 'LEFT', 'N', 'Y', '', NULL, 'N', '', NULL, '', NULL, NULL, '', NULL, NULL, NULL, 'N', NULL, NULL, '20210726205546', 0, NULL, NULL),
(38, 9, 25, 154, 20, 'GRP_NM', 'GRP_NM', 'STRING', 15, 30, 'INPUTBOX', '', 'N', 'N', 'N', '', 'LEFT', '', '', 'LEFT', 'N', 'Y', '', NULL, 'N', '', NULL, '', NULL, NULL, '', NULL, NULL, NULL, 'N', NULL, NULL, '20210726205546', 0, NULL, NULL),
(38, 9, 26, 155, 10, 'GRP_SEQ', 'GRP_SEQ', 'STRING', 2, 30, 'TEXTVIEW', '', 'Y', 'Y', 'N', '', 'LEFT', '60', '22', 'LEFT', 'N', 'Y', '', NULL, 'N', '', '', '', '', '', '', '', '', '', 'N', '', NULL, '20210726205546', 0, NULL, NULL),
(38, 9, 26, 156, 20, 'GRP_NM', 'GRP_NM', 'STRING', 15, 30, 'TEXT', '', 'N', 'N', 'N', '', 'LEFT', '120', '22', 'LEFT', 'N', 'Y', '', NULL, 'N', '', '', '', '', '', '', '', '', '', 'N', '', NULL, '20210726205546', 0, NULL, NULL),
(38, 9, 26, 157, 30, 'USE_YN', 'USE_YN', 'STRING', 15, 1, 'TEXT', '', 'N', 'N', 'N', '', 'LEFT', '60', '22', 'LEFT', 'N', 'Y', '', NULL, 'N', '', '', '', '', '', '', '', '', '', 'N', '', NULL, '20210726205546', 0, NULL, NULL),
(38, 9, 26, 158, 40, 'ADD_DT', 'ADD', 'STRING', 2, 14, 'TEXTVIEW', '', 'N', 'N', 'N', '', '', '60', '', 'LEFT', 'N', 'Y', '', NULL, 'N', '', '', '', '', '', '', '', '', '', 'N', '', NULL, '20210726205546', 0, NULL, NULL),
(38, 9, 26, 159, 50, 'ADD_ID', 'ADD_ID', 'STRING', 15, 30, 'TEXTVIEW', '', 'N', 'N', 'N', '', 'LEFT', '60', '22', 'LEFT', 'N', 'Y', '', NULL, 'N', '', '', '', '', '', '', '', '', '', 'N', '', NULL, '20210726205546', 0, NULL, NULL),
(38, 9, 26, 160, 60, 'MOD_DT', 'MOD', 'STRING', 15, 14, 'TEXTVIEW', '', 'N', 'N', 'N', '', '', '60', '', 'LEFT', 'N', 'Y', '', NULL, 'N', '', '', '', '', '', '', '', '', '', 'N', '', NULL, '20210726205546', 0, NULL, NULL),
(38, 9, 26, 161, 70, 'MOD_ID', 'MOD_ID', 'STRING', 15, 30, 'TEXTVIEW', '', 'N', 'N', 'N', '', 'LEFT', '60', '22', 'LEFT', 'N', 'Y', '', NULL, 'N', '', '', '', '', '', '', '', '', '', 'N', '', NULL, '20210726205546', 0, NULL, NULL),
(38, 9, 26, 162, 35, 'INTRO_PGMID', 'INTRO_PGMID', 'STRING', 8, 100, 'TEXT', '', 'N', 'N', '', '', '', '100', '', 'LEFT', 'N', 'Y', '', NULL, 'N', '', '', '', '', '', '', '', '', '', '', '', NULL, '20210726205546', 0, NULL, NULL),
(38, 10, 28, 163, 10, 'PGMID', '프로그램ID', 'STRING', 8, 20, 'INPUTBOX', 'PGMSEARCH', 'N', 'N', 'N', '80px', 'LEFT', '80px', '22', 'LEFT', 'N', 'Y', '', NULL, 'N', '', '', '', '', '', '', '', '', '', 'N', '', NULL, '20210726205607', 0, NULL, NULL),
(38, 10, 28, 164, 20, 'MNU_NM', 'MNU_NM', 'STRING', 16, 30, 'INPUTBOX', '', 'N', 'N', 'N', '80px', 'LEFT', '80px', '', '', 'N', 'Y', '', NULL, 'N', '', '', '', '', '', '', '', '', '', '', '', NULL, '20210726205607', 0, NULL, NULL),
(38, 10, 28, 165, 30, 'AUTH_ID', 'AUTH_ID', 'STRING', 18, 50, 'INPUTBOX', '', 'N', 'N', 'N', '80px', 'LEFT', '80px', '22', 'LEFT', 'N', 'Y', '', NULL, 'N', '', '', '', '', '', '', '', '', '', '', '', NULL, '20210726205607', 0, NULL, NULL),
(38, 10, 28, 166, 40, 'AUTH_NM', 'AUTH_NM', 'STRING', 15, 50, 'INPUTBOX', '', 'N', 'N', 'N', '80px', 'LEFT', '80px', '22', 'LEFT', 'N', 'Y', '', NULL, 'N', '', '', '', '', '', '', '', '', '', '', '', NULL, '20210726205607', 0, NULL, NULL),
(38, 10, 29, 167, 10, 'AUTH_SEQ', 'AUTH_SEQ', 'NUMBER', 2, 10, 'TEXTVIEW', '', 'Y', 'Y', 'N', '', 'LEFT', '60', '22', 'LEFT', 'N', 'Y', '', NULL, 'N', '', '', '', '', '', '', '', '', '', 'N', '', NULL, '20210726205608', 0, NULL, NULL),
(38, 10, 29, 168, 20, 'PGMID', '프로그램ID', 'STRING', 8, 20, 'TEXT', '', 'N', 'N', 'N', '100', 'LEFT', '100', '22', 'LEFT', 'N', 'Y', '', NULL, 'N', '', '', '', '', '', '', '', '', '', 'N', '', NULL, '20210726205608', 0, NULL, NULL),
(38, 10, 29, 169, 30, 'AUTH_ID', 'AUTH_ID', 'STRING', 18, 50, 'TEXT', '', 'N', 'N', 'N', '', 'LEFT', '120', '22', 'LEFT', 'N', 'Y', '', NULL, 'N', '', '', '', '', '', '', '', '', '', 'N', '', NULL, '20210726205608', 0, NULL, NULL),
(38, 10, 29, 170, 40, 'AUTH_NM', 'AUTH_NM', 'STRING', 15, 50, 'TEXT', '', 'N', 'N', 'N', '', 'LEFT', '120', '22', 'LEFT', 'N', 'Y', '', NULL, 'N', '', '', '', '', '', '', '', '', '', 'N', '', NULL, '20210726205608', 0, NULL, NULL),
(38, 10, 29, 171, 180, 'MOD_DT', 'MOD', 'STRING', 15, 14, 'TEXTVIEW', '', 'N', 'N', 'N', '', '', '60', '', 'LEFT', 'N', 'Y', '', NULL, 'N', '', '', '', '', '', '', '', '', '', 'N', '', NULL, '20210726205608', 0, NULL, NULL),
(38, 10, 29, 172, 60, 'USE_YN', 'USE_YN', 'STRING', 15, 1, 'TEXT', '', 'N', 'N', 'N', '', 'LEFT', '60', '22', 'LEFT', 'N', 'Y', '', NULL, 'N', '', '', '', '', '', '', '', '', '', 'N', '', NULL, '20210726205608', 0, NULL, NULL),
(38, 10, 29, 173, 170, 'ADD_DT', 'ADD', 'STRING', 2, 14, 'TEXTVIEW', '', 'N', 'N', 'N', '', '', '60', '', 'LEFT', 'N', 'Y', '', NULL, 'N', '', '', '', '', '', '', '', '', '', 'N', '', NULL, '20210726205608', 0, NULL, NULL),
(38, 10, 29, 174, 5, 'CHK', 'CHK', 'NUMBER', 19, 1, 'ROWCHKUP', '', 'N', 'N', 'N', '', '', '50', '', 'LEFT', 'N', 'Y', '', NULL, 'N', '', '', '', '', '', '', '', '', '', 'N', '', NULL, '20210726205608', 0, NULL, NULL),
(38, 10, 30, 175, 10, 'MNU_SEQ', 'MNU_SEQ', 'NUMBER', 2, 20, 'TEXTVIEW', '', 'N', 'Y', 'N', '', 'LEFT', '60', '22', 'LEFT', 'N', 'Y', '', NULL, 'N', '', '', '', '', '', '', '', '', '', '', '', NULL, '20210726205608', 0, NULL, NULL),
(38, 10, 30, 176, 20, 'MNU_NM', 'MNU_NM', 'STRING', 16, 30, 'TEXT', '', 'N', 'N', 'N', '', '', '60', '', 'LEFT', 'N', 'Y', '', NULL, 'N', '', '', '', '', '', '', '', '', '', '', '', NULL, '20210726205608', 0, NULL, NULL),
(38, 10, 30, 177, 30, 'PGMID', '프로그램ID', 'STRING', 8, 20, 'TEXT', '', 'N', 'N', 'N', '100', 'LEFT', '100', '22', 'LEFT', 'N', 'Y', '', NULL, 'N', '', '', '', '', '', '', '', '', '', '', '', NULL, '20210726205608', 0, NULL, NULL),
(38, 10, 30, 178, 40, 'URL', 'URL', 'STRING', 16, 50, 'TEXT', '', 'N', 'N', 'N', '40px', 'LEFT', '60', '', 'LEFT', 'N', 'Y', '', NULL, 'N', '', '', '', '', '', '', '', '', '', '', '', NULL, '20210726205608', 0, NULL, NULL),
(38, 10, 30, 179, 50, 'PGMTYPE', 'PGMTYPE', 'STRING', 16, 10, 'TEXT', '', 'N', 'N', 'N', '', 'LEFT', '60', '', 'LEFT', 'N', 'Y', '', NULL, 'N', '', '', '', '', '', '', '', '', '', '', '', NULL, '20210726205608', 0, NULL, NULL),
(38, 10, 30, 180, 60, 'MNU_ORD', 'MNU_ORD', 'STRING', 2, 30, 'TEXT', '', 'N', 'N', 'N', '', 'LEFT', '60', '22', 'LEFT', 'N', 'Y', '', NULL, 'N', '', '', '', '', '', '', '', '', '', '', '', NULL, '20210726205608', 0, NULL, NULL),
(38, 10, 30, 181, 70, 'USE_YN', 'USE_YN', 'STRING', 15, 1, 'TEXT', '', 'N', 'N', 'N', '', 'LEFT', '60', '22', 'LEFT', 'N', 'Y', '', NULL, 'N', '', '', '', '', '', '', '', '', '', '', '', NULL, '20210726205608', 0, NULL, NULL),
(38, 10, 30, 182, 80, 'ADD_DT', 'ADD', 'STRING', 2, 14, 'TEXTVIEW', '', 'N', 'N', 'N', '', '', '60', '', 'LEFT', 'N', 'Y', '', NULL, 'N', '', '', '', '', '', '', '', '', '', '', '', NULL, '20210726205608', 0, NULL, NULL),
(38, 10, 30, 183, 90, 'ADD_ID', 'ADD_ID', 'STRING', 15, 30, 'TEXTVIEW', '', 'N', 'N', 'N', '', 'LEFT', '60', '22', 'LEFT', 'N', 'Y', '', NULL, 'N', '', '', '', '', '', '', '', '', '', '', '', NULL, '20210726205608', 0, NULL, NULL),
(38, 10, 30, 184, 100, 'MOD_DT', 'MOD', 'STRING', 15, 14, 'TEXTVIEW', '', 'N', 'N', 'N', '', '', '60', '', 'LEFT', 'N', 'Y', '', NULL, 'N', '', '', '', '', '', '', '', '', '', '', '', NULL, '20210726205608', 0, NULL, NULL),
(38, 10, 30, 185, 110, 'MOD_ID', 'MOD_ID', 'STRING', 15, 30, 'TEXTVIEW', '', 'N', 'N', 'N', '', 'LEFT', '60', '22', 'LEFT', 'N', 'Y', '', NULL, 'N', '', '', '', '', '', '', '', '', '', '', '', NULL, '20210726205608', 0, NULL, NULL),
(38, 10, 30, 186, 5, 'CHK', 'CHK', 'NUMBER', 19, 1, 'ROWCHKUP', '', 'N', 'N', 'N', '', '', '50', '', 'LEFT', 'N', 'Y', '', NULL, 'N', '', '', '', '', '', '', '', '', '', '', '', NULL, '20210726205608', 0, NULL, NULL),
(38, 11, 32, 187, 10, 'MNU1_SEQ', 'MNU1_SEQ', 'NUMBER', NULL, 30, 'TEXTVIEW', '', 'Y', 'Y', 'N', '', '', '60', '', 'LEFT', 'N', 'Y', '', NULL, 'N', '', '', '', '', '', '', '', '', '', '', '', NULL, '20210726205628', 0, NULL, NULL),
(38, 11, 32, 188, 20, 'FOLDER_YN', 'FOLDER_YN', 'STRING', 8, 1, 'TEXT', '', 'N', 'N', 'N', '', '', '60', '', 'LEFT', 'N', 'Y', '', NULL, 'N', '', '', '', '', '', '', '', '', '', '', '', NULL, '20210726205628', 0, NULL, NULL),
(38, 11, 32, 189, 30, 'FOLDER_NM', 'FOLDER_NM', 'STRING', 15, 30, 'TEXT', '', 'N', 'N', 'N', '', 'LEFT', '60', '22', 'LEFT', 'N', 'Y', '', NULL, 'N', '', '', '', '', '', '', '', '', '', '', '', NULL, '20210726205628', 0, NULL, NULL),
(38, 11, 32, 190, 40, 'PGMID', '프로그램ID', 'STRING', 8, 20, 'TEXT', 'CD', 'N', 'N', 'N', '100', 'LEFT', '100', '22', 'LEFT', 'N', 'Y', '', NULL, 'N', '', '', '', '', '', '', '', '', '', '', '', NULL, '20210726205628', 0, NULL, NULL),
(38, 11, 32, 191, 50, 'MNU_ICON', 'MNU_ICON', 'STRING', NULL, 50, 'TEXT', '', 'N', 'N', 'N', '', '', '60', '', 'LEFT', 'N', 'Y', '', NULL, 'N', '', '', '', '', '', '', '', '', '', '', '', NULL, '20210726205628', 0, NULL, NULL),
(38, 11, 32, 192, 60, 'MNU_ORD', 'MNU_ORD', 'STRING', 2, 30, 'TEXT', '', 'N', 'N', 'N', '', 'LEFT', '60', '22', 'LEFT', 'N', 'Y', '', NULL, 'N', '', '', '', '', '', '', '', '', '', '', '', NULL, '20210726205628', 0, NULL, NULL),
(38, 11, 32, 193, 70, 'ADD_DT', 'ADD', 'STRING', 16, 14, 'TEXTVIEW', '', 'N', 'N', 'N', '', '', '60', '', 'LEFT', 'N', 'Y', '', NULL, 'N', '', '', '', '', '', '', '', '', '', '', '', NULL, '20210726205628', 0, NULL, NULL),
(38, 11, 32, 194, 80, 'MOD_DT', 'MOD', 'STRING', 16, 14, 'TEXTVIEW', '', 'N', 'N', 'N', '', '', '60', '', 'LEFT', 'N', 'Y', '', NULL, 'N', '', '', '', '', '', '', '', '', '', '', '', NULL, '20210726205628', 0, NULL, NULL),
(38, 11, 32, 195, 45, 'MNU_NM', 'MNU_NM', 'STRING', 16, 30, 'TEXTVIEW', '', 'N', 'N', 'N', '', '', '60', '', 'LEFT', 'N', 'Y', '', NULL, 'N', '', '', '', '', '', '', '', '', '', '', '', NULL, '20210726205628', 0, NULL, NULL),
(38, 11, 33, 196, 20, 'MNU1_SEQ', 'MNU1_SEQ', 'NUMBER', 2, 30, 'TEXT', '', 'N', 'N', 'N', '', '', '60', '', 'LEFT', 'N', 'Y', '', NULL, 'N', '', '', '', '', '', '', '', '', '', '', '', NULL, '20210726205628', 0, NULL, NULL),
(38, 11, 33, 197, 10, 'MNU2_SEQ', 'MNU2_SEQ', 'NUMBER', 2, 30, 'TEXTVIEW', '', 'Y', 'Y', 'N', '', '', '60', '', 'LEFT', 'N', 'Y', '', NULL, 'N', '', '', '', '', '', '', '', '', '', '', '', NULL, '20210726205628', 0, NULL, NULL),
(38, 11, 33, 198, 30, 'MNU_ORD', 'MNU_ORD', 'STRING', 2, 30, 'TEXT', '', 'N', 'N', 'N', '', 'LEFT', '60', '22', 'LEFT', 'N', 'Y', '', NULL, 'N', '', '', '', '', '', '', '', '', '', '', '', NULL, '20210726205628', 0, NULL, NULL),
(38, 11, 33, 199, 40, 'ADD_DT', 'ADD', 'STRING', 16, 14, 'TEXTVIEW', '', 'N', 'N', 'N', '40px', 'LEFT', '60', '', 'CENTER', 'N', 'Y', '', NULL, 'N', '', '', '', '', '', '', '', '', '', '', '', NULL, '20210726205628', 0, NULL, NULL),
(38, 11, 33, 200, 50, 'MOD_DT', 'MOD', 'STRING', 16, 14, 'TEXTVIEW', '', 'N', 'N', 'N', '80px', 'LEFT', '60', '', 'CENTER', 'N', 'Y', '', NULL, 'N', '', '', '', '', '', '', '', '', '', '', '', NULL, '20210726205628', 0, NULL, NULL),
(38, 11, 33, 201, 25, 'PGMID', '프로그램ID', 'STRING', 8, 20, 'TEXT', 'CD', 'N', 'N', 'N', '100', 'LEFT', '100', '22', 'LEFT', 'N', 'Y', '', NULL, 'N', '', '', '', '', '', '', '', '', '', '', '', NULL, '20210726205628', 0, NULL, NULL),
(38, 11, 33, 202, 27, 'MNU_NM', 'MNU_NM', 'STRING', 16, 30, 'TEXTVIEW', '', 'N', 'N', 'N', '', '', '60', '', 'LEFT', 'N', 'Y', '', NULL, 'N', '', '', '', '', '', '', '', '', '', '', '', NULL, '20210726205628', 0, NULL, NULL),
(38, 11, 34, 203, 10, 'MNU_SEQ', 'MNU_SEQ', 'STRING', 2, 20, 'TEXTVIEW', '', 'Y', 'Y', 'N', '', 'LEFT', '60', '22', 'LEFT', 'N', 'Y', '', NULL, 'N', '', '', '', '', '', '', '', '', '', '', '', NULL, '20210726205628', 0, NULL, NULL),
(38, 11, 34, 204, 20, 'MNU_NM', '메뉴 이름', 'STRING', 16, 30, 'TEXTVIEW', '', 'N', 'N', 'N', '100', 'LEFT', '120', '22', 'LEFT', 'N', 'Y', '', NULL, 'N', '', '', '', '', '', '', '', '', '', '', '', NULL, '20210726205628', 0, NULL, NULL),
(38, 11, 34, 205, 30, 'PGMID', '프로그램ID', 'STRING', 8, 20, 'TEXTVIEW', 'CD', 'N', 'N', 'N', '100', 'LEFT', '100', '22', 'LEFT', 'N', 'Y', '', NULL, 'N', '', '', '', '', '', '', '', '', '', '', '', NULL, '20210726205628', 0, NULL, NULL),
(38, 11, 34, 206, 40, 'URL', 'URL', 'STRING', 16, 50, 'TEXTVIEW', '', 'N', 'N', 'N', '40px', 'LEFT', '60', '', 'LEFT', 'N', 'Y', '', NULL, 'N', '', '', '', '', '', '', '', '', '', '', '', NULL, '20210726205628', 0, NULL, NULL),
(38, 11, 34, 207, 50, 'PGMTYPE', 'PGMTYPE', 'STRING', 16, 10, 'TEXTVIEW', '', 'N', 'N', 'N', '100', 'LEFT', '100', '', 'LEFT', 'N', 'Y', '', NULL, 'N', '', '', '', '', '', '', '', '', '', '', '', NULL, '20210726205628', 0, NULL, NULL),
(38, 11, 34, 208, 60, 'MNU_ORD', 'MNU_ORD', 'STRING', 2, 30, 'TEXTVIEW', '', 'N', 'N', 'N', '', 'LEFT', '60', '22', 'LEFT', 'N', 'Y', '', NULL, 'N', '', '', '', '', '', '', '', '', '', '', '', NULL, '20210726205628', 0, NULL, NULL),
(38, 11, 34, 209, 70, 'USE_YN', 'USE_YN', 'STRING', 15, 1, 'TEXTVIEW', '', 'N', 'N', 'N', '', 'LEFT', '60', '22', 'LEFT', 'N', 'Y', '', NULL, 'N', '', '', '', '', '', '', '', '', '', '', '', NULL, '20210726205628', 0, NULL, NULL),
(38, 11, 34, 210, 80, 'ADD_DT', 'ADD', 'STRING', 16, 14, 'TEXTVIEW', '', 'N', 'N', 'N', '40px', 'LEFT', '60', '', 'CENTER', 'N', 'Y', '', NULL, 'N', '', '', '', '', '', '', '', '', '', '', '', NULL, '20210726205628', 0, NULL, NULL),
(38, 11, 34, 211, 90, 'MOD_DT', 'MOD', 'STRING', 16, 14, 'TEXTVIEW', '', 'N', 'N', 'N', '80px', 'LEFT', '60', '', 'CENTER', 'N', 'Y', '', NULL, 'N', '', '', '', '', '', '', '', '', '', '', '', NULL, '20210726205628', 0, NULL, NULL),
(38, 11, 34, 212, 5, 'CHK', 'CHK', 'STRING', 19, 100, 'ROWCHKUP', '', 'N', 'N', 'N', '', 'LEFT', '60', '22', 'CENTER', 'N', 'Y', '', NULL, 'N', '', '', '', '', '', '', '', '', '', '', '', NULL, '20210726205628', 0, NULL, NULL),
(38, 11, 35, 213, 10, 'MNU_ORD', 'MNU_ORD', 'STRING', 2, 30, 'INPUTBOX', '', 'N', 'N', 'N', '', 'LEFT', '60', '22', 'LEFT', 'N', 'Y', '', NULL, 'N', '', '', '', '', '', '', '', '', '', '', '', NULL, '20210726205628', 0, NULL, NULL),
(38, 11, 35, 214, 20, 'MNU_ICON', 'MNU_ICON', 'STRING', NULL, 50, 'INPUTBOX', '', 'N', 'N', 'N', '', 'LEFT', '60', '22', 'LEFT', 'N', 'Y', '', NULL, 'N', '', '', '', '', '', '', '', '', '', '', '', NULL, '20210726205628', 0, NULL, NULL),
(38, 11, 36, 215, 10, 'MNU_ORD', 'MNU_ORD', 'STRING', 2, 30, 'INPUTBOX', '', 'N', 'N', 'N', '', 'LEFT', '60', '22', 'LEFT', 'N', 'Y', '', NULL, 'N', '', '', '', '', '', '', '', '', '', '', '', NULL, '20210726205628', 0, NULL, NULL),
(38, 11, 36, 216, 20, 'MNU1_SEQ', 'MNU1_SEQ', 'NUMBER', 2, 30, 'INPUTBOX', '', 'N', 'N', 'N', '', 'LEFT', '60', '22', 'LEFT', 'N', 'Y', '', NULL, 'N', '', '', '', '', '', '', '', '', '', '', '', NULL, '20210726205628', 0, NULL, NULL),
(38, 12, 38, 217, 10, 'LOGIN_SEQ', 'SEQ', 'NUMBER', 2, 10, 'TEXTVIEW', '', 'Y', 'N', 'N', '100', 'LEFT', '40', '22', 'LEFT', 'N', 'Y', '', NULL, 'N', '', '', '', '', '', '', '', '', '', 'N', '', NULL, '20210726205650', 0, NULL, NULL),
(38, 12, 38, 218, 20, 'USR_ID', 'USR_ID', 'STRING', 8, 10, 'TEXTVIEW', '', 'N', 'N', 'N', '100', 'CENTER', '50', '22', 'LEFT', 'N', 'Y', '', NULL, 'N', '', '', '', '', '', '', '', '', '', 'N', '', NULL, '20210726205650', 0, NULL, NULL),
(38, 12, 38, 219, 30, 'SESSION_ID', 'SESSION_ID', 'STRING', 16, 30, 'TEXTVIEW', '', 'N', 'N', 'N', '100', 'LEFT', '60', '22', 'LEFT', 'N', 'Y', '', NULL, 'N', '', '', '', '', '', '', '', '', '', 'N', '', NULL, '20210726205650', 0, NULL, NULL),
(38, 12, 38, 220, 40, 'SUCCESS_YN', 'SUCCESS_YN', 'STRING', 16, 1, 'TEXTVIEW', '', 'N', 'N', 'N', '', 'LEFT', '40', '22', 'LEFT', 'N', 'Y', '', NULL, 'N', '', '', '', '', '', '', '', '', '', 'N', '', NULL, '20210726205650', 0, NULL, NULL),
(38, 12, 38, 221, 50, 'RESPONSE_MSG', 'RESPONSE_MSG', 'STRING', 16, 100, 'TEXTVIEW', '', 'N', 'N', 'N', '', '', '', '', 'LEFT', 'N', 'Y', '', NULL, 'N', '', '', '', '', '', '', '', '', '', 'N', '', NULL, '20210726205650', 0, NULL, NULL),
(38, 12, 38, 222, 60, 'USR_SEQ', 'USR_SEQ', 'NUMBER', 2, 10, 'TEXTVIEW', '', 'N', 'N', 'N', '100', 'LEFT', '60', '22', 'LEFT', 'N', 'Y', '', NULL, 'N', '', '', '', '', '', '', '', '', '', 'N', '', NULL, '20210726205650', 0, NULL, NULL),
(38, 12, 38, 223, 70, 'SERVER_NAME', 'SVR_NM', 'STRING', 16, 100, 'TEXTVIEW', '', 'N', 'N', 'N', '', 'LEFT', '60', '22', 'LEFT', 'N', 'Y', '', NULL, 'N', '', '', '', '', '', '', '', '', '', 'N', '', NULL, '20210726205650', 0, NULL, NULL),
(38, 12, 38, 224, 80, 'REMOTE_ADDR', 'IP', 'STRING', 16, 20, 'TEXTVIEW', '', 'N', 'N', 'N', '100', 'CENTER', '60', '22', 'LEFT', 'N', 'Y', '', NULL, 'N', '', '', '', '', '', '', '', '', '', 'N', '', NULL, '20210726205650', 0, NULL, NULL),
(38, 12, 38, 225, 90, 'USER_AGENT', 'BROWSER', 'STRING', 16, 500, 'TEXTVIEW', '', 'N', 'N', 'N', '100', 'LEFT', '60', '80', 'LEFT', 'N', 'Y', '', NULL, 'N', '', '', '', '', '', '', '', '', '', 'N', '', NULL, '20210726205650', 0, NULL, NULL),
(38, 12, 38, 226, 100, 'ADD_DT', 'ADD', 'STRING', 2, 14, 'TEXTVIEW', '', 'N', 'N', 'N', '', '', '60', '', 'LEFT', 'N', 'Y', '', NULL, 'N', '', '', '', '', '', '', '', '', '', 'N', '', NULL, '20210726205651', 0, NULL, NULL),
(38, 12, 38, 227, 54, 'PW_ERR_CNT', 'PW_ERR_CNT', 'NUMBER', 2, 2, 'TEXTVIEW', '', 'N', 'N', 'N', '100', 'LEFT', '40', '22', 'LEFT', 'N', 'Y', '', NULL, 'N', '', '', '', '', '', '', '', '', '', 'N', '', NULL, '20210726205651', 0, NULL, NULL),
(38, 12, 38, 228, 56, 'LOCKCD', 'LOCKCD', 'STRING', 16, 10, 'TEXTVIEW', '', 'N', 'N', 'N', '', '', '60', '', 'LEFT', 'N', 'Y', '', NULL, 'N', '', '', '', '', '', '', '', '', '', 'N', '', NULL, '20210726205651', 0, NULL, NULL),
(38, 12, 39, 229, 10, 'LOGIN_SEQ', 'SEQ', 'NUMBER', 2, 10, 'TEXTVIEW', '', 'Y', 'N', 'N', '100', 'LEFT', '40', '22', 'LEFT', 'N', 'Y', '', NULL, 'N', '', '', '', '', '', '', '', '', '', 'N', '', NULL, '20210726205651', 0, NULL, NULL),
(38, 12, 39, 230, 20, 'USR_ID', 'USR_ID', 'STRING', 8, 10, 'TEXTVIEW', '', 'N', 'N', 'N', '100', 'CENTER', '50', '22', 'LEFT', 'N', 'Y', '', NULL, 'N', '', '', '', '', '', '', '', '', '', 'N', '', NULL, '20210726205651', 0, NULL, NULL),
(38, 12, 39, 231, 30, 'SESSION_ID', 'SESSION_ID', 'STRING', 16, 30, 'TEXTVIEW', '', 'N', 'N', 'N', '100', 'LEFT', '60', '22', 'LEFT', 'N', 'Y', '', NULL, 'N', '', '', '', '', '', '', '', '', '', 'N', '', NULL, '20210726205651', 0, NULL, NULL),
(38, 12, 39, 232, 40, 'SUCCESS_YN', 'SUCCESS_YN', 'STRING', 16, 1, 'TEXTVIEW', '', 'N', 'N', 'N', '', 'LEFT', '40', '22', 'LEFT', 'N', 'Y', '', NULL, 'N', '', '', '', '', '', '', '', '', '', 'N', '', NULL, '20210726205651', 0, NULL, NULL),
(38, 12, 39, 233, 50, 'LOCKCD', 'LOCKCD', 'STRING', 16, 10, 'TEXTVIEW', '', 'N', 'N', 'N', '', '', '60', '', 'LEFT', 'N', 'Y', '', NULL, 'N', '', '', '', '', '', '', '', '', '', 'N', '', NULL, '20210726205651', 0, NULL, NULL);
INSERT INTO `CG_PGMIO` (`PJTSEQ`, `PGMSEQ`, `GRPSEQ`, `IOSEQ`, `COLORD`, `COLID`, `COLNM`, `DATATYPE`, `VALIDSEQ`, `DATASIZE`, `OBJTYPE`, `POPUP`, `KEYYN`, `SEQYN`, `LBLHIDDENYN`, `LBLWIDTH`, `LBLALIGN`, `OBJWIDTH`, `OBJHEIGHT`, `OBJALIGN`, `HIDDENYN`, `EDITYN`, `FNINIT`, `FNCHANGE`, `BRYN`, `FORMAT`, `FOOTERMATH`, `FOOTERNM`, `ICONNM`, `ICONSTYLE`, `LBLSTYLE`, `OBJSTYLE`, `OBJ2STYLE`, `PLACEHOLDER`, `BTNHIDDENYN`, `FILTER`, `STOREID`, `ADDDT`, `ADDID`, `MODDT`, `MODID`) VALUES
(38, 12, 39, 234, 60, 'PW_ERR_CNT', 'PW_ERR_CNT', 'NUMBER', 2, 2, 'TEXTVIEW', '', 'N', 'N', 'N', '100', 'LEFT', '40', '22', 'LEFT', 'N', 'Y', '', NULL, 'N', '', '', '', '', '', '', '', '', '', 'N', '', NULL, '20210726205651', 0, NULL, NULL),
(38, 12, 39, 235, 70, 'LOCK_LIMIT_DT', 'LOCK_LIMIT_DT', 'STRING', 16, 14, 'TEXTVIEW', '', 'N', 'N', 'N', '', '', '60', '', 'LEFT', 'N', 'Y', '', NULL, 'N', '', '', '', '', '', '', '', '', '', 'N', '', NULL, '20210726205651', 0, NULL, NULL),
(38, 12, 39, 236, 80, 'USR_SEQ', 'USR_SEQ', 'NUMBER', 2, 10, 'TEXTVIEW', '', 'N', 'N', 'N', '100', 'LEFT', '200', '22', 'LEFT', 'N', 'Y', '', NULL, 'N', '', '', '', '', '', '', '', '', '', 'N', '', NULL, '20210726205651', 0, NULL, NULL),
(38, 12, 39, 237, 90, 'ADD_DT', 'ADD', 'STRING', 2, 14, 'TEXTVIEW', '', 'N', 'N', 'N', '', '', '60', '', 'LEFT', 'N', 'Y', '', NULL, 'N', '', '', '', '', '', '', '', '', '', 'N', '', NULL, '20210726205651', 0, NULL, NULL),
(38, 12, 40, 238, 10, 'LAUTH_SEQ', 'SEQ', 'NUMBER', 2, 10, 'TEXTVIEW', '', 'Y', 'N', 'N', '', 'LEFT', '60', '22', 'LEFT', 'N', 'Y', '', NULL, 'N', '', '', '', '', '', '', '', '', '', 'N', '', NULL, '20210726205651', 0, NULL, NULL),
(38, 12, 40, 239, 20, 'REQ_TOKEN', 'REQ', 'STRING', 16, 30, 'TEXTVIEW', '', 'N', 'N', 'N', '', 'LEFT', '60', '22', 'LEFT', 'N', 'Y', '', NULL, 'N', '', '', '', '', '', '', '', '', '', 'N', '', NULL, '20210726205651', 0, NULL, NULL),
(38, 12, 40, 240, 30, 'RES_TOKEN', 'RES', 'STRING', 16, 30, 'TEXTVIEW', '', 'N', 'N', 'N', '', 'LEFT', '60', '22', 'LEFT', 'N', 'Y', '', NULL, 'N', '', '', '', '', '', '', '', '', '', 'N', '', NULL, '20210726205651', 0, NULL, NULL),
(38, 12, 40, 241, 40, 'USR_SEQ', 'USR_SEQ', 'NUMBER', 2, 10, 'TEXTVIEW', '', 'N', 'N', 'N', '100', 'LEFT', '200', '22', 'LEFT', 'N', 'Y', '', NULL, 'N', '', '', '', '', '', '', '', '', '', 'N', '', NULL, '20210726205651', 0, NULL, NULL),
(38, 12, 40, 242, 50, 'USR_ID', 'USR_ID', 'STRING', 8, 10, 'TEXTVIEW', '', 'N', 'N', 'N', '100', 'CENTER', '50', '22', 'LEFT', 'N', 'Y', '', NULL, 'N', '', '', '', '', '', '', '', '', '', 'N', '', NULL, '20210726205651', 0, NULL, NULL),
(38, 12, 40, 243, 60, 'PGMID', '프로그램ID', 'STRING', 8, 20, 'TEXTVIEW', '', 'N', 'N', 'N', '100', 'LEFT', '200', '22', 'LEFT', 'N', 'Y', '', NULL, 'N', '', '', '', '', '', '', '', '', '', 'N', '', NULL, '20210726205651', 0, NULL, NULL),
(38, 12, 40, 244, 70, 'AUTH_ID', 'AUTH_ID', 'STRING', 18, 50, 'TEXTVIEW', '', 'N', 'N', 'N', '', 'LEFT', '120', '22', 'LEFT', 'N', 'Y', '', NULL, 'N', '', '', '', '', '', '', '', '', '', 'N', '', NULL, '20210726205651', 0, NULL, NULL),
(38, 12, 40, 245, 80, 'SUCCESS_YN', 'SUCCESS_YN', 'STRING', 16, 1, 'TEXTVIEW', '', 'N', 'N', 'N', '', 'LEFT', '40', '22', 'LEFT', 'N', 'Y', '', NULL, 'N', '', '', '', '', '', '', '', '', '', 'N', '', NULL, '20210726205651', 0, NULL, NULL),
(38, 12, 40, 246, 90, 'ADD_DT', 'ADD', 'STRING', 2, 14, 'TEXTVIEW', '', 'N', 'N', 'N', '', '', '60', '', 'LEFT', 'N', 'Y', '', NULL, 'N', '', '', '', '', '', '', '', '', '', 'N', '', NULL, '20210726205651', 0, NULL, NULL),
(38, 13, 41, 247, 10, 'TEAMCD', 'TEAMCD', 'STRING', NULL, 40, 'INPUTBOX', '', '', '', 'N', '100px', 'LEFT', '100px', '', 'LEFT', '', 'Y', '', NULL, 'N', '', '', '', '', '', '', '', '', '', '', '', NULL, '20210726205708', 0, NULL, NULL),
(38, 13, 41, 248, 20, 'TEAMNM', 'TEAMNM', 'STRING', NULL, 40, 'INPUTBOX', '', '', '', 'N', '100px', 'LEFT', '100px', '', 'LEFT', '', 'Y', '', NULL, 'N', '', '', '', '', '', '', '', '', '', '', '', NULL, '20210726205708', 0, NULL, NULL),
(38, 13, 42, 249, 10, 'TEAM_SEQ', 'TEAM_SEQ', 'NUMBER', NULL, 100, 'TEXTVIEW', '', 'N', 'Y', 'N', '', '', '60', '', 'LEFT', 'N', 'Y', '', NULL, 'N', '', '', '', '', '', '', '', '', '', '', '', NULL, '20210726205708', 0, NULL, NULL),
(38, 13, 42, 250, 20, 'TEAMCD', 'TEAMCD', 'STRING', NULL, 40, 'TEXT', '', 'N', 'N', 'N', '', '', '60', '', 'LEFT', 'N', 'Y', '', NULL, 'N', '', '', '', '', '', '', '', '', '', '', '', NULL, '20210726205708', 0, NULL, NULL),
(38, 13, 42, 251, 30, 'TEAMNM', 'TEAMNM', 'STRING', NULL, 40, 'TEXT', '', 'N', 'N', 'N', '', '', '60', '', 'LEFT', 'N', 'Y', '', NULL, 'N', '', '', '', '', '', '', '', '', '', '', '', NULL, '20210726205708', 0, NULL, NULL),
(38, 13, 42, 252, 40, 'USE_YN', 'USE_YN', 'STRING', 15, 1, 'TEXT', '', 'N', 'N', 'N', '', 'LEFT', '60', '22', 'LEFT', 'N', 'Y', '', NULL, 'N', '', '', '', '', '', '', '', '', '', '', '', NULL, '20210726205708', 0, NULL, NULL),
(38, 13, 42, 253, 50, 'INTRO_PGMID', 'INTRO_PGMID', 'STRING', 8, 100, 'TEXT', '', 'N', 'N', 'N', '', '', '100', '', 'LEFT', 'N', 'Y', '', NULL, 'N', '', '', '', '', '', '', '', '', '', '', '', NULL, '20210726205708', 0, NULL, NULL),
(38, 13, 42, 254, 60, 'ADD_DT', 'ADD', 'STRING', 2, 14, 'TEXTVIEW', '', 'N', 'N', 'N', '', '', '60', '', 'LEFT', 'N', 'Y', '', NULL, 'N', '', '', '', '', '', '', '', '', '', '', '', NULL, '20210726205708', 0, NULL, NULL),
(38, 13, 42, 255, 70, 'ADD_ID', 'ADD_ID', 'STRING', 15, 30, 'TEXTVIEW', '', 'N', 'N', 'N', '', 'LEFT', '60', '22', 'LEFT', 'N', 'Y', '', NULL, 'N', '', '', '', '', '', '', '', '', '', '', '', NULL, '20210726205708', 0, NULL, NULL),
(38, 13, 42, 256, 80, 'MOD_DT', 'MOD', 'STRING', 15, 14, 'TEXTVIEW', '', 'N', 'N', 'N', '', '', '60', '', 'LEFT', 'N', 'Y', '', NULL, 'N', '', '', '', '', '', '', '', '', '', '', '', NULL, '20210726205708', 0, NULL, NULL),
(38, 13, 42, 257, 90, 'MOD_ID', 'MOD_ID', 'STRING', 15, 30, 'TEXTVIEW', '', 'N', 'N', 'N', '', 'LEFT', '60', '22', 'LEFT', 'N', 'Y', '', NULL, 'N', '', '', '', '', '', '', '', '', '', '', '', NULL, '20210726205708', 0, NULL, NULL),
(38, 13, 43, 258, 10, 'TEAMCD', 'TEAMCD', 'STRING', NULL, 40, 'TEXTVIEW', '', 'N', 'N', 'N', '', '', '60', '', 'LEFT', 'N', 'Y', '', NULL, 'N', '', '', '', '', '', '', '', '', '', '', '', NULL, '20210726205708', 0, NULL, NULL),
(38, 13, 43, 259, 20, 'TEAMNM', 'TEAMNM', 'STRING', 15, 40, 'TEXTVIEW', '', 'N', 'N', 'N', '', 'LEFT', '120', '22', 'LEFT', 'N', 'Y', '', NULL, 'N', '', '', '', '', '', '', '', '', '', '', '', NULL, '20210726205708', 0, NULL, NULL),
(38, 13, 43, 260, 5, 'CHK', 'CHK', 'NUMBER', 19, 1, 'ROWCHKUP', '', 'N', 'N', 'N', '', '', '50', '', 'LEFT', 'N', 'Y', '', NULL, 'N', '', '', '', '', '', '', '', '', '', '', '', NULL, '20210726205708', 0, NULL, NULL),
(38, 14, 44, 261, 10, 'GRP_NM', 'GRP_NM', 'STRING', 15, 30, 'INPUTBOX', '', 'N', 'N', 'N', '80px', 'LEFT', '60px', '22', 'LEFT', 'N', 'Y', '', NULL, 'N', '', '', '', '', '', '', '', '', '', '', '', NULL, '20210726205725', 0, NULL, NULL),
(38, 14, 44, 262, 20, 'PGMID', '프로그램ID', 'STRING', 8, 20, 'INPUTBOX', '', 'N', 'N', 'N', '80px', 'LEFT', '60px', '22', 'LEFT', 'N', 'Y', '', NULL, 'N', '', '', '', '', '', '', '', '', '', '', '', NULL, '20210726205725', 0, NULL, NULL),
(38, 14, 44, 263, 30, 'AUTH_ID', 'AUTH_ID', 'STRING', 18, 50, 'INPUTBOX', '', 'N', 'N', 'N', '80px', 'LEFT', '60px', '22', 'LEFT', 'N', 'Y', '', NULL, 'N', '', '', '', '', '', '', '', '', '', '', '', NULL, '20210726205725', 0, NULL, NULL),
(38, 14, 44, 264, 40, 'AUTH_NM', 'AUTH_NM', 'STRING', 15, 50, 'INPUTBOX', '', 'N', 'N', 'N', '80px', 'LEFT', '60px', '22', 'LEFT', 'N', 'Y', '', NULL, 'N', '', '', '', '', '', '', '', '', '', '', '', NULL, '20210726205725', 0, NULL, NULL),
(38, 14, 45, 265, 10, 'TEAM_SEQ', 'TEAM_SEQ', 'NUMBER', 2, 100, 'TEXTVIEW', '', 'Y', 'N', 'N', '', '', '60', '', 'LEFT', 'N', 'Y', '', NULL, 'N', '', '', '', '', '', '', '', '', '', 'N', '', NULL, '20210726205725', 0, NULL, NULL),
(38, 14, 45, 266, 17, 'TEAMNM', 'TEAMNM', 'STRING', 15, 40, 'TEXTVIEW', '', 'N', 'N', 'N', '', 'LEFT', '120', '22', 'LEFT', 'N', 'Y', '', NULL, 'N', '', '', '', '', '', '', '', '', '', 'N', '', NULL, '20210726205725', 0, NULL, NULL),
(38, 14, 45, 267, 30, 'USE_YN', 'USE_YN', 'STRING', 15, 1, 'TEXTVIEW', '', 'N', 'N', 'N', '', 'LEFT', '60', '22', 'LEFT', 'N', 'Y', '', NULL, 'N', '', '', '', '', '', '', '', '', '', 'N', '', NULL, '20210726205725', 0, NULL, NULL),
(38, 14, 45, 268, 40, 'ADD_DT', 'ADD', 'STRING', 2, 14, 'TEXTVIEW', '', 'N', 'N', 'N', '', '', '60', '', 'LEFT', 'N', 'Y', '', NULL, 'N', '', '', '', '', '', '', '', '', '', 'N', '', NULL, '20210726205725', 0, NULL, NULL),
(38, 14, 45, 269, 50, 'ADD_ID', 'ADD_ID', 'STRING', 15, 30, 'TEXTVIEW', '', 'N', 'N', 'N', '', 'LEFT', '60', '22', 'LEFT', 'N', 'Y', '', NULL, 'N', '', '', '', '', '', '', '', '', '', 'N', '', NULL, '20210726205725', 0, NULL, NULL),
(38, 14, 45, 270, 15, 'TEAMCD', 'TEAMCD', 'STRING', NULL, 40, 'TEXTVIEW', '', 'Y', 'Y', '', '', '', '60', '', 'LEFT', 'Y', 'Y', '', NULL, 'N', '', '', '', '', '', '', '', '', '', '', '', NULL, '20210726205725', 0, NULL, NULL),
(38, 14, 46, 271, 5, 'CHK', 'CHK', 'NUMBER', 19, 1, 'ROWCHKUP', '', 'N', 'N', 'N', '', '', '50', '', 'LEFT', 'N', 'Y', '', NULL, 'N', '', '', '', '', '', '', '', '', '', 'N', '', NULL, '20210726205725', 0, NULL, NULL),
(38, 14, 46, 272, 60, 'ADD_DT', 'ADD', 'STRING', 2, 14, 'TEXTVIEW', '', 'N', 'N', 'N', '', '', '60', '', 'LEFT', 'N', 'Y', '', NULL, 'N', '', '', '', '', '', '', '', '', '', 'N', '', NULL, '20210726205725', 0, NULL, NULL),
(38, 14, 46, 273, 70, 'ADD_ID', 'ADD_ID', 'STRING', 15, 30, 'TEXTVIEW', '', 'N', 'N', 'N', '', 'LEFT', '60', '22', 'LEFT', 'N', 'Y', '', NULL, 'N', '', '', '', '', '', '', '', '', '', 'N', '', NULL, '20210726205725', 0, NULL, NULL),
(38, 14, 46, 274, 10, 'TEAM_SEQ', 'TEAM_SEQ', 'NUMBER', 2, 100, 'TEXTVIEW', '', 'N', 'N', 'N', '', '', '60', '', 'LEFT', 'N', 'Y', '', NULL, 'N', '', '', '', '', '', '', '', '', '', 'N', '', NULL, '20210726205725', 0, NULL, NULL),
(38, 14, 46, 275, 40, 'AUTH_NM', 'AUTH_NM', 'STRING', 15, 50, 'TEXTVIEW', '', 'N', 'N', 'N', '', 'LEFT', '90', '22', 'LEFT', 'N', 'N', '', NULL, 'N', '', '', '', '', '', '', '', '', '', 'N', '', NULL, '20210726205725', 0, NULL, NULL),
(38, 14, 46, 276, 30, 'AUTH_ID', 'AUTH_ID', 'STRING', 18, 50, 'TEXTVIEW', '', 'N', 'N', 'N', '', 'LEFT', '90', '22', 'LEFT', 'N', 'N', '', NULL, 'N', '', '', '', '', '', '', '', '', '', 'N', '', NULL, '20210726205725', 0, NULL, NULL),
(38, 14, 46, 277, 20, 'PGMID', '프로그램ID', 'STRING', 8, 20, 'TEXTVIEW', '', 'N', 'N', 'N', '', '', '60', '', 'LEFT', 'N', 'Y', '', NULL, 'N', '', '', '', '', '', '', '', '', '', 'N', '', NULL, '20210726205725', 0, NULL, NULL),
(38, 14, 46, 278, 7, 'TA_SEQ', 'TA_SEQ', 'NUMBER', 2, 20, 'TEXTVIEW', '', 'Y', 'Y', '', '', 'LEFT', '50', '22', 'LEFT', 'N', 'Y', '', NULL, 'N', '', '', '', '', '', '', '', '', '', 'N', '', NULL, '20210726205725', 0, NULL, NULL),
(38, 14, 46, 279, 25, 'MNU_NM', 'MNU_NM', 'STRING', 16, 30, 'TEXTVIEW', '', 'N', 'N', 'N', '', '', '60', '', 'LEFT', 'N', 'N', '', NULL, 'N', '', '', '', '', '', '', '', '', '', 'N', '', NULL, '20210726205725', 0, NULL, NULL),
(38, 14, 47, 280, 5, 'CHK', 'CHK', 'NUMBER', 19, 1, 'ROWCHKUP', '', 'N', 'N', 'N', '', '', '50', '', 'LEFT', 'N', 'Y', '', NULL, 'N', '', '', '', '', '', '', '', '', '', 'N', '', NULL, '20210726205725', 0, NULL, NULL),
(38, 14, 47, 281, 10, 'AUTH_SEQ', 'AUTH_SEQ', 'NUMBER', 2, 10, 'TEXTVIEW', '', 'Y', 'Y', 'N', '', 'LEFT', '60', '22', 'LEFT', 'N', 'Y', '', NULL, 'N', '', '', '', '', '', '', '', '', '', 'N', '', NULL, '20210726205725', 0, NULL, NULL),
(38, 14, 47, 282, 20, 'PGMID', '프로그램ID', 'STRING', 8, 20, 'TEXTVIEW', '', 'N', 'N', 'N', '', '', '60', '', 'LEFT', 'N', 'Y', '', NULL, 'N', '', '', '', '', '', '', '', '', '', 'N', '', NULL, '20210726205725', 0, NULL, NULL),
(38, 14, 47, 283, 30, 'AUTH_ID', 'AUTH_ID', 'STRING', 18, 50, 'TEXTVIEW', '', 'N', 'N', 'N', '', 'LEFT', '90', '22', 'LEFT', 'N', 'Y', '', NULL, 'N', '', '', '', '', '', '', '', '', '', 'N', '', NULL, '20210726205725', 0, NULL, NULL),
(38, 14, 47, 284, 40, 'AUTH_NM', 'AUTH_NM', 'STRING', 15, 50, 'TEXTVIEW', '', 'N', 'N', 'N', '', 'LEFT', '90', '22', 'LEFT', 'N', 'Y', '', NULL, 'N', '', '', '', '', '', '', '', '', '', 'N', '', NULL, '20210726205725', 0, NULL, NULL),
(38, 14, 47, 285, 50, 'USE_YN', 'USE_YN', 'STRING', 15, 1, 'TEXTVIEW', '', 'N', 'N', 'N', '', 'LEFT', '60', '22', 'LEFT', 'N', 'Y', '', NULL, 'N', '', '', '', '', '', '', '', '', '', 'N', '', NULL, '20210726205726', 0, NULL, NULL),
(38, 14, 47, 286, 60, 'ADD_DT', 'ADD', 'STRING', 2, 14, 'TEXTVIEW', '', 'N', 'N', 'N', '', '', '60', '', 'LEFT', 'N', 'Y', '', NULL, 'N', '', '', '', '', '', '', '', '', '', 'N', '', NULL, '20210726205726', 0, NULL, NULL),
(38, 14, 47, 287, 70, 'MOD_DT', 'MOD', 'STRING', 15, 14, 'TEXTVIEW', '', 'N', 'N', 'N', '', '', '60', '', 'LEFT', 'N', 'Y', '', NULL, 'N', '', '', '', '', '', '', '', '', '', 'N', '', NULL, '20210726205726', 0, NULL, NULL),
(38, 14, 47, 288, 25, 'MNU_NM', 'MNU_NM', 'STRING', 16, 30, 'TEXTVIEW', '', 'N', 'N', 'N', '', '', '60', '', 'LEFT', 'N', 'N', '', NULL, 'N', '', '', '', '', '', '', '', '', '', 'N', '', NULL, '20210726205726', 0, NULL, NULL),
(38, 15, 48, 289, 10, 'PGMID', '프로그램ID', 'STRING', 8, 20, 'INPUTBOX', '', 'N', 'N', 'N', '100px', 'LEFT', '60px', '22', 'LEFT', 'N', 'Y', '', NULL, 'N', '', '', '', '', '', '', '', '', '', '', '', NULL, '20210726205743', 0, NULL, NULL),
(38, 15, 48, 290, 30, 'AUTH_ID', 'AUTH_ID', 'STRING', 18, 50, 'INPUTBOX', '', 'N', 'N', 'N', '60px', 'LEFT', '60px', '22', 'LEFT', 'N', 'Y', '', NULL, 'N', '', '', '', '', '', '', '', '', '', '', '', NULL, '20210726205743', 0, NULL, NULL),
(38, 15, 48, 291, 40, 'AUTH_NM', 'AUTH_NM', 'STRING', 15, 50, 'INPUTBOX', '', 'N', 'N', 'N', '80px', 'LEFT', '60px', '22', 'LEFT', 'N', 'Y', '', NULL, 'N', '', '', '', '', '', '', '', '', '', '', '', NULL, '20210726205743', 0, NULL, NULL),
(38, 15, 48, 292, 20, 'MNU_NM', 'MNU_NM', 'STRING', 16, 30, 'INPUTBOX', '', 'N', 'N', 'N', '60px', 'LEFT', '60px', '22px', 'LEFT', 'N', 'Y', '', NULL, 'N', '', '', '', '', '', '', '', '', '', '', '', NULL, '20210726205743', 0, NULL, NULL),
(38, 15, 49, 293, 5, 'CHK', 'CHK', 'NUMBER', 19, 1, 'ROWCHKUP', '', 'N', 'N', 'N', '', '', '50', '', 'LEFT', 'N', 'Y', '', NULL, 'N', '', '', '', '', '', '', '', '', '', 'N', '', NULL, '20210726205743', 0, NULL, NULL),
(38, 15, 49, 294, 60, 'ADD_DT', 'ADD', 'STRING', 2, 14, 'TEXTVIEW', '', 'N', 'N', 'N', '', '', '60', '', 'LEFT', 'N', 'Y', '', NULL, 'N', '', '', '', '', '', '', '', '', '', 'N', '', NULL, '20210726205743', 0, NULL, NULL),
(38, 15, 49, 295, 70, 'ADD_ID', 'ADD_ID', 'STRING', 15, 30, 'TEXTVIEW', '', 'N', 'N', 'N', '', 'LEFT', '60', '22', 'LEFT', 'N', 'Y', '', NULL, 'N', '', '', '', '', '', '', '', '', '', 'N', '', NULL, '20210726205743', 0, NULL, NULL),
(38, 15, 49, 296, 40, 'AUTH_NM', 'AUTH_NM', 'STRING', 15, 50, 'TEXTVIEW', '', 'N', 'N', 'N', '', 'LEFT', '90', '22', 'LEFT', 'N', 'N', '', NULL, 'N', '', '', '', '', '', '', '', '', '', 'N', '', NULL, '20210726205743', 0, NULL, NULL),
(38, 15, 49, 297, 30, 'AUTH_ID', 'AUTH_ID', 'STRING', 18, 50, 'TEXTVIEW', '', 'N', 'N', 'N', '', 'LEFT', '90', '22', 'LEFT', 'N', 'N', '', NULL, 'N', '', '', '', '', '', '', '', '', '', 'N', '', NULL, '20210726205743', 0, NULL, NULL),
(38, 15, 49, 298, 20, 'PGMID', '프로그램ID', 'STRING', 8, 20, 'TEXTVIEW', '', 'N', 'N', 'N', '', '', '60', '', 'LEFT', 'N', 'Y', '', NULL, 'N', '', '', '', '', '', '', '', '', '', 'N', '', NULL, '20210726205743', 0, NULL, NULL),
(38, 15, 49, 299, 7, 'DA_SEQ', 'DA_SEQ', 'NUMBER', 2, 20, 'TEXTVIEW', '', 'Y', 'Y', '', '', 'LEFT', '50', '22', 'LEFT', 'N', 'Y', '', NULL, 'N', '', '', '', '', '', '', '', '', '', 'N', '', NULL, '20210726205743', 0, NULL, NULL),
(38, 15, 49, 300, 25, 'MNU_NM', 'MNU_NM', 'STRING', 16, 30, 'TEXTVIEW', '', 'N', 'N', 'N', '', '', '60', '', 'LEFT', 'N', 'N', '', NULL, 'N', '', '', '', '', '', '', '', '', '', 'N', '', NULL, '20210726205743', 0, NULL, NULL),
(38, 15, 50, 301, 5, 'CHK', 'CHK', 'NUMBER', 19, 1, 'ROWCHKUP', '', 'N', 'N', 'N', '', '', '50', '', 'LEFT', 'N', 'Y', '', NULL, 'N', '', '', '', '', '', '', '', '', '', 'N', '', NULL, '20210726205743', 0, NULL, NULL),
(38, 15, 50, 302, 10, 'AUTH_SEQ', 'AUTH_SEQ', 'NUMBER', 2, 10, 'TEXTVIEW', '', 'Y', 'Y', 'N', '', 'LEFT', '60', '22', 'LEFT', 'N', 'Y', '', NULL, 'N', '', '', '', '', '', '', '', '', '', 'N', '', NULL, '20210726205743', 0, NULL, NULL),
(38, 15, 50, 303, 20, 'PGMID', '프로그램ID', 'STRING', 8, 20, 'TEXTVIEW', '', 'N', 'N', 'N', '', '', '60', '', 'LEFT', 'N', 'Y', '', NULL, 'N', '', '', '', '', '', '', '', '', '', 'N', '', NULL, '20210726205743', 0, NULL, NULL),
(38, 15, 50, 304, 30, 'AUTH_ID', 'AUTH_ID', 'STRING', 18, 50, 'TEXTVIEW', '', 'N', 'N', 'N', '', 'LEFT', '90', '22', 'LEFT', 'N', 'Y', '', NULL, 'N', '', '', '', '', '', '', '', '', '', 'N', '', NULL, '20210726205743', 0, NULL, NULL),
(38, 15, 50, 305, 40, 'AUTH_NM', 'AUTH_NM', 'STRING', 15, 50, 'TEXTVIEW', '', 'N', 'N', 'N', '', 'LEFT', '90', '22', 'LEFT', 'N', 'Y', '', NULL, 'N', '', '', '', '', '', '', '', '', '', 'N', '', NULL, '20210726205743', 0, NULL, NULL),
(38, 15, 50, 306, 50, 'USE_YN', 'USE_YN', 'STRING', 15, 1, 'TEXTVIEW', '', 'N', 'N', 'N', '', 'LEFT', '60', '22', 'LEFT', 'N', 'Y', '', NULL, 'N', '', '', '', '', '', '', '', '', '', 'N', '', NULL, '20210726205743', 0, NULL, NULL),
(38, 15, 50, 307, 60, 'ADD_DT', 'ADD', 'STRING', 2, 14, 'TEXTVIEW', '', 'N', 'N', 'N', '', '', '60', '', 'LEFT', 'N', 'Y', '', NULL, 'N', '', '', '', '', '', '', '', '', '', 'N', '', NULL, '20210726205743', 0, NULL, NULL),
(38, 15, 50, 308, 70, 'MOD_DT', 'MOD', 'STRING', 15, 14, 'TEXTVIEW', '', 'N', 'N', 'N', '', '', '60', '', 'LEFT', 'N', 'Y', '', NULL, 'N', '', '', '', '', '', '', '', '', '', 'N', '', NULL, '20210726205743', 0, NULL, NULL),
(38, 15, 50, 309, 25, 'MNU_NM', 'MNU_NM', 'STRING', 16, 30, 'TEXTVIEW', '', 'N', 'N', 'N', '', '', '60', '', 'LEFT', 'N', 'N', '', NULL, 'N', '', '', '', '', '', '', '', '', '', 'N', '', NULL, '20210726205743', 0, NULL, NULL),
(38, 16, 51, 310, 10, 'SEQ', 'SEQ', 'NUMBER', NULL, 500, 'INPUTBOX', '', 'N', 'N', 'N', '50px', 'LEFT', '60px', '22', 'LEFT', 'N', 'Y', '', NULL, 'N', '', '', '', '', '', '', '', '', '', '', '', NULL, '20210726205816', 0, NULL, NULL),
(38, 16, 51, 311, 20, 'SRC', 'SRC', 'STRING', NULL, 500, 'INPUTBOX', '', 'N', 'N', 'N', '50px', 'LEFT', '60px', '22', 'LEFT', 'N', 'Y', '', NULL, 'N', '', '', '', '', '', '', '', '', '', '', '', NULL, '20210726205817', 0, NULL, NULL),
(38, 16, 51, 312, 30, 'CONTAINERNM', '컨테이너NM', 'STRING', NULL, 500, 'INPUTBOX', '', 'N', 'N', 'N', '80px', 'LEFT', '80px', '22', 'LEFT', 'N', 'Y', '', NULL, 'N', '', '', '', '', '', '', '', '', '', '', '', NULL, '20210726205817', 0, NULL, NULL),
(38, 16, 51, 313, 40, 'CONTAINERID', '컨테이너ID', 'STRING', NULL, 500, 'INPUTBOX', '', 'N', 'N', 'N', '80px', 'LEFT', '100px', '22', 'LEFT', 'N', 'Y', '', NULL, 'N', '', '', '', '', '', '', '', '', '', '', '', NULL, '20210726205817', 0, NULL, NULL),
(38, 16, 51, 314, 50, 'LOG', 'LOG', 'STRING', NULL, 5000, 'INPUTBOX', '', 'N', 'N', 'N', '50px', 'LEFT', '120px', '22', 'LEFT', 'N', 'Y', '', NULL, 'N', '', '', '', '', '', '', '', '', '', '', '', NULL, '20210726205817', 0, NULL, NULL),
(38, 16, 51, 315, 60, 'FROM_ADDDT', 'ADDDT', 'STRING', 22, 14, 'CALENDAR', '', 'N', 'N', 'N', '80px', 'LEFT', '110px', '22', 'LEFT', 'N', 'Y', '$(\"#G1-FROM_ADDDT\").val(moment().add(-30,\'days\').format(\"YYYY-MM-DD\"));', NULL, 'N', '', '', '', '', '', '', '', '', '', '', '', NULL, '20210726205817', 0, NULL, NULL),
(38, 16, 51, 316, 70, 'ROWLIMIT', 'ROWLIMIT', 'NUMBER', NULL, 5, 'INPUTBOX', '', 'N', 'N', 'N', '80px', 'LEFT', '50px', '22', 'RIGHT', 'N', 'Y', '$(\"#G1-ROWLIMIT\").val(1000);', NULL, 'N', 'FORM_INPUT_NUM_THOUSAND', '', '', '', '', '', '', '', '', '', '', NULL, '20210726205817', 0, NULL, NULL),
(38, 16, 51, 317, 65, 'TO_ADDDT', '~', 'STRING', 22, 14, 'CALENDAR', '', 'N', 'N', 'N', '20px', 'LEFT', '110px', '22', 'LEFT', 'N', 'Y', '$(\"#G1-TO_ADDDT\").val(moment().format(\"YYYY-MM-DD\"));', NULL, 'N', '', '', '', '', '', '', '', '', '', '', '', NULL, '20210726205817', 0, NULL, NULL),
(38, 16, 52, 318, 10, 'SEQ', 'SEQ', 'NUMBER', NULL, 500, 'TEXTVIEW', '', 'N', 'Y', 'N', '', '', '70', '', 'LEFT', 'N', 'Y', '', NULL, 'N', '', '', '', '', '', '', '', '', '', '', '', NULL, '20210726205817', 0, NULL, NULL),
(38, 16, 52, 319, 20, 'SRC', 'SRC', 'STRING', NULL, 500, 'TEXTVIEW', '', 'N', 'N', 'N', '', '', '70', '', 'LEFT', 'N', 'Y', '', NULL, 'N', '', '', '', '', '', '', '', '', '', '', '', NULL, '20210726205817', 0, NULL, NULL),
(38, 16, 52, 320, 30, 'CONTAINERNM', '컨테이너NM', 'STRING', NULL, 500, 'TEXTVIEW', '', 'N', 'N', 'N', '', '', '100', '', 'LEFT', 'N', 'Y', '', NULL, 'N', '', '', '', '', '', '', '', '', '', '', '', NULL, '20210726205817', 0, NULL, NULL),
(38, 16, 52, 321, 40, 'CONTAINERID', '컨테이너ID', 'STRING', NULL, 500, 'TEXTVIEW', '', 'N', 'N', 'N', '', '', '100', '', 'LEFT', 'N', 'Y', '', NULL, 'N', '', '', '', '', '', '', '', '', '', '', '', NULL, '20210726205817', 0, NULL, NULL),
(38, 16, 52, 322, 50, 'LOG', 'LOG', 'STRING', NULL, 5000, 'POPUP', '', 'N', 'N', 'N', '', '', '', '80', 'LEFT', 'N', 'Y', '', NULL, 'N', '', '', '', '', '', '', '', '', '', '', '', NULL, '20210726205817', 0, NULL, NULL),
(38, 16, 52, 323, 60, 'ADDDT', 'ADDDT', 'STRING', NULL, 20, 'TEXTVIEW', '', 'N', 'N', 'N', '100', 'LEFT', '100px', '', 'LEFT', 'N', 'Y', '', NULL, 'N', '', '', '', '', '', '', '', '', '', '', '', NULL, '20210726205817', 0, NULL, NULL),
(38, 16, 52, 324, 55, 'MSG', 'MSG', 'STRING', NULL, 100, 'POPUP', 'N', 'N', 'N', '', '', '', '150px', '', 'LEFT', 'N', 'Y', '', NULL, 'N', '', '', '', '', '', '', '', '', '', '', '', NULL, '20210726205817', 0, NULL, NULL),
(38, 16, 53, 325, 10, 'SEQ', 'SEQ', 'NUMBER', NULL, 500, 'INPUTBOX', '', 'N', 'N', 'N', '100', 'LEFT', '100', '', 'LEFT', 'N', 'N', '', NULL, 'N', '', '', '', '', '', '', '', '', '', '', '', NULL, '20210726205817', 0, NULL, NULL),
(38, 16, 53, 326, 20, 'LOG', 'LOG', 'STRING', NULL, 5000, 'CODEMIRROR', '', 'N', 'N', 'Y', '', 'LEFT', '100%', '229px', 'LEFT', 'N', 'Y', '', NULL, 'N', 'CODEMIRROR_JSON', '', '', '', '', '', '', '', '', 'Y', '', NULL, '20210726205817', 0, NULL, NULL),
(38, 16, 53, 327, 30, 'MSG', 'MSG', 'STRING', NULL, 100, 'CODEMIRROR', 'N', 'N', 'N', 'Y', '', 'LEFT', '100%', '325px', 'LEFT', 'N', 'Y', '', NULL, 'N', 'CODEMIRROR_SQL', '', '', '', '', '', '', '', '', '', '', NULL, '20210726205817', 0, NULL, NULL),
(38, 17, 54, 328, 10, 'CFG_SEQ', 'SEQ', 'NUMBER', NULL, 99, 'INPUTBOX', '', 'N', 'N', 'N', '60px', '', '60px', '', '', 'N', 'Y', '', NULL, 'N', '', '', '', '', '', '', '', '', '', '', '', NULL, '20210726205835', 0, NULL, NULL),
(38, 17, 54, 329, 20, 'ACT_PGMID', 'PGMID', 'STRING', NULL, 99, 'INPUTBOX', '', 'N', 'N', 'N', '60px', '', '60px', '', '', 'N', 'Y', '', NULL, 'N', '', '', '', '', '', '', '', '', '', '', '', NULL, '20210726205835', 0, NULL, NULL),
(38, 17, 54, 330, 50, 'HOST_NM', 'HOST', 'STRING', NULL, 99, 'INPUTBOX', '', 'N', 'N', 'N', '60px', '', '60px', '', '', 'N', 'Y', '', NULL, 'N', '', '', '', '', '', '', '', '', '', '', '', NULL, '20210726205835', 0, NULL, NULL),
(38, 17, 54, 331, 60, 'RESULT_YN', 'RESULT', 'STRING', NULL, 99, 'INPUTBOX', '', 'N', 'N', 'N', '60px', '', '60px', '', '', 'N', 'Y', '', NULL, 'N', '', '', '', '', '', '', '', '', '', '', '', NULL, '20210726205835', 0, NULL, NULL),
(38, 17, 54, 332, 70, 'RESULT_MSG', 'MSG', 'STRING', NULL, 99, 'INPUTBOX', '', 'N', 'N', 'N', '60px', '', '60px', '', '', 'N', 'Y', '', NULL, 'N', '', '', '', '', '', '', '', '', '', '', '', NULL, '20210726205835', 0, NULL, NULL),
(38, 17, 54, 333, 80, 'ADD_DT', 'ADD', 'STRING', 16, 14, 'CALENDAR', '', 'N', 'N', 'N', '40px', 'LEFT', '90px', '', 'CENTER', 'N', 'Y', '', NULL, 'N', '', '', '', '', '', '', '', '', '', '', '', NULL, '20210726205835', 0, NULL, NULL),
(38, 17, 55, 334, 10, 'CFG_SEQ', 'SEQ', 'NUMBER', NULL, 99, 'TEXTVIEW', '', 'Y', 'Y', 'N', '', '', '60', '', '', 'N', 'Y', '', NULL, 'N', '', '', '', '', '', '', '', '', '', '', '', NULL, '20210726205835', 0, NULL, NULL),
(38, 17, 55, 335, 20, 'ACT_PGMID', 'PGMID', 'STRING', NULL, 99, 'TEXTVIEW', '', 'N', 'N', 'N', '', '', '60', '', '', 'N', 'Y', '', NULL, 'N', '', '', '', '', '', '', '', '', '', '', '', NULL, '20210726205835', 0, NULL, NULL),
(38, 17, 55, 336, 30, 'OLD_CFG', 'OLD', 'STRING', NULL, 99, 'TEXTVIEW', '', 'N', 'N', 'N', '', '', '120', '', '', 'N', 'Y', '', NULL, 'N', '', '', '', '', '', '', '', '', '', '', '', NULL, '20210726205835', 0, NULL, NULL),
(38, 17, 55, 337, 40, 'NEW_CFG', 'NEW', 'STRING', NULL, 99, 'TEXTVIEW', '', 'N', 'N', 'N', '', '', '', '', '', 'N', 'Y', '', NULL, 'N', '', '', '', '', '', '', '', '', '', '', '', NULL, '20210726205835', 0, NULL, NULL),
(38, 17, 55, 338, 50, 'HOST_NM', 'HOST', 'STRING', NULL, 99, 'TEXTVIEW', '', 'N', 'N', 'N', '', '', '60', '', '', 'N', 'Y', '', NULL, 'N', '', '', '', '', '', '', '', '', '', '', '', NULL, '20210726205835', 0, NULL, NULL),
(38, 17, 55, 339, 60, 'RESULT_YN', 'RESULT', 'STRING', NULL, 99, 'TEXTVIEW', '', 'N', 'N', 'N', '', '', '60', '', '', 'N', 'Y', '', NULL, 'N', '', '', '', '', '', '', '', '', '', '', '', NULL, '20210726205835', 0, NULL, NULL),
(38, 17, 55, 340, 70, 'RESULT_MSG', 'MSG', 'STRING', NULL, 99, 'TEXTVIEW', '', 'N', 'N', 'N', '', '', '60', '', '', 'N', 'Y', '', NULL, 'N', '', '', '', '', '', '', '', '', '', '', '', NULL, '20210726205835', 0, NULL, NULL),
(38, 17, 55, 341, 80, 'ADD_DT', 'ADD', 'STRING', 16, 14, 'TEXTVIEW', '', 'N', 'N', 'N', '40px', 'LEFT', '90', '', 'CENTER', 'N', 'Y', '', NULL, 'N', '', '', '', '', '', '', '', '', '', '', '', NULL, '20210726205835', 0, NULL, NULL),
(38, 17, 56, 342, 10, 'CFG_SEQ', 'SEQ', 'STRING', NULL, 99, 'TEXTVIEW', '', '', 'Y', 'N', '80', '', '100', '', '', 'N', 'Y', '', NULL, 'N', '', '', '', '', '', '', '', '', '', '', '', NULL, '20210726205835', 0, NULL, NULL),
(38, 17, 56, 343, 20, 'OLD_CFG', 'OLD', 'STRING', NULL, 99, 'TEXTAREA', '', '', '', 'N', '80', '', '100%', '240px', '', 'N', 'Y', '', NULL, 'N', '', '', '', '', '', '', '', '', '', '', '', NULL, '20210726205835', 0, NULL, NULL),
(38, 17, 56, 344, 30, 'NEW_CFG', 'NEW', 'STRING', NULL, 99, 'TEXTAREA', '', '', '', 'N', '80', '', '100%', '240px', '', 'N', 'Y', '', NULL, 'N', '', '', '', '', '', '', '', '', '', '', '', NULL, '20210726205835', 0, NULL, NULL),
(38, 18, 58, 345, 10, 'BATCH_SEQ', 'SEQ', 'NUMBER', NULL, 30, 'TEXTVIEW', '', 'N', 'N', 'N', '', '', '30px', '', 'LEFT', 'N', 'Y', '', NULL, 'N', '', '', '', '', '', '', '', '', '', '', '', NULL, '20210726205850', 0, NULL, NULL),
(38, 18, 58, 346, 20, 'BATCH_NM', 'NM', 'STRING', NULL, 100, 'TEXT', '', 'N', 'N', 'N', '', '', '90px', '', 'LEFT', 'N', 'Y', '', NULL, 'N', '', '', '', '', '', '', '', '', '', '', '', NULL, '20210726205851', 0, NULL, NULL),
(38, 18, 58, 347, 30, 'SOURCE_SVRID', 'SRC_SVRID', 'STRING', NULL, 30, 'TEXT', '', 'N', 'N', 'N', '', '', '90px', '', 'LEFT', 'N', 'Y', '', NULL, 'N', '', '', '', '', '', '', '', '', '', '', '', NULL, '20210726205851', 0, NULL, NULL),
(38, 18, 58, 348, 60, 'TARGET_SVRID', 'TARGET_SVRID', 'STRING', NULL, 30, 'TEXT', '', 'N', 'N', 'N', '', '', '90px', '', 'LEFT', 'N', 'Y', '', NULL, 'N', '', '', '', '', '', '', '', '', '', '', '', NULL, '20210726205851', 0, NULL, NULL),
(38, 18, 58, 349, 80, 'CRON', 'CRON', 'STRING', NULL, 100, 'TEXT', '', 'N', 'N', 'N', '', '', '', '', 'LEFT', 'N', 'Y', '', NULL, 'N', '', '', '', '', '', '', '', '', '', '', '', NULL, '20210726205851', 0, NULL, NULL),
(38, 18, 58, 350, 90, 'START_DT', 'START_DT', 'STRING', NULL, 14, 'TEXT', '', 'N', 'N', 'N', '', '', '80px', '', 'LEFT', 'N', 'Y', '', NULL, 'N', '', '', '', '', '', '', '', '', '', '', '', NULL, '20210726205851', 0, NULL, NULL),
(38, 18, 58, 351, 100, 'END_DT', 'END_DT', 'STRING', NULL, 14, 'TEXT', '', 'N', 'N', 'N', '', '', '80px', '', 'LEFT', 'N', 'Y', '', NULL, 'N', '', '', '', '', '', '', '', '', '', '', '', NULL, '20210726205851', 0, NULL, NULL),
(38, 18, 58, 352, 120, 'STATUS', 'STATUS', 'STRING', NULL, 1, 'TEXTVIEW', '', 'N', 'N', 'N', '', '', '30px', '', 'LEFT', 'N', 'Y', '', NULL, 'N', '', '', '', '', '', '', '', '', '', '', '', NULL, '20210726205851', 0, NULL, NULL),
(38, 18, 58, 353, 130, 'LAST_RUN', 'LAST_RUN', 'STRING', NULL, 30, 'TEXTVIEW', '', 'N', 'N', 'N', '', '', '60px', '', 'LEFT', 'N', 'Y', '', NULL, 'N', '', '', '', '', '', '', '', '', '', '', '', NULL, '20210726205851', 0, NULL, NULL),
(38, 18, 58, 354, 110, 'USE_YN', 'USE_YN', 'STRING', 15, 1, 'TEXT', '', 'N', 'N', 'N', '', 'LEFT', '30px', '22', 'LEFT', 'N', 'Y', '', NULL, 'N', '', '', '', '', '', '', '', '', '', '', '', NULL, '20210726205851', 0, NULL, NULL),
(38, 18, 58, 355, 140, 'ADD_DT', 'ADD', 'STRING', 16, 14, 'TEXTVIEW', '', 'N', 'N', 'N', '40px', 'LEFT', '60px', '', 'LEFT', 'N', 'Y', '', NULL, 'N', '', '', '', '', '', '', '', '', '', '', '', NULL, '20210726205851', 0, NULL, NULL),
(38, 18, 58, 356, 150, 'MOD_DT', 'MOD', 'STRING', 15, 14, 'TEXTVIEW', '', 'N', 'N', 'N', '', '', '60px', '', 'LEFT', 'N', 'Y', '', NULL, 'N', '', '', '', '', '', '', '', '', '', '', '', NULL, '20210726205851', 0, NULL, NULL),
(38, 18, 58, 357, 22, 'CONDITION_SVRID', 'CONDITION_SVRID', 'STRING', NULL, 30, 'TEXT', '', 'N', 'N', '', '', '', '90px', '', 'LEFT', 'N', 'Y', '', NULL, 'N', '', '', '', '', '', '', '', '', '', '', '', NULL, '20210726205851', 0, NULL, NULL),
(38, 18, 59, 358, 10, 'BATCH_SEQ', 'SEQ', 'NUMBER', NULL, 30, 'INPUTBOX', '', 'Y', 'Y', 'N', '150px', '', '100px', '', 'LEFT', 'N', 'N', '', NULL, 'N', '', '', '', '', '', '', '', '', '', '', '', NULL, '20210726205851', 0, NULL, NULL),
(38, 18, 59, 359, 20, 'BATCH_NM', 'NM', 'STRING', NULL, 100, 'INPUTBOX', '', 'N', 'N', 'N', '100px', '', '100px', '', 'LEFT', 'N', 'Y', '', NULL, 'N', '', '', '', '', '', '', '', '', '', '', '', NULL, '20210726205851', 0, NULL, NULL),
(38, 18, 59, 360, 50, 'SOURCE_SVRID', 'SRC_SVRID', 'STRING', NULL, 30, 'INPUTBOX', '', 'N', 'N', 'N', '150px', '', '100px', '', 'LEFT', 'N', 'Y', '', NULL, 'Y', '', '', '', '', '', '', '', '', '', '', '', NULL, '20210726205851', 0, NULL, NULL),
(38, 18, 59, 361, 60, 'SOURCE_SQL', 'SRC_SQL', 'STRING', NULL, 1000, 'CODEMIRROR', '', 'N', 'N', 'Y', '', '', '100%', '130px', 'LEFT', 'N', 'Y', '', NULL, 'Y', '', '', '', '', '', '', '', '', '', 'Y', '', NULL, '20210726205851', 0, NULL, NULL),
(38, 18, 59, 362, 80, 'TARGET_SVRID', 'TARGET_SVRID', 'STRING', NULL, 30, 'INPUTBOX', '', 'N', 'N', 'N', '150px', '', '100px', '', 'LEFT', 'N', 'Y', '', NULL, 'Y', '', '', '', '', '', '', '', '', '', '', '', NULL, '20210726205851', 0, NULL, NULL),
(38, 18, 59, 363, 90, 'TARGET_SQL', 'TARGET_SQL', 'STRING', NULL, 1000, 'CODEMIRROR', '', 'N', 'N', 'Y', '', '', '100%', '130px', 'LEFT', 'N', 'Y', '', NULL, 'Y', '', '', '', '', '', '', '', '', '', 'Y', '', NULL, '20210726205851', 0, NULL, NULL),
(38, 18, 59, 364, 980, 'ADD_DT', 'ADD', 'STRING', 16, 14, 'TEXTVIEW', '', 'N', 'N', 'N', '150px', 'LEFT', '100px', '', 'LEFT', 'N', 'Y', '', NULL, 'Y', '', '', '', '', '', '', '', '', '', '', '', NULL, '20210726205851', 0, NULL, NULL),
(38, 18, 59, 365, 990, 'MOD_DT', 'MOD', 'STRING', 15, 14, 'TEXTVIEW', '', 'N', 'N', 'N', '150px', '', '100px', '', 'LEFT', 'N', 'Y', '', NULL, 'N', '', '', '', '', '', '', '', '', '', '', '', NULL, '20210726205851', 0, NULL, NULL),
(38, 18, 59, 366, 100, 'TARGET_IN_COLTYPES', 'TARGET_IN_COLTYPES', 'STRING', NULL, 100, 'INPUTBOX', '', 'N', 'N', 'N', '150px', 'LEFT', '100px', '', 'LEFT', 'N', 'Y', '', NULL, 'Y', '', '', '', '', '', '', '', '', '', '', '', NULL, '20210726205851', 0, NULL, NULL),
(38, 18, 59, 367, 30, 'CONDITION_SVRID', 'CONDITION_SVRID', 'STRING', NULL, 30, 'INPUTBOX', '', 'N', 'N', 'N', '150px', '', '100px', '', 'LEFT', 'N', 'Y', '', NULL, 'Y', '', '', '', '', '', '', '', '', '', '', '', NULL, '20210726205851', 0, NULL, NULL),
(38, 18, 59, 368, 40, 'CONDITION_SQL', 'CONDITION_SQL', 'STRING', NULL, 1000, 'CODEMIRROR', '', 'N', 'N', 'Y', '', '', '100%', '130px', 'LEFT', 'N', 'Y', '', NULL, 'Y', '', '', '', '', '', '', '', '', '', '', '', NULL, '20210726205851', 0, NULL, NULL),
(38, 18, 59, 369, 70, 'SOURCE_IN_COLTYPES', 'SRC_IN_COLTYPES', 'STRING', NULL, 100, 'INPUTBOX', '', '', '', 'N', '150px', '', '100px', '', '', '', 'Y', '', NULL, 'N', '', '', '', '', '', '', '', '', '', '', '', NULL, '20210726205851', 0, NULL, NULL),
(38, 19, 60, 370, 10, 'CAMPAIGN_SEQ', 'SEQ', 'NUMBER', NULL, 30, 'INPUTBOX', '', 'N', 'N', 'N', '30px', '', '50px', '', '', 'N', 'Y', '', NULL, 'N', '', '', '', '', '', '', '', '', '', '', '', NULL, '20210726205910', 0, NULL, NULL),
(38, 19, 60, 371, 20, 'CAMPAIGN_NM', 'CAMPAIGN_NM', 'STRING', NULL, 100, 'INPUTBOX', '', 'N', 'N', 'N', '90px', '', '50px', '', '', 'N', 'Y', '', NULL, 'N', '', '', '', '', '', '', '', '', '', '', '', NULL, '20210726205910', 0, NULL, NULL),
(38, 19, 60, 372, 30, 'CONTENT_SVRID', 'CONTENT_SVRID', 'STRING', NULL, 100, 'INPUTBOX', '', 'N', 'N', 'N', '100px', '', '50px', '', '', 'N', 'Y', '', NULL, 'N', '', '', '', '', '', '', '', '', '', '', '', NULL, '20210726205910', 0, NULL, NULL),
(38, 19, 60, 373, 40, 'CONTENT_NM', 'CONTENT_NM', 'STRING', NULL, 100, 'INPUTBOX', '', 'N', 'N', 'N', '90px', '', '50px', '', '', 'N', 'Y', '', NULL, 'N', '', '', '', '', '', '', '', '', '', '', '', NULL, '20210726205910', 0, NULL, NULL),
(38, 19, 60, 374, 50, 'CAHNNEL', 'CAHNNEL', 'STRING', NULL, 100, 'INPUTBOX', '', 'N', 'N', 'N', '70px', '', '60px', '', '', 'N', 'Y', '', NULL, 'N', '', '', '', '', '', '', '', '', '', '', '', NULL, '20210726205910', 0, NULL, NULL),
(38, 19, 60, 375, 60, 'TITLE', 'TITLE', 'STRING', NULL, 100, 'INPUTBOX', '', 'N', 'N', 'N', '50px', '', '60px', '', '', 'N', 'Y', '', NULL, 'N', '', '', '', '', '', '', '', '', '', '', '', NULL, '20210726205910', 0, NULL, NULL),
(38, 19, 60, 376, 70, 'BODY', 'BODY', 'STRING', NULL, 4000, 'INPUTBOX', '', 'N', 'N', 'N', '50px', '', '60px', '', '', 'N', 'Y', '', NULL, 'N', '', '', '', '', '', '', '', '', '', '', '', NULL, '20210726205910', 0, NULL, NULL),
(38, 19, 60, 377, 80, 'ADD_DT', 'ADD', 'STRING', 16, 14, 'CALENDAR', '', 'N', 'N', 'N', '60px', 'LEFT', '100px', '', 'LEFT', 'N', 'Y', '', NULL, 'N', '', '', '', '', '', '', '', '', '', '', '', NULL, '20210726205910', 0, NULL, NULL),
(38, 19, 60, 378, 90, 'MOD_DT', 'MOD', 'STRING', 15, 14, 'CALENDAR', '', 'N', 'N', 'N', '60px', '', '100px', '', 'LEFT', 'N', 'Y', '', NULL, 'N', '', '', '', '', '', '', '', '', '', '', '', NULL, '20210726205910', 0, NULL, NULL),
(38, 19, 61, 379, 10, 'CAMPAIGN_SEQ', 'SEQ', 'NUMBER', NULL, 30, 'TEXTVIEW', '', 'N', 'N', 'N', '', '', '60px', '', '', 'N', 'Y', '', NULL, 'N', '', '', '', '', '', '', '', '', '', '', '', NULL, '20210726205910', 0, NULL, NULL),
(38, 19, 61, 380, 20, 'CAMPAIGN_NM', 'NM', 'STRING', NULL, 100, 'TEXT', '', 'N', 'N', 'N', '', '', '60px', '', '', 'N', 'Y', '', NULL, 'N', '', '', '', '', '', '', '', '', '', '', '', NULL, '20210726205910', 0, NULL, NULL),
(38, 19, 61, 381, 30, 'CONTENT_SVRID', 'CONTENT_SVRID', 'STRING', NULL, 100, 'TEXT', '', 'N', 'N', 'N', '', '', '60px', '', '', 'N', 'Y', '', NULL, 'N', '', '', '', '', '', '', '', '', '', '', '', NULL, '20210726205910', 0, NULL, NULL),
(38, 19, 61, 382, 40, 'CONTENT_NM', 'CONTENT_NM', 'STRING', NULL, 100, 'TEXT', '', 'N', 'N', 'N', '', '', '60px', '', '', 'N', 'Y', '', NULL, 'N', '', '', '', '', '', '', '', '', '', '', '', NULL, '20210726205910', 0, NULL, NULL),
(38, 19, 61, 383, 50, 'CAHNNEL', 'CAHNNEL', 'STRING', NULL, 100, 'TEXT', '', 'N', 'N', 'N', '', '', '60px', '', '', 'N', 'Y', '', NULL, 'N', '', '', '', '', '', '', '', '', '', '', '', NULL, '20210726205910', 0, NULL, NULL),
(38, 19, 61, 384, 60, 'TITLE', 'TITLE', 'STRING', NULL, 100, 'TEXT', '', 'N', 'N', 'N', '', '', '', '', '', 'N', 'Y', '', NULL, 'N', '', '', '', '', '', '', '', '', '', '', '', NULL, '20210726205910', 0, NULL, NULL),
(38, 19, 61, 385, 80, 'ADD_DT', 'ADD', 'STRING', 16, 14, 'TEXTVIEW', '', 'N', 'N', 'N', '150px', 'LEFT', '100px', '', 'LEFT', 'N', 'Y', '', NULL, 'N', '', '', '', '', '', '', '', '', '', '', '', NULL, '20210726205910', 0, NULL, NULL),
(38, 19, 61, 386, 90, 'MOD_DT', 'MOD', 'STRING', 15, 14, 'TEXTVIEW', '', 'N', 'N', 'N', '150px', '', '100px', '', 'LEFT', 'N', 'Y', '', NULL, 'N', '', '', '', '', '', '', '', '', '', '', '', NULL, '20210726205910', 0, NULL, NULL),
(38, 19, 62, 387, 10, 'CAMPAIGN_SEQ', 'CAMPAIGN_SEQ', 'NUMBER', NULL, 30, 'INPUTBOX', '', 'N', 'N', 'N', '150px', '', '150px', '', '', 'N', 'N', '', NULL, 'N', '', '', '', '', '', '', '', '', '', '', '', NULL, '20210726205910', 0, NULL, NULL),
(38, 19, 62, 388, 20, 'CAMPAIGN_NM', 'CAMPAIGN_NM', 'STRING', NULL, 100, 'INPUTBOX', '', 'N', 'N', 'N', '150px', '', '150px', '', '', 'N', 'Y', '', NULL, 'N', '', '', '', '', '', '', '', '', '', '', '', NULL, '20210726205910', 0, NULL, NULL),
(38, 19, 62, 389, 30, 'CONTENT_SVRID', 'CONTENT_SVRID', 'STRING', NULL, 100, 'INPUTBOX', '', 'N', 'N', 'N', '150px', '', '150px', '', '', 'N', 'Y', '', NULL, 'Y', '', '', '', '', '', '', '', '', '', '', '', NULL, '20210726205910', 0, NULL, NULL),
(38, 19, 62, 390, 40, 'CONTENT_NM', 'CONTENT_NM', 'STRING', NULL, 100, 'INPUTBOX', '', 'N', 'N', 'N', '100px', '', '100px', '', '', 'N', 'Y', '', NULL, 'Y', '', '', '', '', '', '', '', '', '', '', '', NULL, '20210726205910', 0, NULL, NULL),
(38, 19, 62, 391, 50, 'CAHNNEL', 'CAHNNEL', 'STRING', NULL, 100, 'INPUTBOX', '', 'N', 'N', 'N', '60px', '', '100px', '', '', 'N', 'Y', '', NULL, 'N', '', '', '', '', '', '', '', '', '', '', '', NULL, '20210726205910', 0, NULL, NULL),
(38, 19, 62, 392, 60, 'TITLE', 'TITLE', 'STRING', NULL, 100, 'INPUTBOX', '', 'N', 'N', 'N', '50px', '', '260px', '', '', 'N', 'Y', '', NULL, 'N', '', '', '', '', '', '', '', '', '', '', '', NULL, '20210726205910', 0, NULL, NULL),
(38, 19, 62, 393, 70, 'BODY', 'BODY', 'STRING', NULL, 4000, 'WEJODIT', '', 'N', 'N', 'Y', '', '', '100%', '370px', '', 'N', 'Y', '', NULL, 'N', '', '', '', '', '', '', '', '', '', '', '', NULL, '20210726205910', 0, NULL, NULL),
(38, 19, 62, 394, 80, 'ADD_DT', 'ADD', 'STRING', 16, 14, 'TEXTVIEW', '', 'N', 'N', 'N', '150px', 'LEFT', '100px', '', 'LEFT', 'N', 'Y', '', NULL, 'N', '', '', '', '', '', '', '', '', '', '', '', NULL, '20210726205910', 0, NULL, NULL),
(38, 19, 62, 395, 90, 'MOD_DT', 'MOD', 'STRING', 15, 14, 'TEXTVIEW', '', 'N', 'N', 'N', '150px', '', '100px', '', 'LEFT', 'N', 'Y', '', NULL, 'N', '', '', '', '', '', '', '', '', '', '', '', NULL, '20210726205910', 0, NULL, NULL),
(38, 19, 62, 396, 35, 'CONTENT_SQL', 'CONTENT_SQL', 'STRING', NULL, 1000, 'CODEMIRROR', '', 'N', 'N', 'Y', '', '', '100%', '210px', '', 'N', 'Y', '', NULL, 'Y', 'CODEMIRROR_SQL', '', '', '', '', '', '', '', '', '', '', NULL, '20210726205910', 0, NULL, NULL),
(38, 19, 62, 397, 32, 'CONTENT_IN_COLTYPES', 'CONTENT_IN_COLTYPES', 'STRING', NULL, 100, 'INPUTBOX', '', 'N', 'N', 'N', '150px', '', '150px', '', '', 'N', 'Y', '', NULL, 'N', '', '', '', '', '', '', '', '', '', '', '', NULL, '20210726205910', 0, NULL, NULL),
(38, 20, 63, 398, 10, 'TO_ADDDT', '~', 'STRING', 22, 14, 'CALENDAR', '', 'N', 'N', 'N', '20px', 'LEFT', '110px', '22', 'LEFT', 'N', 'Y', '$(\"#G1-TO_ADDDT\").val(moment().format(\"YYYY-MM-DD\"));', NULL, 'N', '', '', '', '', '', '', '', '', '', '', '', NULL, '20210726205927', 0, NULL, NULL),
(38, 20, 63, 399, 10, 'FROM_ADDDT', 'ADDDT', 'STRING', 22, 14, 'CALENDAR', '', 'N', 'N', 'N', '80px', 'LEFT', '110px', '22', 'LEFT', 'N', 'Y', '$(\"#G1-FROM_ADDDT\").val(moment().add(-30,\'days\').format(\"YYYY-MM-DD\"));', NULL, 'N', '', '', '', '', '', '', '', '', '', '', '', NULL, '20210726205927', 0, NULL, NULL),
(38, 20, 64, 400, 10, 'REQUEST_SEQ', 'REQ_SEQ', 'NUMBER', NULL, 50, 'TEXTVIEW', '', 'N', 'N', 'N', '', '', '60px', '', 'LEFT', 'N', 'Y', '', NULL, 'N', '', '', '', '', '', '', '', '', '', '', '', NULL, '20210726205927', 0, NULL, NULL),
(38, 20, 64, 401, 20, 'CAMPAIGN_SEQ', 'CMP_SEQ', 'NUMBER', NULL, 30, 'TEXT', '', 'N', 'N', 'N', '', '', '60px', '', 'LEFT', 'N', 'Y', '', NULL, 'N', '', '', '', '', '', '', '', '', '', '', '', NULL, '20210726205927', 0, NULL, NULL),
(38, 20, 64, 402, 30, 'USR_SEQ', 'USR_SEQ', 'NUMBER', 2, 10, 'TEXT', '', 'N', 'N', 'N', '100', 'LEFT', '60px', '22', 'LEFT', 'N', 'Y', '', NULL, 'N', '', '', '', '', '', '', '', '', '', '', '', NULL, '20210726205927', 0, NULL, NULL),
(38, 20, 64, 403, 40, 'USR_ID', 'USR_ID', 'STRING', 8, 10, 'TEXT', '', 'N', 'N', 'N', '100', 'CENTER', '60px', '22', 'LEFT', 'N', 'Y', '', NULL, 'N', '', '', '', '', '', '', '', '', '', '', '', NULL, '20210726205927', 0, NULL, NULL),
(38, 20, 64, 404, 50, 'RETRY_CNT', 'RETRY_CNT', 'NUMBER', NULL, 2, 'TEXTVIEW', '', 'N', 'N', 'N', '', '', '60px', '', 'LEFT', 'N', 'Y', '', NULL, 'N', '', '', '', '', '', '', '', '', '', '', '', NULL, '20210726205927', 0, NULL, NULL),
(38, 20, 64, 405, 60, 'ADD_DT', 'ADD', 'STRING', 16, 14, 'TEXTVIEW', '', 'N', 'N', 'N', '150px', 'LEFT', '100px', '', 'LEFT', 'N', 'Y', '', NULL, 'N', '', '', '', '', '', '', '', '', '', '', '', NULL, '20210726205927', 0, NULL, NULL),
(38, 20, 64, 406, 25, 'CAMPAIGN_NM', 'CAMPAIGN_NM', 'STRING', NULL, 100, 'TEXTVIEW', '', 'N', 'N', '', '', '', '60px', '', 'LEFT', 'N', 'Y', '', NULL, 'N', '', '', '', '', '', '', '', '', '', '', '', NULL, '20210726205927', 0, NULL, NULL),
(38, 20, 65, 407, 10, 'SENDLOG_SEQ', 'SNDLOG_SEQ', 'NUMBER', NULL, NULL, 'TEXTVIEW', '', 'N', 'N', 'N', '', '', '50px', '', 'LEFT', 'N', 'Y', '', NULL, 'N', '', '', '', '', '', '', '', '', '', '', '', NULL, '20210726205927', 0, NULL, NULL),
(38, 20, 65, 408, 20, 'REQUEST_SEQ', 'REQ_SEQ', 'NUMBER', NULL, 50, 'TEXTVIEW', '', 'N', 'N', 'N', '', '', '50px', '', 'LEFT', 'N', 'Y', '', NULL, 'N', '', '', '', '', '', '', '', '', '', '', '', NULL, '20210726205927', 0, NULL, NULL),
(38, 20, 65, 409, 30, 'USR_SEQ', 'USR_SEQ', 'NUMBER', 2, 10, 'TEXTVIEW', '', 'N', 'N', 'N', '100', 'LEFT', '50px', '22', 'LEFT', 'N', 'Y', '', NULL, 'N', '', '', '', '', '', '', '', '', '', '', '', NULL, '20210726205927', 0, NULL, NULL),
(38, 20, 65, 410, 40, 'USR_ID', 'USR_ID', 'STRING', 8, 10, 'TEXTVIEW', '', 'N', 'N', 'N', '100', 'CENTER', '40px', '22', 'LEFT', 'N', 'Y', '', NULL, 'N', '', '', '', '', '', '', '', '', '', '', '', NULL, '20210726205927', 0, NULL, NULL),
(38, 20, 65, 411, 50, 'REQUEST_DT', 'REQ_DT', 'STRING', NULL, NULL, 'TEXTVIEW', '', 'N', 'N', 'N', '', '', '60px', '', 'LEFT', 'N', 'Y', '', NULL, 'N', '', '', '', '', '', '', '', '', '', '', '', NULL, '20210726205927', 0, NULL, NULL),
(38, 20, 65, 412, 60, 'REQUEST_ID', 'REQ_ID', 'STRING', NULL, NULL, 'TEXTVIEW', '', 'N', 'N', 'N', '', '', '40px', '', 'LEFT', 'N', 'Y', '', NULL, 'N', '', '', '', '', '', '', '', '', '', '', '', NULL, '20210726205927', 0, NULL, NULL),
(38, 20, 65, 413, 70, 'RES_GBN', 'RES_GBN', 'STRING', NULL, NULL, 'TEXTVIEW', '', 'N', 'N', 'N', '', '', '30px', '', 'LEFT', 'N', 'Y', '', NULL, 'N', '', '', '', '', '', '', '', '', '', '', '', NULL, '20210726205927', 0, NULL, NULL),
(38, 20, 65, 414, 80, 'RES_MSG', 'RES_MSG', 'STRING', NULL, NULL, 'POPUP', '', 'N', 'N', 'N', '', '', '60px', '', 'LEFT', 'N', 'Y', '', NULL, 'N', '', '', '', '', '', '', '', '', '', '', '', NULL, '20210726205927', 0, NULL, NULL),
(38, 20, 65, 415, 90, 'ADD_DT', 'ADD', 'STRING', 16, 14, 'TEXTVIEW', '', 'N', 'N', 'N', '150px', 'LEFT', '60px', '', 'LEFT', 'N', 'Y', '', NULL, 'N', '', '', '', '', '', '', '', '', '', '', '', NULL, '20210726205927', 0, NULL, NULL),
(38, 20, 65, 416, 61, 'CAMPAIGN_SEQ', 'CMP_SEQ', 'NUMBER', NULL, 30, 'TEXTVIEW', '', 'N', 'N', '', '', '', '50px', '', 'LEFT', 'N', 'Y', '', NULL, 'N', '', '', '', '', '', '', '', '', '', '', '', NULL, '20210726205927', 0, NULL, NULL),
(38, 20, 65, 417, 62, 'SENDER', 'SENDER', 'STRING', NULL, 40, 'TEXTVIEW', '', 'N', 'N', '', '', '', '40px', '', 'LEFT', 'N', 'Y', '', NULL, 'N', '', '', '', '', '', '', '', '', '', '', '', NULL, '20210726205927', 0, NULL, NULL),
(38, 20, 65, 418, 63, 'EMAIL', '이메일', 'STRING', NULL, 20, 'TEXTVIEW', '', 'N', 'N', '', '', '', '60px', '', 'LEFT', 'N', 'Y', '', NULL, 'N', '', '', '', '', '', '', '', '', '', '', '', NULL, '20210726205927', 0, NULL, NULL),
(38, 20, 65, 419, 64, 'USR_NM', 'USR_NM', 'STRING', 15, 10, 'TEXTVIEW', '', 'N', 'N', 'N', '', '', '60px', '', 'LEFT', 'N', 'Y', '', NULL, 'N', '', '', '', '', '', '', '', '', '', '', '', NULL, '20210726205928', 0, NULL, NULL),
(38, 20, 65, 420, 65, 'TITLE', 'TITLE', 'STRING', NULL, 100, 'TEXTVIEW', '', 'N', 'N', '', '', '', '80px', '', 'LEFT', 'N', 'Y', '', NULL, 'N', '', '', '', '', '', '', '', '', '', '', '', NULL, '20210726205928', 0, NULL, NULL),
(38, 20, 65, 421, 66, 'BODY', 'BODY', 'STRING', NULL, 4000, 'POPUP', '', 'N', 'N', '', '', '', '', '', 'LEFT', 'N', 'Y', '', NULL, 'N', '', '', '', '', '', '', '', '', '', '', '', NULL, '20210726205928', 0, NULL, NULL),
(38, 21, 66, 422, 10, 'MSG_BOX_SEQ', 'MSG_BOX_SEQ', 'NUMBER', NULL, 20, 'INPUTBOX', '', 'N', 'N', 'N', '100px', '', '50px', '', '', 'N', 'Y', '', NULL, 'N', '', '', '', '', '', '', '', '', '', '', '', NULL, '20210726205945', 0, NULL, NULL),
(38, 21, 66, 423, 20, 'USR_SEQ', 'USR_SEQ', 'NUMBER', 2, 10, 'INPUTBOX', '', 'N', 'N', 'N', '60px', 'LEFT', '50px', '22', 'LEFT', 'N', 'Y', '', NULL, 'N', '', '', '', '', '', '', '', '', '', '', '', NULL, '20210726205945', 0, NULL, NULL),
(38, 21, 66, 424, 30, 'TITLE', 'TITLE', 'STRING', NULL, 100, 'INPUTBOX', '', 'N', 'N', 'N', '40px', '', '60px', '', '', 'N', 'Y', '', NULL, 'N', '', '', '', '', '', '', '', '', '', '', '', NULL, '20210726205945', 0, NULL, NULL),
(38, 21, 66, 425, 40, 'BODY', 'BODY', 'STRING', NULL, 4000, 'INPUTBOX', '', 'N', 'N', 'N', '40px', '', '60px', '', '', 'N', 'Y', '', NULL, 'N', '', '', '', '', '', '', '', '', '', '', '', NULL, '20210726205945', 0, NULL, NULL),
(38, 21, 66, 426, 50, 'SEND_DT', 'SEND_DT', 'STRING', NULL, 14, 'INPUTBOX', '', 'N', 'N', 'N', '60px', '', '60px', '', '', 'N', 'Y', '', NULL, 'N', '', '', '', '', '', '', '', '', '', '', '', NULL, '20210726205945', 0, NULL, NULL),
(38, 21, 66, 427, 60, 'READ_DT', 'READ_DT', 'STRING', NULL, 14, 'INPUTBOX', '', 'N', 'N', 'N', '60px', '', '60px', '', '', 'N', 'Y', '', NULL, 'N', '', '', '', '', '', '', '', '', '', '', '', NULL, '20210726205945', 0, NULL, NULL),
(38, 21, 66, 428, 70, 'REQUEST_SEQ', 'REQ_SEQ', 'NUMBER', NULL, 50, 'INPUTBOX', '', 'N', 'N', 'N', '70px', '', '50px', '', 'LEFT', 'N', 'Y', '', NULL, 'N', '', '', '', '', '', '', '', '', '', '', '', NULL, '20210726205945', 0, NULL, NULL),
(38, 21, 66, 429, 80, 'FROM_ADD_DT', 'ADD 날짜', 'STRING', 16, 14, 'CALENDAR', '', 'N', 'N', 'N', '60px', 'LEFT', '110px', '', 'LEFT', 'N', 'Y', '$(\"#G1-FROM_ADD_DT\").val(moment().add(-30,\'days\').format(\"YYYY-MM-DD\"));', NULL, 'N', '', '', '', '', '', '', '', '', '', '', '', NULL, '20210726205945', 0, NULL, NULL),
(38, 21, 66, 430, 90, 'TO_ADD_DT', '~', 'STRING', 16, 14, 'CALENDAR', '', 'N', 'N', 'N', '20px', 'LEFT', '110px', '', 'LEFT', 'N', 'Y', '$(\"#G1-TO_ADD_DT\").val(moment().format(\"YYYY-MM-DD\"));', NULL, 'N', '', '', '', '', '', '', '', '', '', '', '', NULL, '20210726205945', 0, NULL, NULL),
(38, 21, 67, 431, 10, 'MSG_BOX_SEQ', 'SEQ', 'NUMBER', NULL, 30, 'TEXTVIEW', '', 'N', 'N', 'N', '', '', '50px', '', '', 'N', 'Y', '', NULL, 'N', '', '', '', '', '', '', '', '', '', '', '', NULL, '20210726205945', 0, NULL, NULL),
(38, 21, 67, 432, 20, 'USR_SEQ', 'USR_SEQ', 'NUMBER', 2, 10, 'TEXTVIEW', '', 'N', 'N', 'N', '100', 'LEFT', '50px', '22', 'LEFT', 'Y', 'Y', '', NULL, 'N', '', '', '', '', '', '', '', '', '', '', '', NULL, '20210726205945', 0, NULL, NULL),
(38, 21, 67, 433, 30, 'TITLE', 'TITLE', 'STRING', NULL, 100, 'TEXTVIEW', '', 'N', 'N', 'N', '', '', '', '', 'LEFT', 'N', 'Y', '', NULL, 'N', '', '', '', '', '', '', '', '', '', '', '', NULL, '20210726205945', 0, NULL, NULL),
(38, 21, 67, 434, 50, 'SEND_DT', 'SEND_DT', 'STRING', NULL, 14, 'TEXTVIEW', '', 'N', 'N', 'N', '', '', '60px', '', '', 'N', 'Y', '', NULL, 'N', '', '', '', '', '', '', '', '', '', '', '', NULL, '20210726205945', 0, NULL, NULL),
(38, 21, 67, 435, 60, 'READ_DT', 'READ_DT', 'STRING', NULL, 14, 'TEXTVIEW', '', 'N', 'N', 'N', '', '', '60px', '', '', 'N', 'Y', '', NULL, 'N', '', '', '', '', '', '', '', '', '', '', '', NULL, '20210726205945', 0, NULL, NULL),
(38, 21, 67, 436, 70, 'REQUEST_SEQ', 'REQ_SEQ', 'NUMBER', NULL, 50, 'TEXTVIEW', '', 'N', 'N', 'N', '', '', '50px', '', 'LEFT', 'N', 'Y', '', NULL, 'N', '', '', '', '', '', '', '', '', '', '', '', NULL, '20210726205945', 0, NULL, NULL),
(38, 21, 67, 437, 80, 'ADD_DT', 'ADD', 'STRING', 16, 14, 'TEXTVIEW', '', 'N', 'N', 'N', '60px', 'LEFT', '60px', '', 'LEFT', 'N', 'Y', '', NULL, 'N', '', '', '', '', '', '', '', '', '', '', '', NULL, '20210726205945', 0, NULL, NULL),
(38, 21, 67, 438, 5, 'CHK', 'CHK', 'NUMBER', 19, 1, 'ROWCHKUP', '', 'N', 'N', 'N', '', '', '50px', '', 'LEFT', 'N', 'Y', '', NULL, 'N', '', '', '', '', '', '', '', '', '', '', '', NULL, '20210726205945', 0, NULL, NULL),
(38, 21, 68, 439, 10, 'MSG_BOX_SEQ', 'MSG_BOX_SEQ', 'NUMBER', NULL, 10, 'TEXTVIEW', '', 'N', 'N', 'N', '100px', '', '50px', '22px', '', 'N', 'N', '', NULL, 'N', '', '', '', '', '', '', '', '', '', '', '', NULL, '20210726205945', 0, NULL, NULL),
(38, 21, 68, 440, 20, 'USR_SEQ', 'USR_SEQ', 'NUMBER', 2, 10, 'INPUTBOX', '', 'N', 'N', 'N', '80px', 'LEFT', '50px', '22px', 'LEFT', 'Y', 'Y', '', NULL, 'N', '', '', '', '', '', '', '', '', '', '', '', NULL, '20210726205945', 0, NULL, NULL),
(38, 21, 68, 441, 30, 'TITLE', 'TITLE', 'STRING', NULL, 100, 'INPUTBOX', '', 'N', 'N', 'N', '50px', '', '220px', '22px', '', 'N', 'Y', '', NULL, 'N', '', '', '', '', '', '', '', '', '', '', '', NULL, '20210726205945', 0, NULL, NULL),
(38, 21, 68, 442, 40, 'BODY', 'BODY', 'STRING', NULL, 4000, 'WEJODIT', '', 'N', 'N', 'N', '', '', '100%', '486px', '', 'N', 'N', '', NULL, 'N', '', '', '', '', '', '', '', '', '', 'Y', '', NULL, '20210726205945', 0, NULL, NULL),
(38, 21, 68, 443, 50, 'SEND_DT', 'SEND_DT', 'STRING', NULL, 14, 'TEXTVIEW', '', 'N', 'N', 'N', '70px', '', '120px', '22px', '', 'N', 'Y', '', NULL, 'N', '', '', '', '', '', '', '', '', '', '', '', NULL, '20210726205945', 0, NULL, NULL),
(38, 21, 68, 444, 60, 'READ_DT', 'READ_DT', 'STRING', NULL, 14, 'TEXTVIEW', '', 'N', 'N', 'N', '70px', '', '120px', '22px', '', 'N', 'Y', '', NULL, 'N', '', '', '', '', '', '', '', '', '', '', '', NULL, '20210726205945', 0, NULL, NULL),
(38, 21, 68, 445, 80, 'ADD_DT', 'ADD', 'STRING', 16, 14, 'TEXTVIEW', '', 'N', 'N', 'N', '60px', 'LEFT', '100px', '22px', 'LEFT', 'N', 'Y', '', NULL, 'N', '', '', '', '', '', '', '', '', '', '', '', NULL, '20210726205945', 0, NULL, NULL);
INSERT INTO `CG_PGMIO` (`PJTSEQ`, `PGMSEQ`, `GRPSEQ`, `IOSEQ`, `COLORD`, `COLID`, `COLNM`, `DATATYPE`, `VALIDSEQ`, `DATASIZE`, `OBJTYPE`, `POPUP`, `KEYYN`, `SEQYN`, `LBLHIDDENYN`, `LBLWIDTH`, `LBLALIGN`, `OBJWIDTH`, `OBJHEIGHT`, `OBJALIGN`, `HIDDENYN`, `EDITYN`, `FNINIT`, `FNCHANGE`, `BRYN`, `FORMAT`, `FOOTERMATH`, `FOOTERNM`, `ICONNM`, `ICONSTYLE`, `LBLSTYLE`, `OBJSTYLE`, `OBJ2STYLE`, `PLACEHOLDER`, `BTNHIDDENYN`, `FILTER`, `STOREID`, `ADDDT`, `ADDID`, `MODDT`, `MODID`) VALUES
(38, 22, 69, 446, 20, 'TO_ADD_DT', '~', 'STRING', 16, 14, 'CALENDAR', '', 'N', 'N', 'N', '20px', 'LEFT', '110px', '', 'LEFT', 'N', 'Y', '$(\"#G2-TO_ADD_DT\").val(moment().format(\"YYYY-MM-DD\"));', NULL, 'N', '', '', '', '', '', '', '', '', '', '', '', NULL, '20210726210002', 0, NULL, NULL),
(38, 22, 69, 447, 10, 'FROM_ADD_DT', '로그 날짜', 'STRING', 16, 14, 'CALENDAR', '', 'N', 'N', 'N', '100px', '', '110px', '', 'LEFT', 'N', 'Y', '$(\"#G2-FROM_ADD_DT\").val(moment().add(-7,\"days\").format(\"YYYY-MM-DD\"));', NULL, 'N', '', '', '', '', '', '', '', '', '', '', '', NULL, '20210726210002', 0, NULL, NULL),
(38, 22, 70, 448, 10, 'BATCH_SEQ', 'SEQ', 'NUMBER', NULL, 30, 'TEXTVIEW', '', 'N', 'N', 'N', '150px', '', '50px', '', 'LEFT', 'N', 'Y', '', NULL, 'N', '', '', '', '', '', '', '', '', '', '', '', NULL, '20210726210002', 0, NULL, NULL),
(38, 22, 70, 449, 20, 'BATCH_NM', 'NM', 'STRING', NULL, 100, 'TEXT', '', 'N', 'N', 'N', '', '', '90px', '', 'LEFT', 'N', 'Y', '', NULL, 'N', '', '', '', '', '', '', '', '', '', '', '', NULL, '20210726210002', 0, NULL, NULL),
(38, 22, 70, 450, 80, 'CRON', 'CRON', 'STRING', NULL, 100, 'TEXT', '', 'N', 'N', 'N', '', '', '', '', 'LEFT', 'N', 'Y', '', NULL, 'N', '', '', '', '', '', '', '', '', '', '', '', NULL, '20210726210002', 0, NULL, NULL),
(38, 22, 70, 451, 90, 'START_DT', 'START_DT', 'STRING', NULL, 14, 'TEXT', '', 'N', 'N', 'N', '', '', '80px', '', 'LEFT', 'N', 'Y', '', NULL, 'N', '', '', '', '', '', '', '', '', '', '', '', NULL, '20210726210002', 0, NULL, NULL),
(38, 22, 70, 452, 100, 'END_DT', 'END_DT', 'STRING', NULL, 14, 'TEXT', '', 'N', 'N', 'N', '', '', '80px', '', 'LEFT', 'N', 'Y', '', NULL, 'N', '', '', '', '', '', '', '', '', '', '', '', NULL, '20210726210002', 0, NULL, NULL),
(38, 22, 70, 453, 110, 'USE_YN', 'USE_YN', 'STRING', 15, 1, 'TEXT', '', 'N', 'N', 'N', '', 'LEFT', '30px', '22', 'LEFT', 'N', 'Y', '', NULL, 'N', '', '', '', '', '', '', '', '', '', '', '', NULL, '20210726210002', 0, NULL, NULL),
(38, 22, 70, 454, 120, 'STATUS', 'STATUS', 'STRING', NULL, 1, 'TEXTVIEW', '', 'N', 'N', 'N', '', '', '30px', '', 'LEFT', 'N', 'Y', '', NULL, 'N', '', '', '', '', '', '', '', '', '', '', '', NULL, '20210726210002', 0, NULL, NULL),
(38, 22, 70, 455, 130, 'LAST_RUN', 'LAST_RUN', 'STRING', NULL, 30, 'TEXTVIEW', '', 'N', 'N', 'N', '', '', '60px', '', 'LEFT', 'N', 'Y', '', NULL, 'N', '', '', '', '', '', '', '', '', '', '', '', NULL, '20210726210002', 0, NULL, NULL),
(38, 22, 70, 456, 140, 'ADD_DT', 'ADD', 'STRING', 16, 14, 'TEXTVIEW', '', 'N', 'N', 'N', '60px', 'LEFT', '100px', '', 'LEFT', 'N', 'Y', '', NULL, 'N', '', '', '', '', '', '', '', '', '', '', '', NULL, '20210726210002', 0, NULL, NULL),
(38, 22, 70, 457, 150, 'MOD_DT', 'MOD', 'STRING', 15, 14, 'TEXTVIEW', '', 'N', 'N', 'N', '60px', '', '100px', '', 'LEFT', 'N', 'Y', '', NULL, 'N', '', '', '', '', '', '', '', '', '', '', '', NULL, '20210726210002', 0, NULL, NULL),
(38, 22, 71, 458, 10, 'LOG_SEQ', 'LOG_SEQ', 'NUMBER', NULL, NULL, 'TEXTVIEW', '', 'N', 'N', 'N', '', '', '60px', '', 'LEFT', 'N', 'Y', '', NULL, 'N', '', '', '', '', '', '', '', '', '', '', '', NULL, '20210726210003', 0, NULL, NULL),
(38, 22, 71, 459, 20, 'BATCH_SEQ', 'BATCH_SEQ', 'NUMBER', NULL, 30, 'TEXTVIEW', '', 'N', 'N', 'N', '150px', '', '100px', '', 'LEFT', 'Y', 'Y', '', NULL, 'N', '', '', '', '', '', '', '', '', '', '', '', NULL, '20210726210003', 0, NULL, NULL),
(38, 22, 71, 460, 30, 'MSG', 'MSG', 'STRING', NULL, 100, 'TEXTVIEW', 'N', 'N', 'N', 'N', '', '', '', '', 'LEFT', 'N', 'Y', '', NULL, 'N', '', '', '', '', '', '', '', '', '', '', '', NULL, '20210726210003', 0, NULL, NULL),
(38, 22, 71, 461, 40, 'ADD_DT', 'ADD', 'STRING', 16, 14, 'TEXTVIEW', '', 'N', 'N', 'N', '60px', 'LEFT', '100px', '', 'LEFT', 'N', 'Y', '', NULL, 'N', '', '', '', '', '', '', '', '', '', '', '', NULL, '20210726210003', 0, NULL, NULL),
(38, 23, 72, 462, 10, 'MSG_BOX_SEQ', 'MSG_BOX_SEQ', 'NUMBER', NULL, 20, 'INPUTBOX', '', 'N', 'N', 'N', '100px', '', '50px', '', '', 'N', 'Y', '', NULL, 'N', '', '', '', '', '', '', '', '', '', '', '', NULL, '20210726210018', 0, NULL, NULL),
(38, 23, 72, 463, 20, 'USR_SEQ', 'USR_SEQ', 'NUMBER', 2, 10, 'INPUTBOX', '', 'N', 'N', 'N', '80px', 'LEFT', '50px', '22', 'LEFT', 'N', 'Y', '', NULL, 'N', '', '', '', '', '', '', '', '', '', '', '', NULL, '20210726210018', 0, NULL, NULL),
(38, 23, 72, 464, 30, 'TITLE', 'TITLE', 'STRING', NULL, 100, 'INPUTBOX', '', 'N', 'N', 'N', '50px', '', '60px', '', '', 'N', 'Y', '', NULL, 'N', '', '', '', '', '', '', '', '', '', '', '', NULL, '20210726210018', 0, NULL, NULL),
(38, 23, 72, 465, 40, 'BODY', 'BODY', 'STRING', NULL, 4000, 'INPUTBOX', '', 'N', 'N', 'N', '50px', '', '60px', '', '', 'N', 'Y', '', NULL, 'N', '', '', '', '', '', '', '', '', '', '', '', NULL, '20210726210018', 0, NULL, NULL),
(38, 23, 72, 466, 50, 'SEND_DT', 'SEND_DT', 'STRING', NULL, 14, 'INPUTBOX', '', 'N', 'N', 'N', '70px', '', '60px', '', '', 'N', 'Y', '', NULL, 'N', '', '', '', '', '', '', '', '', '', '', '', NULL, '20210726210018', 0, NULL, NULL),
(38, 23, 72, 467, 60, 'READ_DT', 'READ_DT', 'STRING', NULL, 14, 'INPUTBOX', '', 'N', 'N', 'N', '70px', '', '60px', '', '', 'N', 'Y', '', NULL, 'N', '', '', '', '', '', '', '', '', '', '', '', NULL, '20210726210018', 0, NULL, NULL),
(38, 23, 72, 468, 70, 'REQUEST_SEQ', 'REQ_SEQ', 'NUMBER', NULL, 50, 'INPUTBOX', '', 'N', 'N', 'N', '70px', '', '50px', '', 'LEFT', 'N', 'Y', '', NULL, 'N', '', '', '', '', '', '', '', '', '', '', '', NULL, '20210726210018', 0, NULL, NULL),
(38, 23, 72, 469, 80, 'FROM_ADD_DT', 'ADD 날짜', 'STRING', 16, 14, 'CALENDAR', '', 'N', 'N', 'N', '60px', 'LEFT', '110px', '', 'LEFT', 'N', 'Y', '$(\"#G1-FROM_ADD_DT\").val(moment().add(-30,\'days\').format(\"YYYY-MM-DD\"));', NULL, 'N', '', '', '', '', '', '', '', '', '', '', '', NULL, '20210726210018', 0, NULL, NULL),
(38, 23, 72, 470, 90, 'TO_ADD_DT', '~', 'STRING', 16, 14, 'CALENDAR', '', 'N', 'N', 'N', '20px', 'LEFT', '110px', '', 'LEFT', 'N', 'Y', '$(\"#G1-TO_ADD_DT\").val(moment().format(\"YYYY-MM-DD\"));', NULL, 'N', '', '', '', '', '', '', '', '', '', '', '', NULL, '20210726210018', 0, NULL, NULL),
(38, 23, 73, 471, 10, 'MSG_BOX_SEQ', 'SEQ', 'NUMBER', NULL, 30, 'TEXTVIEW', '', 'N', 'N', 'N', '', '', '50px', '', '', 'N', 'Y', '', NULL, 'N', '', '', '', '', '', '', '', '', '', '', '', NULL, '20210726210018', 0, NULL, NULL),
(38, 23, 73, 472, 20, 'USR_SEQ', 'USR_SEQ', 'NUMBER', 2, 10, 'TEXTVIEW', '', 'N', 'N', 'N', '100', 'LEFT', '50px', '22', 'LEFT', 'N', 'Y', '', NULL, 'N', '', '', '', '', '', '', '', '', '', '', '', NULL, '20210726210018', 0, NULL, NULL),
(38, 23, 73, 473, 30, 'TITLE', 'TITLE', 'STRING', NULL, 100, 'TEXTVIEW', '', 'N', 'N', 'N', '', '', '80px', '', 'LEFT', 'N', 'Y', '', NULL, 'N', '', '', '', '', '', '', '', '', '', '', '', NULL, '20210726210018', 0, NULL, NULL),
(38, 23, 73, 474, 40, 'BODY', 'BODY', 'STRING', NULL, 4000, 'POPUP', '', 'N', 'N', 'N', '', '', '', '', 'LEFT', 'N', 'Y', '', NULL, 'N', '', '', '', '', '', '', '', '', '', '', '', NULL, '20210726210018', 0, NULL, NULL),
(38, 23, 73, 475, 50, 'SEND_DT', 'SEND_DT', 'STRING', NULL, 14, 'TEXTVIEW', '', 'N', 'N', 'N', '', '', '60px', '', '', 'N', 'Y', '', NULL, 'N', '', '', '', '', '', '', '', '', '', '', '', NULL, '20210726210018', 0, NULL, NULL),
(38, 23, 73, 476, 60, 'READ_DT', 'READ_DT', 'STRING', NULL, 14, 'TEXTVIEW', '', 'N', 'N', 'N', '', '', '60px', '', '', 'N', 'Y', '', NULL, 'N', '', '', '', '', '', '', '', '', '', '', '', NULL, '20210726210018', 0, NULL, NULL),
(38, 23, 73, 477, 70, 'REQUEST_SEQ', 'REQ_SEQ', 'NUMBER', NULL, 50, 'TEXTVIEW', '', 'N', 'N', 'N', '', '', '50px', '', 'LEFT', 'N', 'Y', '', NULL, 'N', '', '', '', '', '', '', '', '', '', '', '', NULL, '20210726210018', 0, NULL, NULL),
(38, 23, 73, 478, 80, 'ADD_DT', 'ADD', 'STRING', 16, 14, 'TEXTVIEW', '', 'N', 'N', 'N', '60px', 'LEFT', '60px', '', 'LEFT', 'N', 'Y', '', NULL, 'N', '', '', '', '', '', '', '', '', '', '', '', NULL, '20210726210018', 0, NULL, NULL),
(38, 23, 73, 479, 90, 'DEL_DT', 'DEL_DT', 'STRING', NULL, 14, 'TEXTVIEW', '', 'N', 'N', '', '', '', '60px', '', 'LEFT', 'N', 'Y', '', NULL, 'N', '', '', '', '', '', '', '', '', '', '', '', NULL, '20210726210018', 0, NULL, NULL),
(38, 23, 73, 480, 5, 'CHK', 'CHK', 'NUMBER', 19, 1, 'ROWCHKUP', '', 'N', 'N', 'N', '', '', '50px', '', 'LEFT', 'N', 'Y', '', NULL, 'N', '', '', '', '', '', '', '', '', '', '', '', NULL, '20210726210018', 0, NULL, NULL),
(38, 23, 74, 481, 10, 'MSG_BOX_SEQ', 'MSG_BOX_SEQ', 'NUMBER', NULL, 10, 'TEXTVIEW', '', 'N', 'N', 'N', '100px', '', '50px', '22px', '', 'N', 'N', '', NULL, 'N', '', '', '', '', '', '', '', '', '', '', '', NULL, '20210726210019', 0, NULL, NULL),
(38, 23, 74, 482, 20, 'USR_SEQ', 'USR_SEQ', 'NUMBER', 2, 10, 'INPUTBOX', '', 'N', 'N', 'N', '80px', 'LEFT', '50px', '22px', 'LEFT', 'N', 'Y', '', NULL, 'N', '', '', '', '', '', '', '', '', '', '', '', NULL, '20210726210019', 0, NULL, NULL),
(38, 23, 74, 483, 30, 'TITLE', 'TITLE', 'STRING', NULL, 100, 'INPUTBOX', '', 'N', 'N', 'N', '50px', '', '220px', '22px', '', 'N', 'Y', '', NULL, 'N', '', '', '', '', '', '', '', '', '', '', '', NULL, '20210726210019', 0, NULL, NULL),
(38, 23, 74, 484, 40, 'BODY', 'BODY', 'STRING', NULL, 4000, 'WEJODIT', '', 'N', 'N', 'N', '', '', '100%', '370px', '', 'N', 'Y', '', NULL, 'N', '', '', '', '', '', '', '', '', '', '', '', NULL, '20210726210019', 0, NULL, NULL),
(38, 23, 74, 485, 50, 'SEND_DT', 'SEND_DT', 'STRING', NULL, 14, 'TEXTVIEW', '', 'N', 'N', 'N', '70px', '', '120px', '22px', '', 'N', 'Y', '', NULL, 'N', '', '', '', '', '', '', '', '', '', '', '', NULL, '20210726210019', 0, NULL, NULL),
(38, 23, 74, 486, 60, 'READ_DT', 'READ_DT', 'STRING', NULL, 14, 'TEXTVIEW', '', 'N', 'N', 'N', '70px', '', '120px', '22px', '', 'N', 'Y', '', NULL, 'N', '', '', '', '', '', '', '', '', '', '', '', NULL, '20210726210019', 0, NULL, NULL),
(38, 23, 74, 487, 80, 'ADD_DT', 'ADD', 'STRING', 16, 14, 'TEXTVIEW', '', 'N', 'N', 'N', '60px', 'LEFT', '100px', '22px', 'LEFT', 'N', 'Y', '', NULL, 'N', '', '', '', '', '', '', '', '', '', '', '', NULL, '20210726210019', 0, NULL, NULL);

-- --------------------------------------------------------

--
-- 테이블 구조 `CG_PGMPARAM`
--

CREATE TABLE `CG_PGMPARAM` (
  `PJTSEQ` int(11) NOT NULL,
  `PGMSEQ` int(11) NOT NULL,
  `GRPSEQ` int(11) NOT NULL,
  `FNCSEQ` int(11) NOT NULL,
  `PARAMSEQ` int(11) NOT NULL,
  `PARAMID` varchar(100) NOT NULL,
  `PARAMORD` int(11) NOT NULL DEFAULT '0',
  `ADDDT` varchar(14) NOT NULL,
  `MODDT` varchar(14) DEFAULT NULL
) ENGINE=InnoDB DEFAULT CHARSET=utf8;

-- --------------------------------------------------------

--
-- 테이블 구조 `CG_PGMSQL`
--

CREATE TABLE `CG_PGMSQL` (
  `SQLSEQ` int(11) NOT NULL,
  `PJTSEQ` int(11) NOT NULL,
  `PGMSEQ` int(11) NOT NULL,
  `SQLID` varchar(30) COLLATE utf8_bin NOT NULL,
  `SQLNM` varchar(100) COLLATE utf8_bin DEFAULT NULL,
  `SVRSEQ` int(11) DEFAULT NULL,
  `SVRIDPARAM` varchar(30) COLLATE utf8_bin DEFAULT NULL COMMENT 'SVRSEQ가없을때, 외부파라미터에서 받기',
  `CRUD` varchar(1) COLLATE utf8_bin NOT NULL,
  `RTN_TYPE` varchar(20) COLLATE utf8_bin NOT NULL COMMENT 'Int, SelectOne, SelectList',
  `SQLORD` int(11) NOT NULL,
  `SQLTXT` varchar(4000) COLLATE utf8_bin DEFAULT NULL,
  `PSQLSEQ` int(11) DEFAULT NULL,
  `ADDDT` varchar(14) COLLATE utf8_bin NOT NULL,
  `MODDT` varchar(14) COLLATE utf8_bin DEFAULT NULL
) ENGINE=InnoDB DEFAULT CHARSET=utf8 COLLATE=utf8_bin;

--
-- 테이블의 덤프 데이터 `CG_PGMSQL`
--

INSERT INTO `CG_PGMSQL` (`SQLSEQ`, `PJTSEQ`, `PGMSEQ`, `SQLID`, `SQLNM`, `SVRSEQ`, `SVRIDPARAM`, `CRUD`, `RTN_TYPE`, `SQLORD`, `SQLTXT`, `PSQLSEQ`, `ADDDT`, `MODDT`) VALUES
(9, 38, 3, 'delIpG', 'IP', 15, '', 'D', 'RTN_INT', 0, 'DELETE FROM  CMN_IP\nWHERE IP_SEQ = #{IP_SEQ}\n', 0, '20210724220709', NULL),
(10, 38, 3, 'insIpG', 'IP', 15, '', 'C', 'RTN_INT', 0, 'INSERT INTO CMN_IP (\n	PGMTYPE, ALLOW_IP, IP_DESC, ADD_DT, ADD_ID\n) VALUES (	\n	#{PGMTYPE}, #{ALLOW_IP}, #{IP_DESC}, date_format(sysdate(),\'%Y%m%d%H%i%s\'),#{USER.SEQ}   \n)', 0, '20210724220709', NULL),
(11, 38, 3, 'selIpG', 'IP', 15, '', 'R', 'RTN_SELECT_LIST', 0, 'select\n	IP_SEQ, PGMTYPE, ALLOW_IP, IP_DESC, ADD_DT, ADD_ID\n	, MOD_DT, MOD_ID \nfrom CMN_IP\norder by IP_SEQ desc ', 0, '20210724220709', NULL),
(12, 38, 3, 'updIpG', 'IP', 15, '', 'U', 'RTN_INT', 0, 'UPDATE CMN_IP SET\n	PGMTYPE = #{PGMTYPE}, ALLOW_IP = #{ALLOW_IP}, IP_DESC = #{IP_DESC}\n	, MOD_DT = date_format(sysdate(),\'%Y%m%d%H%i%s\') , MOD_ID = #{USER.SEQ}\nWHERE IP_SEQ = #{IP_SEQ}\n', 0, '20210724220709', '20210724220728'),
(13, 38, 4, 'delDtlG', 'DTL', 15, '', 'D', 'RTN_INT', 0, 'delete from CMN_CODED \nwhere PCD = #{PCD} and CD = #{CD}\n', 0, '20210726205354', NULL),
(14, 38, 4, 'delMasG', 'MAS', 15, '', 'D', 'RTN_INT', 0, 'delete from CMN_CODE\nwhere PCD = #{PCD} \n', 0, '20210726205354', NULL),
(15, 38, 4, 'insDtlG', 'DTL', 15, '', 'C', 'RTN_INT', 0, 'insert into CMN_CODED (\n	CD,NM,CDDESC,PCD\n	,ORD,CDVAL,CDVAL2,CDMIN,CDMAX\n	,DATATYPE,EDITYN,FORMATYN,USEYN,DELYN\n	,ADDDT\n) values (\n	#{CD},#{NM},#{CDDESC},#{PCD}\n	,if(#{ORD}=\'\',10,#{ORD}),#{CDVAL},#{CDVAL2},#{CDMIN},#{CDMAX}\n	,#{DATATYPE},#{EDITYN},#{FORMATYN},if(#{USEYN}=\'\',\'Y\',#{USEYN}),if(#{DELYN}=\'\',\'N\',#{DELYN})\n	,date_format(sysdate(),\'%Y%m%d%H%i%s\')\n)', 0, '20210726205354', NULL),
(16, 38, 4, 'insMasG', 'MAS', 15, '', 'C', 'RTN_INT', 0, 'insert into CMN_CODE (\n	PCD,PNM,PCDDESC,ORD,USEYN,DELYN\n	,ADDDT\n) values (\n	#{PCD},#{PNM},#{PCDDESC},if(#{ORD}=\'\',\'10\',#{ORD}),if(#{USEYN}=\'\',\'Y\',#{USEYN}),if(#{DELYN}=\'\',\'N\',#{DELYN})\n	,date_format(sysdate(),\'%Y%m%d%H%i%s\')\n)', 0, '20210726205355', NULL),
(17, 38, 4, 'selDtlG', 'DTL', 15, '', 'R', 'RTN_SELECT_LIST', 0, 'select\n	CODED_SEQ,CD,NM,CDDESC,PCD,ORD\n	,CDVAL,CDVAL2,CDMIN,CDMAX,DATATYPE\n	,EDITYN,FORMATYN,USEYN,DELYN\n	,ADDDT,MODDT\nfrom CMN_CODED\nwhere PCD = #{G2-PCD}\norder by ORD ', 0, '20210726205355', NULL),
(18, 38, 4, 'selMasG', 'MAS', 15, '', 'R', 'RTN_SELECT_LIST', 0, 'select \n	PCD,PNM,PCDDESC,ORD,USEYN\n	,DELYN\n	,ADDDT,MODDT\nfrom \n	CMN_CODE\norder by ORD asc', 0, '20210726205355', NULL),
(19, 38, 4, 'updDtlG', 'DTL', 15, '', 'U', 'RTN_INT', 0, 'update CMN_CODED set\n	CD = #{CD}, NM = #{NM}, CDDESC = #{CDDESC},ORD = #{ORD}, CDVAL = #{CDVAL}, CDVAL2 = #{CDVAL2}\n	, CDMIN = #{CDMIN}, CDMAX = #{CDMAX}, DATATYPE = #{DATATYPE}, EDITYN = #{EDITYN}, FORMATYN = #{FORMATYN}\n	, USEYN = #{USEYN}, DELYN = #{DELYN}, PCD = #{PCD}\n	, MODDT = date_format(sysdate(),\'%Y%m%d%H%i%s\')\nwhere  CODED_SEQ = #{CODED_SEQ}\n', 0, '20210726205355', NULL),
(20, 38, 4, 'updMasG', 'MAS', 15, '', 'U', 'RTN_INT', 0, 'update CMN_CODE set\n	PNM = #{PNM}, PCDDESC = #{PCDDESC}, ORD = #{ORD}, USEYN = #{USEYN}, DELYN = #{DELYN}\n	, MODDT = date_format(sysdate(),\'%Y%m%d%H%i%s\')\nwhere PCD = #{PCD}\n', 0, '20210726205356', NULL),
(21, 38, 5, 'sCodeD', 'sCodeD', 15, '', 'R', 'RTN_SELECT_LIST', 80, 'select CD,NM \nfrom CMN_CODED \nwhere PCD = #{G1-PCD} and DELYN = \'N\' and USEYN=\'Y\' \norder by ORD asc', 0, '20210726205415', NULL),
(22, 38, 5, 'sCodeF', '폼', 15, '', 'R', 'RTN_SELECT_LIST', 1, 'select \nCODED_SEQ, CD, NM, CDDESC, PCD\n, ORD, CDVAL, CDVAL2, CDMIN, CDMAX\n, DATATYPE, EDITYN, FORMATYN, USEYN, DELYN\n, ADDDT, MODDT \nfrom CMN_CODED \nwhere  PCD = #{G1-PCD} and CD = #{G1-CD} and DELYN = \'N\' and USEYN=\'Y\' \norder by   ORD asc ', 0, '20210726205415', NULL),
(23, 38, 6, 'chgUserPwG', 'USR', 15, '', 'U', 'RTN_INT', 0, 'update CMN_USR set\n	USR_PWD = #{USR_PWD}\n	, PW_CHG_DT = date_format(sysdate(),\'%Y%m%d%H%i%s\')\nwhere USR_SEQ = #{USR_SEQ}', 0, '20210726205441', NULL),
(24, 38, 6, 'delUserG', 'USR', 15, '', 'D', 'RTN_INT', 0, 'delete from CMN_USR where USR_SEQ = #{USR_SEQ}\n', 0, '20210726205441', NULL),
(25, 38, 6, 'insUserG', 'USR', 15, '', 'C', 'RTN_INT', 0, 'insert into CMN_USR (\n	USR_ID, USR_NM, PHONE, USE_YN, USR_PWD\n	, PW_ERR_CNT, LAST_STATUS, LOCK_LIMIT_DT, LOCK_LAST_DT, EXPIRE_DT\n	, PW_CHG_DT, PW_CHG_ID, LDAP_LOGIN_YN, TEAMCD, TEAMNM\n	, ADD_DT,\n) values (\n	#{USR_ID}, #{USR_NM}, #{PHONE}, #{USE_YN}, #{USR_PWD}\n	, #{PW_ERR_CNT}, #{LAST_STATUS}, #{LOCK_LIMIT_DT}, #{LOCK_LAST_DT}, #{EXPIRE_DT}\n	, #{PW_CHG_DT}, #{PW_CHG_ID}, #{LDAP_LOGIN_YN}, #{TEAMCD}, #{TEAMNM}\n	, date_format(sysdate(),\'%Y%m%d%H%i%s\')\n)', 0, '20210726205441', NULL),
(26, 38, 6, 'selGrp', 'GRP', 15, '', 'R', 'RTN_SELECT_LIST', 10, 'SELECT \n	a.USR_SEQ, a.GRP_SEQ, b.GRP_NM, b.USE_YN, a.ADD_DT\nFROM \n	CMN_GRP_USR a \n	join CMN_GRP b \n		on a.GRP_SEQ = b.GRP_SEQ\nWHERE a.USR_SEQ = #{G2-USR_SEQ}\n', 0, '20210726205441', NULL),
(27, 38, 6, 'selTeam', 'TEAM', 15, '', 'R', 'RTN_SELECT_LIST', 1, 'SELECT \n	a.USR_SEQ, b.TEAM_SEQ, b.TEAMCD, b.TEAMNM, b.USE_YN, a.ADD_DT\nFROM \n	CMN_USR a \n	join CMN_TEAM b \n		on a.TEAMCD = b.TEAMCD\nWHERE a.USR_SEQ = #{G2-USR_SEQ}', 0, '20210726205441', NULL),
(28, 38, 6, 'selUserG', 'USR', 15, '', 'R', 'RTN_SELECT_LIST', 0, 'select \n \'0\' as CHK, USR_SEQ, USR_ID, USR_NM, PHONE, USE_YN\n , USR_PWD, PW_ERR_CNT, LAST_STATUS, LOCK_LIMIT_DT, LOCK_LAST_DT\n , EXPIRE_DT, PW_CHG_DT, PW_CHG_ID, LDAP_LOGIN_YN, TEAMCD, TEAMNM\n , ADD_DT, MOD_DT\nfrom\n CMN_USR\nwhere 1=1\n	and case when length(#{C1-USR_ID}) > 0 then \n		USR_ID like concat(\'%\',#{C1-USR_ID},\'%\') \n	else 1 = 1\n	end\n	and case when length(#{C1-USR_NM}) > 0 then \n		USR_NM like concat(\'%\',#{C1-USR_NM},\'%\') \n	else 1 = 1\n	end\n	and case when length(#{C1-TEAMNM}) > 0 then \n		TEAMNM like concat(\'%\',#{C1-TEAMNM},\'%\') \n	else 1 = 1\n	end\n\n\n', 0, '20210726205441', NULL),
(29, 38, 6, 'unLockUsr', 'USR', 15, '', 'U', 'RTN_INT', 10, 'update CMN_USR set\n	PW_ERR_CNT = 0, LOCK_LIMIT_DT = null, LOCK_LAST_DT = null\n	, MOD_DT = date_format(sysdate(),\'%Y%m%d%H%i%s\'), MOD_ID = #{USER.SEQ}\nwhere USR_SEQ = #{USR_SEQ}', 0, '20210726205442', NULL),
(30, 38, 6, 'updUserG', 'USR', 15, '', 'U', 'RTN_INT', 0, 'update CMN_USR set\n	USR_ID = #{USR_ID}, USR_NM = #{USR_NM}, PHONE = #{PHONE}, USE_YN = #{USE_YN}, PW_ERR_CNT = #{PW_ERR_CNT}\n	, LAST_STATUS = #{LAST_STATUS}, LOCK_LIMIT_DT = #{LOCK_LIMIT_DT}, LOCK_LAST_DT = #{LOCK_LAST_DT}, EXPIRE_DT = #{EXPIRE_DT}, PW_CHG_DT = #{PW_CHG_DT}\n	, PW_CHG_ID = #{PW_CHG_ID}, LDAP_LOGIN_YN = #{LDAP_LOGIN_YN}, TEAMCD = #{TEAMCD}, TEAMNM = #{TEAMNM}\n	, MOD_DT = date_format(sysdate(),\'%Y%m%d%H%i%s\')\nwhere USR_SEQ = #{USR_SEQ}\n', 0, '20210726205442', NULL),
(31, 38, 7, 'delHoldG', '사용자권한삭제', 15, '', 'D', 'RTN_INT', 0, 'delete from CMN_GRP_USR where GRP_SEQ = #{G2-GRP_SEQ} and USR_SEQ = #{USR_SEQ}\n', 0, '20210726205505', NULL),
(32, 38, 7, 'insNoToHoldG', '사용자추가', 15, '', 'U', 'RTN_INT', 0, 'insert into CMN_GRP_USR (\n	GRP_SEQ, USR_SEQ, ADD_DT, ADD_ID\n) values (\n	#{G2-GRP_SEQ}, #{USR_SEQ}, date_format(sysdate(),\'%Y%m%d%H%i%s\'), 0\n)\n', 0, '20210726205505', NULL),
(33, 38, 7, 'selGrpG', '그룹목록', 15, '', 'R', 'RTN_SELECT_LIST', 0, 'select GRP_SEQ, GRP_NM, USE_YN, ADD_DT, MOD_DT\nfrom CMN_GRP\nwhere 1 = 1\n	and case when length(#{G1-GRP_NM}) > 0 then \n		GRP_NM like concat(\'%\',#{G1-GRP_NM},\'%\')\n	else 1 = 1 end\n	and case when length(#{G1-USE_YN}) > 0 then \n		USE_YN like concat(\'%\',#{G1-USE_YN},\'%\')\n	else 1 = 1 end \n	and case when length(#{G1-GRP_SEQ}) > 0 then \n		GRP_SEQ = #{G1-GRP_SEQ}\n	else 1 = 1 end \n', 0, '20210726205506', NULL),
(34, 38, 7, 'selHoldG', '권한보유사용자', 15, '', 'R', 'RTN_SELECT_LIST', 0, 'select\n	0 as CHK, a.GRP_SEQ, a.USR_SEQ, b.USR_ID, b.USR_NM, a.ADD_DT, a.ADD_ID, a.ADD_ID as ADD_ID2\nfrom CMN_GRP_USR a\n	join CMN_USR b on a.USR_SEQ = b.USR_SEQ\nwhere GRP_SEQ = #{G2-GRP_SEQ}\n	and case when length(#{G1-USR_ID}) > 0 then \n		USR_ID = #{G1-USR_ID}\n	else 1 = 1 end \n	and case when length(#{G1-USR_NM}) > 0 then \n		USR_NM = #{G1-USR_NM}\n	else 1 = 1 end \n', 0, '20210726205506', NULL),
(35, 38, 7, 'selNoG', '권한미보유', 15, '', 'R', 'RTN_SELECT_LIST', 0, 'select \n	0 as CHK, USR_SEQ, USR_ID, USR_NM\nfrom \n	CMN_USR\nwhere USR_SEQ not in (\n	select USR_SEQ\n	from CMN_GRP_USR\n	where GRP_SEQ = #{G2-GRP_SEQ}\n)\n	and case when length(#{G1-USR_ID}) > 0 then \n		USR_ID = #{G1-USR_ID}\n	else 1 = 1 end \n	and case when length(#{G1-USR_NM}) > 0 then \n		USR_NM = #{G1-USR_NM}\n	else 1 = 1 end \n', 0, '20210726205506', NULL),
(36, 38, 8, 'delHoldG', '권한 삭제', 15, '', 'D', 'RTN_INT', 0, 'delete from CMN_GRP_AUTH where GRP_SEQ = #{GRP_SEQ} and GA_SEQ = #{GA_SEQ}', 0, '20210726205526', NULL),
(37, 38, 8, 'insNoToHoldG', '권한 추가', 15, '', 'U', 'RTN_INT', 0, 'insert into CMN_GRP_AUTH (\n	GRP_SEQ, PGMID, AUTH_ID, ADD_DT, ADD_ID\n) \nselect\n	#{G2-GRP_SEQ} as  GRP_SEQ, PGMID, AUTH_ID, date_format(sysdate(),\'%Y%m%d%H%i%s\') as ADD_DT, 0 as ADD_ID\nfrom CMN_AUTH\nWHERE AUTH_SEQ = #{AUTH_SEQ}', 0, '20210726205526', NULL),
(38, 38, 8, 'selGrpG', '그룹목록', 15, '', 'R', 'RTN_SELECT_LIST', 0, 'select \n	GRP_SEQ, GRP_NM, USE_YN, ADD_DT, ADD_ID\nfrom CMN_GRP\nwhere 1 = 1\n	and case when length(#{G1-GRP_NM}) > 0 then\n		GRP_NM like concat(\'%\',#{G1-GRP_NM},\'%\')\n	else 1 = 1 end\n', 0, '20210726205526', NULL),
(39, 38, 8, 'selHoldG', '보유 권한', 15, '', 'R', 'RTN_SELECT_LIST', 0, 'select\n	0 as CHK, a.GA_SEQ, a.GRP_SEQ, a.PGMID, b.MNU_NM, a.AUTH_ID, c.AUTH_NM, a.ADD_DT, a.ADD_ID\nfrom CMN_GRP_AUTH a\n	left outer join CMN_MNU b on a.PGMID = b.PGMID\n	left outer join CMN_AUTH c on a.PGMID = c.PGMID and a.AUTH_ID = c.AUTH_ID\nwhere a.GRP_SEQ = #{G2-GRP_SEQ}\n	and case when length(#{G1-PGMID}) > 0 then\n		a.PGMID like concat(\'%\',#{G1-PGMID},\'%\')\n	else 1 = 1 end\n	and case when length(#{G1-AUTH_ID}) > 0 then\n		a.AUTH_ID like concat(\'%\',#{G1-AUTH_ID},\'%\')\n	else 1 = 1 end\n	and case when length(#{G1-AUTH_NM}) > 0 then\n		c.AUTH_NM like concat(\'%\',#{G1-AUTH_NM},\'%\')\n	else 1 = 1 end\n', 0, '20210726205526', NULL),
(40, 38, 8, 'selNoG', '미보유 권한', 15, '', 'R', 'RTN_SELECT_LIST', 0, 'select\n	0 as CHK, a.AUTH_SEQ, a.PGMID, c.MNU_NM, a.AUTH_ID, a.AUTH_NM, a.USE_YN, a.ADD_DT, a.MOD_DT		\nfrom CMN_AUTH a\n	left outer join CMN_MNU c on a.PGMID = c.PGMID\nwhere not exists(\n	select\n		*\n	from CMN_GRP_AUTH b\n	where b.GRP_SEQ = #{G2-GRP_SEQ} and a.PGMID = b.PGMID and a.AUTH_ID = b.AUTH_ID\n)\n	and case when length(#{G1-PGMID}) > 0 then\n		a.PGMID like concat(\'%\',#{G1-PGMID},\'%\')\n	else 1 = 1 end\n	and case when length(#{G1-AUTH_ID}) > 0 then\n		a.AUTH_ID like concat(\'%\',#{G1-AUTH_ID},\'%\')\n	else 1 = 1 end\n	and case when length(#{G1-AUTH_NM}) > 0 then\n		a.AUTH_NM like concat(\'%\',#{G1-AUTH_NM},\'%\')\n	else 1 = 1 end\n', 0, '20210726205526', NULL),
(41, 38, 9, 'delGrpG', 'GRP', 15, '', 'D', 'RTN_INT', 1, 'delete from CMN_GRP where GRP_SEQ = #{GRP_SEQ}\n', 0, '20210726205545', NULL),
(42, 38, 9, 'insGrpG', 'insGrpG', 15, '', 'C', 'RTN_INT', 0, 'insert into CMN_GRP\n(\n	GRP_NM, USE_YN, INTRO_PGMID, ADD_DT, ADD_ID\n) values (\n	#{GRP_NM}, #{USE_YN}, #{INTRO_PGMID}\n	, date_format(sysdate(),\'%Y%m%d%H%i%s\'), 0\n)\n', 0, '20210726205546', NULL),
(43, 38, 9, 'selGrpG', 'selGrpG', 15, '', 'R', 'RTN_SELECT_LIST', 10, 'select \n GRP_SEQ, GRP_NM, USE_YN, INTRO_PGMID\n , ADD_DT, ADD_ID, MOD_DT, MOD_ID\nfrom CMN_GRP\n', 0, '20210726205546', NULL),
(44, 38, 9, 'updGrpG', 'updGrpG', 15, '', 'U', 'RTN_INT', 0, 'update CMN_GRP set\n	GRP_NM = #{GRP_NM}, USE_YN = #{USE_YN}, INTRO_PGMID = #{INTRO_PGMID}\n	,MOD_DT = date_format(sysdate(),\'%Y%m%d%H%i%s\'), MOD_ID = 0\nwhere GRP_SEQ = #{GRP_SEQ}\n', 0, '20210726205546', NULL),
(45, 38, 10, 'delAuthG', 'AUTH', 15, '', 'D', 'RTN_INT', 0, 'delete from \n	CMN_AUTH\nwhere AUTH_SEQ = #{AUTH_SEQ}\n', 0, '20210726205606', NULL),
(46, 38, 10, 'delMnu', 'MNU', 15, '', 'D', 'RTN_INT', 1, 'delete from  CMN_MNU\nwhere\n	MNU_SEQ = #{MNU_SEQ}', 0, '20210726205606', NULL),
(47, 38, 10, 'insAuthG', 'AUTH', 15, '', 'C', 'RTN_INT', 0, 'insert into CMN_AUTH (\n	PGMID, AUTH_ID, AUTH_NM, USE_YN\n	, ADD_DT\n) values (\n	#{PGMID}, #{AUTH_ID}, #{AUTH_NM}, if(#{USE_YN}=\'N\',\'N\',\'Y\')\n	,date_format(sysdate(),\'%Y%m%d%H%i%s\')\n)\n', 0, '20210726205606', NULL),
(48, 38, 10, 'insMnu', 'MNU', 15, '', 'C', 'RTN_INT', 3, 'insert into CMN_MNU (\n	MNU_NM, PGMID, URL, PGMTYPE, MNU_ORD\n	, USE_YN\n	, ADD_DT, ADD_ID\n) values (\n	#{MNU_NM}, #{PGMID}, #{URL}, #{PGMTYPE}, #{MNU_ORD}\n	, #{USE_YN}\n	, date_format(sysdate(),\'%Y%m%d%H%i%s\'), 0\n)\n', 0, '20210726205606', NULL),
(49, 38, 10, 'selAuthG', 'AUTH', 15, '', 'R', 'RTN_SELECT_LIST', 0, 'select \n	\'0\' as CHK, AUTH_SEQ, PGMID, AUTH_ID, AUTH_NM, USE_YN\n	, ADD_DT, MOD_DT, concat(PGMID,\'^\',AUTH_NM,\'^\',\'G2\') AS PGMID2\nfrom CMN_AUTH\nwhere \n	PGMID like if(#{G1-PGMID} = \'\',\'%\',#{G1-PGMID})\n	and AUTH_ID like if(#{G1-AUTH_ID} = \'\',\'%\',#{G1-AUTH_ID})\n	and AUTH_NM like if(#{G1-AUTH_NM} = \'\',\'%\',concat(\'%\',#{G1-AUTH_NM},\'%\'))\norder by PGMID asc, AUTH_ID asc\n', 0, '20210726205606', NULL),
(50, 38, 10, 'selMnu', 'MNU', 15, '', 'R', 'RTN_SELECT_LIST', 4, 'select\n	\'0\' as CHK, MNU_SEQ, MNU_NM, PGMID\n	, URL, PGMTYPE, MNU_ORD, USE_YN\n	, ADD_DT, ADD_ID, MOD_DT, MOD_ID \nfrom \n	CMN_MNU\nwhere\n	PGMID like if(#{G1-PGMID} = \'\',\'%\',#{G1-PGMID})\n	and MNU_NM like if(#{G1-MNU_NM} = \'\',\'%\',concat(\'%\',#{G1-MNU_NM},\'%\'))\norder by \n	PGMID asc', 0, '20210726205607', NULL),
(51, 38, 10, 'updAuth', 'AUTH', 15, '', 'D', 'RTN_INT', 1, 'update CMN_AUTH set\n	PGMID = #{PGMID}, AUTH_ID = #{AUTH_ID}, AUTH_NM = #{AUTH_NM}, USE_YN = #{USE_YN}\n	, MOD_DT = date_format(sysdate(),\'%Y%m%d%H%i%s\')\nwhere AUTH_SEQ = #{AUTH_SEQ}\n', 0, '20210726205607', NULL),
(52, 38, 10, 'updMnu', 'MNU', 15, '', 'U', 'RTN_INT', 2, 'update CMN_MNU set\n	MNU_NM = #{MNU_NM}, PGMID = #{PGMID}, URL = #{URL}, PGMTYPE = #{PGMTYPE}, MNU_ORD = #{MNU_ORD}\n	, USE_YN = #{USE_YN}\n	, MOD_DT = date_format(sysdate(),\'%Y%m%d%H%i%s\'), MOD_ID = 0\nwhere\n	MNU_SEQ = #{MNU_SEQ}', 0, '20210726205607', NULL),
(53, 38, 11, 'delM1', 'M1', 15, '', 'D', 'RTN_INT', 1, 'delete from CMN_MNU1 where MNU1_SEQ = #{MNU1_SEQ}\n', 0, '20210726205626', NULL),
(54, 38, 11, 'delM2', 'M2', 15, '', 'D', 'RTN_INT', 1, 'delete from CMN_MNU2 where MNU2_SEQ = #{MNU2_SEQ}\n', 0, '20210726205626', NULL),
(55, 38, 11, 'insM1', 'M1', 15, '', 'C', 'RTN_INT', 1, 'insert into CMN_MNU1 (\n	FOLDER_YN, FOLDER_NM, PGMID, MNU_ICON, MNU_ORD\n	, ADD_DT\n) values (\n	#{FOLDER_YN},#{FOLDER_NM},#{PGMID},#{MNU_ICON},#{MNU_ORD}\n	, date_format(sysdate(),\'%Y%m%d%H%i%s\')\n)\n', 0, '20210726205626', NULL),
(56, 38, 11, 'insM1Choice', 'M1', 15, '', 'U', 'RTN_INT', 1, 'insert into CMN_MNU1 (\n	FOLDER_YN, FOLDER_NM, PGMID, MNU_ICON, MNU_ORD\n	, ADD_DT\n) values (\n	\'N\',\'\',#{PGMID},#{G5-MNU_ICON},#{G5-MNU_ORD}\n	, date_format(sysdate(),\'%Y%m%d%H%i%s\')\n)\n', 0, '20210726205626', NULL),
(57, 38, 11, 'insM2', 'M2', 15, '', 'C', 'RTN_INT', 1, 'insert into CMN_MNU2 (\n	MNU1_SEQ, PGMID,MNU_ORD\n	, ADD_DT\n) values (\n	#{MNU1_SEQ},#{PGMID}, #{MNU_ORD}\n	, date_format(sysdate(),\'%Y%m%d%H%i%s\')\n)\n', 0, '20210726205626', NULL),
(58, 38, 11, 'insM2Choice', 'M2', 15, '', 'U', 'RTN_INT', 1, 'insert into CMN_MNU2 (\n	MNU1_SEQ, PGMID,MNU_ORD\n	, ADD_DT\n) values (\n	#{G6-MNU1_SEQ},#{PGMID},#{G6-MNU_ORD}\n	, date_format(sysdate(),\'%Y%m%d%H%i%s\')\n)\n', 0, '20210726205627', NULL),
(59, 38, 11, 'selM1', 'M1', 15, '', 'R', 'RTN_SELECT_LIST', 1, 'select\n	a.MNU1_SEQ, a.FOLDER_YN, ifnull(a.FOLDER_NM,\'\') as FOLDER_NM, a.PGMID, b.MNU_NM, a.MNU_ICON\n	, a.MNU_ORD, a.ADD_DT, a.MOD_DT\nfrom\n	CMN_MNU1 a\n	left outer join CMN_MNU b on a.PGMID = b.PGMID\norder by MNU_ORD\n', 0, '20210726205627', NULL),
(60, 38, 11, 'selM2', 'M2', 15, '', 'R', 'RTN_SELECT_LIST', 2, 'select\n	a.MNU2_SEQ, a.MNU1_SEQ, a.PGMID, b.MNU_NM, a.MNU_ORD, a.ADD_DT, a.MOD_DT\nfrom\n	CMN_MNU2 a\n	left outer join CMN_MNU b on a.PGMID = b.PGMID\nwhere a.MNU1_SEQ = #{G2-MNU1_SEQ}\norder by a.MNU_ORD\n', 0, '20210726205627', NULL),
(61, 38, 11, 'selP', 'selP', 15, '', 'R', 'RTN_SELECT_LIST', 1, 'select \n	0 as CHK, MNU_SEQ, MNU_NM, PGMID, URL, PGMTYPE, MNU_ORD, USE_YN, ADD_DT,MOD_DT\nfrom \n	CMN_MNU\nwhere PGMID not in \n(\n	select PGMID from CMN_MNU1 where FOLDER_YN = \'N\'\n	union all\n	select PGMID from CMN_MNU2\n)\norder by MNU_ORD', 0, '20210726205627', NULL),
(62, 38, 11, 'updM1', 'M1', 15, '', 'U', 'RTN_INT', 10, 'update CMN_MNU1 set\n	FOLDER_YN = #{FOLDER_YN}, FOLDER_NM = #{FOLDER_NM}, PGMID = #{PGMID}, MNU_ICON = #{MNU_ICON}, MNU_ORD = #{MNU_ORD}\n	, MOD_DT = date_format(sysdate(),\'%Y%m%d%H%i%s\')\nwhere MNU1_SEQ = #{MNU1_SEQ}\n', 0, '20210726205627', NULL),
(63, 38, 11, 'updM2', 'M2', 15, '', 'U', 'RTN_INT', 1, 'update CMN_MNU2 set\n	MNU1_SEQ = #{MNU1_SEQ}, PGMID = #{PGMID}, MNU_ORD = #{MNU_ORD}\n	, MOD_DT = date_format(sysdate(),\'%Y%m%d%H%i%s\')\nwhere MNU2_SEQ = #{MNU2_SEQ}\n', 0, '20210726205627', NULL),
(64, 38, 12, 'sLockG', 'lock', 15, '', 'R', 'RTN_SELECT_LIST', 0, 'SELECT\n	LOGIN_SEQ, USR_ID, SESSION_ID, SUCCESS_YN, LOCKCD, PW_ERR_CNT, LOCK_LIMIT_DT\n	, USR_SEQ, ADD_DT\nFROM CMN_LOG_LOGIN\nWHERE LOCKCD IN (\'GOLOCK\',\'UNLOCK\')\n	AND USR_ID = #{USER.ID}\nORDER BY LOGIN_SEQ DESC', 0, '20210726205650', NULL),
(65, 38, 12, 'sLoginG', 'login', 15, '', 'R', 'RTN_SELECT_LIST', 0, 'SELECT\n	LOGIN_SEQ, USR_ID, SESSION_ID, SUCCESS_YN, RESPONSE_MSG\n	, PW_ERR_CNT, LOCKCD, USR_SEQ, SERVER_NAME, REMOTE_ADDR\n	, USER_AGENT, ADD_DT\nFROM CMN_LOG_LOGIN\nWHERE USR_ID = #{USER.ID}\nORDER BY LOGIN_SEQ DESC', 0, '20210726205650', NULL),
(66, 38, 12, 'sMenuG', 'menu', 15, '', 'R', 'RTN_SELECT_LIST', 0, 'SELECT\n	LAUTH_SEQ, REQ_TOKEN, RES_TOKEN, USR_SEQ, USR_ID\n	, PGMID, AUTH_ID, SUCCESS_YN, ADD_DT\nFROM CMN_LOG_AUTH\nWHERE USR_ID = #{USER.ID}\nORDER BY LAUTH_SEQ DESC', 0, '20210726205650', NULL),
(67, 38, 13, 'chkSave', 'TEAM', 15, '', 'U', 'RTN_INT', 1, 'insert into CMN_TEAM\n(\n	TEAMCD, TEAMNM, USE_YN, INTRO_PGMID\n	, ADD_DT, ADD_ID\n)\nselect\n	#{TEAMCD}, #{TEAMNM}, \'Y\', #{INTRO_PGMID}\n	, date_format(sysdate(),\'%Y%m%d%H%i%s\'), 0\nfrom dual\nwhere 0 = ( select count(*) as CNT from CMN_TEAM where TEAMCD = #{TEAMCD} )\n', 0, '20210726205707', NULL),
(68, 38, 13, 'delGrpG', 'GRP', 15, '', 'D', 'RTN_INT', 1, 'delete from CMN_TEAM where TEAM_SEQ = #{TEAM_SEQ}\n', 0, '20210726205707', NULL),
(69, 38, 13, 'insGrpG', 'insGrpG', 15, '', 'C', 'RTN_INT', 0, 'insert into CMN_TEAM\n(\n	TEAMCD, TEAMNM, USE_YN, INTRO_PGMID\n	, ADD_DT, ADD_ID\n) values (\n	#{TEAMCD}, #{TEAMNM}, #{USE_YN}, #{INTRO_PGMID}\n	, date_format(sysdate(),\'%Y%m%d%H%i%s\'), 0\n)\n', 0, '20210726205707', NULL),
(70, 38, 13, 'selGrpG', 'selGrpG', 15, '', 'R', 'RTN_SELECT_LIST', 10, 'select \n TEAM_SEQ, TEAMCD, TEAMNM, USE_YN, INTRO_PGMID\n , ADD_DT, ADD_ID, MOD_DT, MOD_ID\nfrom CMN_TEAM\n', 0, '20210726205707', NULL),
(71, 38, 13, 'selNo', 'TEAM', 15, '', 'R', 'RTN_SELECT_LIST', 10, 'select\n	\'0\' as CHK, TEAMCD, TEAMNM\nfrom CMN_USR\nwhere \nTEAMCD is not null and TEAMCD <> \'\'\nand TEAMCD not in \n	(\n	select TEAMCD from CMN_TEAM\n	)\ngroup by TEAMCD,TEAMNM', 0, '20210726205707', NULL),
(72, 38, 13, 'updGrpG', 'updGrpG', 15, '', 'U', 'RTN_INT', 0, 'update CMN_TEAM set\n	TEAM_NM = #{TEAM_NM}, USE_YN = #{USE_YN}, INTRO_PGMID = #{INTRO_PGMID}\n	,MOD_DT = date_format(sysdate(),\'%Y%m%d%H%i%s\'), MOD_ID = 0\nwhere TEAM_SEQ = #{TEAM_SEQ}\n', 0, '20210726205707', NULL),
(73, 38, 14, 'delHoldG', '권한 삭제', 15, '', 'D', 'RTN_INT', 0, 'delete from CMN_TEAM_AUTH where TEAM_SEQ = #{TEAM_SEQ} and TA_SEQ = #{TA_SEQ}', 0, '20210726205724', NULL),
(74, 38, 14, 'insNoToHoldG', '권한 추가', 15, '', 'U', 'RTN_INT', 0, 'insert into CMN_TEAM_AUTH (\n	TEAM_SEQ, PGMID, AUTH_ID, ADD_DT, ADD_ID\n) \nselect\n	#{G2-TEAM_SEQ} as  TEAM_SEQ, PGMID, AUTH_ID, date_format(sysdate(),\'%Y%m%d%H%i%s\') as ADD_DT, 0 as ADD_ID\nfrom CMN_AUTH\nWHERE AUTH_SEQ = #{AUTH_SEQ}', 0, '20210726205724', NULL),
(75, 38, 14, 'selGrpG', '그룹목록', 15, '', 'R', 'RTN_SELECT_LIST', 0, 'select \n	TEAM_SEQ, TEAMCD, TEAMNM, USE_YN\n	, ADD_DT, ADD_ID\nfrom CMN_TEAM\nwhere 1 = 1\n	and case when length(#{G1-TEAMNM}) > 0 then\n		TEAMNM like concat(\'%\',#{G1-TEAMNM},\'%\')\n	else 1 = 1 end\n', 0, '20210726205724', NULL),
(76, 38, 14, 'selHoldG', '보유 권한', 15, '', 'R', 'RTN_SELECT_LIST', 0, 'select\n	0 as CHK, a.TA_SEQ, a.TEAM_SEQ, a.PGMID, b.MNU_NM, a.AUTH_ID, c.AUTH_NM, a.ADD_DT, a.ADD_ID\nfrom CMN_TEAM_AUTH a\n	left outer join CMN_MNU b on a.PGMID = b.PGMID\n	left outer join CMN_AUTH c on a.PGMID = c.PGMID and a.AUTH_ID = c.AUTH_ID\nwhere a.TEAM_SEQ = #{G2-TEAM_SEQ}\n	and case when length(#{G1-PGMID}) > 0 then\n		a.PGMID like concat(\'%\',#{G1-PGMID},\'%\')\n	else 1 = 1 end\n	and case when length(#{G1-AUTH_ID}) > 0 then\n		a.AUTH_ID like concat(\'%\',#{G1-AUTH_ID},\'%\')\n	else 1 = 1 end\n	and case when length(#{G1-AUTH_NM}) > 0 then\n		c.AUTH_NM like concat(\'%\',#{G1-AUTH_NM},\'%\')\n	else 1 = 1 end\n', 0, '20210726205724', NULL),
(77, 38, 14, 'selNoG', '미보유 권한', 15, '', 'R', 'RTN_SELECT_LIST', 0, 'select\n	0 as CHK, a.AUTH_SEQ, a.PGMID, c.MNU_NM, a.AUTH_ID, a.AUTH_NM, a.USE_YN, a.ADD_DT, a.MOD_DT\nfrom CMN_AUTH a\n	left outer join CMN_MNU c on a.PGMID = c.PGMID\nwhere not exists(\n	select\n		*\n	from CMN_TEAM_AUTH b\n	where b.TEAM_SEQ = #{G2-TEAM_SEQ} and a.PGMID = b.PGMID and a.AUTH_ID = b.AUTH_ID\n)\n	and case when length(#{G1-PGMID}) > 0 then\n		a.PGMID like concat(\'%\',#{G1-PGMID},\'%\')\n	else 1 = 1 end\n	and case when length(#{G1-AUTH_ID}) > 0 then\n		a.AUTH_ID like concat(\'%\',#{G1-AUTH_ID},\'%\')\n	else 1 = 1 end\n	and case when length(#{G1-AUTH_NM}) > 0 then\n		a.AUTH_NM like concat(\'%\',#{G1-AUTH_NM},\'%\')\n	else 1 = 1 end\n', 0, '20210726205724', NULL),
(78, 38, 15, 'delHoldG', '권한 삭제', 15, '', 'D', 'RTN_INT', 0, 'delete from CMN_DEFAULT_AUTH where DA_SEQ = #{DA_SEQ}', 0, '20210726205742', NULL),
(79, 38, 15, 'insNoToHoldG', '권한 추가', 15, '', 'U', 'RTN_INT', 0, 'insert into CMN_DEFAULT_AUTH (\n	PGMID, AUTH_ID, ADD_DT, ADD_ID\n) \nselect\n	PGMID, AUTH_ID, date_format(sysdate(),\'%Y%m%d%H%i%s\') as ADD_DT, 0 as ADD_ID\nfrom CMN_AUTH\nWHERE AUTH_SEQ = #{AUTH_SEQ}\n', 0, '20210726205742', NULL),
(80, 38, 15, 'selHoldG', '보유 권한', 15, '', 'R', 'RTN_SELECT_LIST', 0, 'select\n	0 as CHK, a.DA_SEQ, a.PGMID, b.MNU_NM, a.AUTH_ID, c.AUTH_NM, a.ADD_DT, a.ADD_ID\nfrom CMN_DEFAULT_AUTH a\n	left outer join CMN_MNU b on a.PGMID = b.PGMID\n	left outer join CMN_AUTH c on a.PGMID = c.PGMID and a.AUTH_ID = c.AUTH_ID\nwhere 1=1 \n	and case when length(#{G1-PGMID}) > 0 then\n		 a.PGMID like concat(\'%\',#{G1-PGMID},\'%\')\n		else 1 = 1 end\n	and case when length(#{G1-MNU_NM}) > 0 then\n		 b.MNU_NM like concat(\'%\',#{G1-MNU_NM},\'%\')\n		else 1 = 1 end\n	and case when length(#{G1-AUTH_ID}) > 0 then\n		a.AUTH_ID like concat(\'%\',#{G1-AUTH_ID},\'%\')\n		else 1 = 1 end\n	and case when length(#{G1-AUTH_NM}) > 0 then\n		c.AUTH_NM like concat(\'%\',#{G1-AUTH_NM},\'%\')\n		else 1 = 1 end\n', 0, '20210726205742', NULL),
(81, 38, 15, 'selNoG', '미보유 권한', 15, '', 'R', 'RTN_SELECT_LIST', 0, 'select\n	0 as CHK, a.AUTH_SEQ, a.PGMID, c.MNU_NM, a.AUTH_ID, a.AUTH_NM, a.USE_YN, a.ADD_DT, a.MOD_DT\nfrom CMN_AUTH a\n	left outer join CMN_MNU c on a.PGMID = c.PGMID\nwhere not exists(\n	select\n		*\n	from CMN_DEFAULT_AUTH b\n	where a.PGMID = b.PGMID and a.AUTH_ID = b.AUTH_ID\n)\n	and case when length(#{G1-PGMID}) > 0 then\n		a.PGMID like concat(\'%\',#{G1-PGMID},\'%\')\n	else 1 = 1 end\n	and case when length(#{G1-MNU_NM}) > 0 then\n		c.MNU_NM like concat(\'%\',#{G1-MNU_NM},\'%\')\n	else 1 = 1 end\n	and case when length(#{G1-AUTH_ID}) > 0 then\n		a.AUTH_ID like concat(\'%\',#{G1-AUTH_ID},\'%\')\n	else 1 = 1 end\n	and case when length(#{G1-AUTH_NM}) > 0 then\n		a.AUTH_NM like concat(\'%\',#{G1-AUTH_NM},\'%\')\n	else 1 = 1 end\n', 0, '20210726205742', NULL),
(82, 38, 16, 'selF', 'FLUENTD', 14, '', 'R', 'RTN_SELECT_ONE', 10, 'select \n	SEQ, SRC, CONTAINERNM, CONTAINERID, LOG, ifnull(MSG,\'\') as MSG\n	, ADDDT\nfrom\n	FLUENTLOG\nwhere\n	SEQ = #{G2-SEQ}\n', 0, '20210726205816', NULL),
(83, 38, 16, 'selG', 'FLUENTD', 14, '', 'R', 'RTN_SELECT_LIST', 10, 'select \n	SEQ, SRC, CONTAINERNM, CONTAINERID, LOG\n	, ifnull(MSG,\'\') as MSG\n	, DATE_FORMAT(ADDDT,\'%Y.%m.%d %H:%i:%S\') as ADDDT\nfrom\n	FLUENTLOG\nwhere\n	ADDDT >= concat(replace(#{G1-FROM_ADDDT},\'-\',\'\'),\'000000\')\n	and ADDDT <= concat(replace(#{G1-TO_ADDDT},\'-\',\'\'),\'235959\')\n	and case when length(#{G1-SRC}) > 0 then \n		SRC like concat(\'%\',#{G1-SRC},\'%\')\n		else 1 = 1 end\n	and case when length(#{G1-CONTAINERNM}) > 0 then \n		CONTAINERNM like concat(\'%\',#{G1-CONTAINERNM},\'%\')\n		else 1 = 1 end\n	and case when length(#{G1-CONTAINERID}) > 0 then \n		CONTAINERID like concat(\'%\',#{G1-CONTAINERID},\'%\')\n		else 1 = 1 end\n	and case when length(#{G1-LOG}) > 0 then \n		LOG like concat(\'%\',#{G1-LOG},\'%\')\n		else 1 = 1 end\norder by SEQ desc\nlimit #{G1-ROWLIMIT}', 0, '20210726205816', NULL),
(84, 38, 17, 'selF', 'CFG', 15, '', 'R', 'RTN_SELECT_ONE', 2, 'select \n	CFG_SEQ, ACT_PGMID, OLD_CFG, NEW_CFG, HOST_NM\n	, RESULT_YN, RESULT_MSG, ADD_DT\nfrom CMN_CFG_HISTORY\nwhere CFG_SEQ = #{G2-CFG_SEQ}\n', 0, '20210726205834', NULL),
(85, 38, 17, 'selG', 'CFG', 15, '', 'R', 'RTN_SELECT_LIST', 1, 'select \n	CFG_SEQ, ACT_PGMID, OLD_CFG, NEW_CFG, HOST_NM\n	, RESULT_YN, RESULT_MSG, ADD_DT\nfrom CMN_CFG_HISTORY\nwhere 1 = 1\n	and case when length(#{G1-CFG_SEQ}) > 0 then\n		CFG_SEQ = #{G1-CFG_SEQ}\n	else 1 = 1 end\n	and case when length(#{G1-ACT_PGMID}) > 0  then\n		ACT_PGMID = #{G1-ACT_PGMID}\n	else 1 = 1 end\n	and case when length(#{G1-HOST_NM}) > 0  then\n		HOST_NM = #{G1-HOST_NM}\n	else 1 = 1 end\n	and case when length(#{G1-RESULT_YN}) > 0  then\n		RESULT_YN = #{G1-RESULT_YN}\n	else 1 = 1 end\n	and case when length(#{G1-RESULT_MSG}) > 0  then\n		RESULT_MSG = #{G1-RESULT_MSG}\n	else 1 = 1 end\n	and case when length(#{G1-ADD_DT}) > 0  then\n		ADD_DT between concat(replace(#{G1-ADD_DT},\'-\',\'\'),\'000000\') \n			and concat(replace(#{G1-ADD_DT},\'-\',\'\'),\'235959\') \n	else 1 = 1 end\norder by CFG_SEQ desc\n', 0, '20210726205834', NULL),
(86, 38, 18, 'insG', 'BATCH', 15, '', 'C', 'RTN_INT', 3, 'insert into CMN_BATCH (\n	BATCH_NM, SOURCE_SVRID, SOURCE_SQL, FETCH_CNT, TARGET_SVRID\n	, TARGET_SQL, CRON, START_DT, END_DT, USE_YN\n	, ADD_DT, ADD_ID\n) values (\n	#{BATCH_NM}, #{SOURCE_SVRID}, #{SOURCE_SQL}, #{FETCH_CNT}, #{TARGET_SVRID}\n	, #{TARGET_SQL}, #{CRON}, #{START_DT}, #{END_DT}, #{USE_YN}\n	, date_format(sysdate(),\'%Y%m%d%H%i%s\'), 0\n)', 0, '20210726205849', NULL),
(87, 38, 18, 'selF', 'BATCH', 15, '', 'R', 'RTN_SELECT_LIST', 2, 'select \n	BATCH_SEQ, BATCH_NM, ifnull(CONDITION_SVRID,\'\') as CONDITION_SVRID, ifnull(CONDITION_SQL,\'\') as CONDITION_SQL\n	, SOURCE_SVRID, ifnull(SOURCE_IN_COLTYPES,\'\') as SOURCE_IN_COLTYPES, ifnull(SOURCE_SQL,\'\') as SOURCE_SQL\n	, ifnull(TARGET_IN_COLTYPES,\'\') as TARGET_IN_COLTYPES, TARGET_SVRID, ifnull(TARGET_SQL,\'\') as TARGET_SQL\n	, ADD_DT, MOD_DT \nfrom CMN_BATCH\nwhere BATCH_SEQ = #{G2-BATCH_SEQ}\n', 0, '20210726205849', NULL),
(88, 38, 18, 'selG', 'BATCH', 15, '', 'R', 'RTN_SELECT_LIST', 1, 'select \n	BATCH_SEQ, BATCH_NM, CONDITION_SVRID, SOURCE_SVRID, SOURCE_SQL\n	, TARGET_SVRID, TARGET_SQL, CRON, START_DT, END_DT\n	, USE_YN, STATUS\n	, concat( substring(LAST_RUN,3,2),\'-\',substring(LAST_RUN,5,2),\'-\',substring(LAST_RUN,7,2), \' \', substring(LAST_RUN,9,2),\':\',substring(LAST_RUN,11,2), \':\' , substring(LAST_RUN,13,2) ) as LAST_RUN\n	, ADD_DT, MOD_DT\nfrom CMN_BATCH\norder by BATCH_SEQ desc\n', 0, '20210726205850', NULL),
(89, 38, 18, 'updF', 'BATCH', 15, '', 'U', 'RTN_INT', 4, 'update CMN_BATCH set\n	CONDITION_SVRID = #{G3-CONDITION_SVRID}, CONDITION_SQL = #{G3-CONDITION_SQL}\n	, SOURCE_SVRID = #{G3-SOURCE_SVRID}, SOURCE_SQL = #{G3-SOURCE_SQL}, SOURCE_IN_COLTYPES = #{G3-SOURCE_IN_COLTYPES}\n	, TARGET_SVRID = #{G3-TARGET_SVRID}, TARGET_SQL = #{G3-TARGET_SQL}, TARGET_IN_COLTYPES = #{G3-TARGET_IN_COLTYPES}\n	, MOD_DT = date_format(sysdate(),\'%Y%m%d%H%i%s\'), MOD_ID = 0\nwhere BATCH_SEQ = #{G3-BATCH_SEQ}\n', 0, '20210726205850', NULL),
(90, 38, 18, 'updG', 'BATCH', 15, '', 'U', 'RTN_INT', 3, 'update CMN_BATCH set\n	BATCH_NM = #{BATCH_NM}, CONDITION_SVRID = #{CONDITION_SVRID}, SOURCE_SVRID = #{SOURCE_SVRID}, TARGET_SVRID = #{TARGET_SVRID}\n	, CRON = #{CRON}, START_DT = #{START_DT}, END_DT = #{END_DT}, USE_YN = #{USE_YN}\n	, MOD_DT = date_format(sysdate(),\'%Y%m%d%H%i%s\'), MOD_ID = 0\nwhere BATCH_SEQ = #{BATCH_SEQ}\n', 0, '20210726205850', NULL),
(91, 38, 19, 'delG', 'CAMPAIGN', 15, '', 'D', 'RTN_INT', 10, 'delete from  CMN_CAMPAIGN\nwhere CAMPAIGN_SEQ = #{CAMPAIGN_SEQ} ', 0, '20210726205909', NULL),
(92, 38, 19, 'insG', 'CAMPAIGN', 15, '', 'C', 'RTN_INT', 10, 'insert into CMN_CAMPAIGN (\n	CAMPAIGN_NM, CONTENT_SVRID, CONTENT_NM, CAHNNEL, TITLE\n	, ADD_DT, ADD_ID\n) values (\n	#{CAMPAIGN_NM}, #{CONTENT_SVRID}, #{CONTENT_NM}, #{CAHNNEL}, #{TITLE}\n	, date_format(sysdate(),\'%Y%m%d%H%i%s\'), 0\n)\n', 0, '20210726205909', NULL),
(93, 38, 19, 'selF', 'CAMPAIGN', 15, '', 'R', 'RTN_SELECT_ONE', 2, 'select\n	CAMPAIGN_SEQ, CAMPAIGN_NM, CONTENT_SVRID, CONTENT_NM, ifnull(CONTENT_SQL,\'\') as CONTENT_SQL\n	, ifnull(CONTENT_IN_COLTYPES,\'\') as CONTENT_IN_COLTYPES\n	, CAHNNEL, TITLE, ifnull(BODY,\'\') as BODY, ADD_DT, MOD_DT \nfrom \n	CMN_CAMPAIGN\nwhere CAMPAIGN_SEQ  = #{G2-CAMPAIGN_SEQ}\n ', 0, '20210726205909', NULL),
(94, 38, 19, 'selG', 'CAMPAIGN', 15, '', 'R', 'RTN_SELECT_LIST', 1, 'select\n	CAMPAIGN_SEQ, CAMPAIGN_NM, CONTENT_SVRID, CONTENT_NM, CAHNNEL\n	, TITLE, ifnull(BODY,\'\') as BODY, ADD_DT, MOD_DT \nfrom \n	CMN_CAMPAIGN\norder by CAMPAIGN_SEQ desc\n', 0, '20210726205909', NULL),
(95, 38, 19, 'updF', 'CAMPAIGN', 15, '', 'U', 'RTN_INT', 1, 'update CMN_CAMPAIGN set\n	CAMPAIGN_NM = #{G3-CAMPAIGN_NM}, CONTENT_SVRID = #{G3-CONTENT_SVRID}, CONTENT_NM = #{G3-CONTENT_NM}, CONTENT_SQL = #{G3-CONTENT_SQL}\n	, CONTENT_IN_COLTYPES = #{G3-CONTENT_IN_COLTYPES}\n	, CAHNNEL = #{G3-CAHNNEL}, TITLE = #{G3-TITLE}, BODY = #{G3-BODY}\n	, MOD_DT = date_format(sysdate(),\'%Y%m%d%H%i%s\'), MOD_ID = 0\nwhere CAMPAIGN_SEQ = #{G3-CAMPAIGN_SEQ} \n', 0, '20210726205909', NULL),
(96, 38, 19, 'updG', 'CAMPAIGN', 15, '', 'U', 'RTN_INT', 10, 'update CMN_CAMPAIGN set\n	CAMPAIGN_NM = #{CAMPAIGN_NM}, CONTENT_SVRID = #{CONTENT_SVRID}, CONTENT_NM = #{CONTENT_NM}, CAHNNEL = #{CAHNNEL}, TITLE = #{TITLE}\n	, MOD_DT = date_format(sysdate(),\'%Y%m%d%H%i%s\'), MOD_ID = 0\nwhere CAMPAIGN_SEQ = #{CAMPAIGN_SEQ} \n', 0, '20210726205910', NULL),
(97, 38, 20, 'insREQ', 'REQ', 15, '', 'C', 'RTN_INT', 1, 'insert into CMN_MSG_REQUEST (\n	CAMPAIGN_SEQ, USR_SEQ, USR_ID, RETRY_CNT, ADD_DT, ADD_ID\n) values (\n	#{CAMPAIGN_SEQ}, #{USR_SEQ}, #{USR_ID}, 0, date_format(sysdate(),\'%Y%m%d%H%i%s\'), 0\n)\n', 0, '20210726205926', NULL),
(98, 38, 20, 'selREQ', 'selREQ', 15, '', 'R', 'RTN_SELECT_LIST', 1, 'select\n	a.REQUEST_SEQ, a.CAMPAIGN_SEQ, b.CAMPAIGN_NM, a.USR_SEQ, a.USR_ID, a.RETRY_CNT, a.ADD_DT\nfrom\n	CMN_MSG_REQUEST a\n		left outer join CMN_CAMPAIGN b on a.CAMPAIGN_SEQ = b.CAMPAIGN_SEQ\nwhere\n	a.ADD_DT >= concat(replace(#{G1-FROM_ADDDT},\'-\',\'\'),\'000000\') \n	and a.ADD_DT <= concat(replace(#{G1-TO_ADDDT},\'-\',\'\'),\'235959\')\norder by \n	a.REQUEST_SEQ desc\n', 0, '20210726205927', NULL),
(99, 38, 20, 'selSNDLOG', 'selSNDLOG', 15, '', 'R', 'RTN_SELECT_LIST', 10, 'select\n	SENDLOG_SEQ, REQUEST_SEQ, USR_SEQ, USR_ID, REQUEST_DT\n	, REQUEST_ID, CAMPAIGN_SEQ, SENDER, EMAIL, USR_NM, TITLE\n	, BODY, RES_GBN, RES_MSG, ADD_DT\nfrom\n	CMN_MSG_SENDLOG\nwhere ADD_DT >= concat(replace(#{G1-ADD_DT},\'-\',\'\'),\'000000\') and ADD_DT <= concat(replace(#{G1-ADD_DT},\'-\',\'\'),\'235959\')\norder by \n	SENDLOG_SEQ desc\n', 0, '20210726205927', NULL),
(100, 38, 21, 'delG', 'BOX', 15, '', 'D', 'RTN_INT', 10, 'update CMN_MSG_BOX set \n	DEL_DT = date_format(sysdate(),\'%Y%m%d%H%i%s\'), DEL_ID = #{USER.SEQ}\nwhere MSG_BOX_SEQ = #{MSG_BOX_SEQ}\n', 0, '20210726205944', NULL),
(101, 38, 21, 'selF', 'BOX', 15, '', 'R', 'RTN_SELECT_ONE', 1, 'select\n	MSG_BOX_SEQ, USR_SEQ, TITLE, BODY, SEND_DT, READ_DT, ADD_DT\nfrom\n	CMN_MSG_BOX\nwhere MSG_BOX_SEQ = #{G2-MSG_BOX_SEQ} and USR_SEQ = #{USER.SEQ} and DEL_DT is null\n', 0, '20210726205944', NULL),
(102, 38, 21, 'selFRead', 'BOX', 15, NULL, 'U', 'RTN_INT', 10, 'update CMN_MSG_BOX set\n	READ_DT = date_format(sysdate(),\'%Y%m%d%H%i%s\')\nwhere MSG_BOX_SEQ = #{G2-MSG_BOX_SEQ} and USR_SEQ = #{USER.SEQ}\n', 101, '20210726205944', NULL),
(103, 38, 21, 'selG', 'BOX', 15, '', 'R', 'RTN_SELECT_LIST', 2, 'select\n	0 as CHK, MSG_BOX_SEQ, USR_SEQ, TITLE, SEND_DT, READ_DT, ADD_DT\nfrom\n	CMN_MSG_BOX\nwhere USR_SEQ = #{USER.SEQ} and DEL_DT is null\n	and ADD_DT >= concat(replace(#{G1-FROM_ADD_DT},\'-\',\'\'),\'000000\')\n	and ADD_DT <= concat(replace(#{G1-TO_ADD_DT},\'-\',\'\'),\'235959\') \norder by MSG_BOX_SEQ desc\n', 0, '20210726205944', NULL),
(104, 38, 22, 'selBATCH', 'BATCH', 15, '', 'R', '', 10, 'select \n	BATCH_SEQ, BATCH_NM, CONDITION_SVRID, SOURCE_SVRID, SOURCE_SQL\n	, TARGET_SVRID, TARGET_SQL, CRON, START_DT, END_DT\n	, USE_YN, STATUS\n	, concat( substring(LAST_RUN,3,2),\'-\',substring(LAST_RUN,5,2),\'-\',substring(LAST_RUN,7,2), \' \', substring(LAST_RUN,9,2),\':\',substring(LAST_RUN,11,2), \':\' , substring(LAST_RUN,13,2) ) as LAST_RUN\n	, ADD_DT, MOD_DT\nfrom CMN_BATCH\norder by BATCH_SEQ desc', 0, '20210726210002', NULL),
(105, 38, 22, 'selLOG', 'LOG', 15, '', 'R', '', 1, 'select\n	LOG_SEQ, BATCH_SEQ, MSG, ADD_DT\nfrom\n	CMN_BATCH_LOG\nwhere BATCH_SEQ = #{G4-BATCH_SEQ} \n	and ADD_DT >= concat(replace(#{G2-FROM_ADD_DT},\'-\',\'\'),\'000000\') \n	and ADD_DT <= concat(replace(#{G2-TO_ADD_DT},\'-\',\'\'),\'235959\')\norder by LOG_SEQ desc\n', 0, '20210726210002', NULL),
(106, 38, 23, 'delG', 'BOX', 15, '', 'D', 'RTN_INT', 10, 'update CMN_MSG_BOX set \n	DEL_DT = date_format(sysdate(),\'%Y%m%d%H%i%s\'), DEL_ID = #{USER.SEQ}\nwhere MSG_BOX_SEQ = #{MSG_BOX_SEQ}\n', 0, '20210726210017', NULL),
(107, 38, 23, 'selF', 'BOX', 15, '', 'R', 'RTN_SELECT_ONE', 1, 'select\n	MSG_BOX_SEQ, USR_SEQ, TITLE, BODY, SEND_DT, READ_DT, ADD_DT\nfrom\n	CMN_MSG_BOX\nwhere MSG_BOX_SEQ = #{G2-MSG_BOX_SEQ}', 0, '20210726210017', NULL),
(108, 38, 23, 'selG', 'BOX', 15, '', 'R', 'RTN_SELECT_LIST', 2, 'select\n	0 as CHK, MSG_BOX_SEQ, USR_SEQ, TITLE, BODY, SEND_DT, READ_DT, ADD_DT, DEL_DT\nfrom\n	CMN_MSG_BOX\nwhere\n	ADD_DT >= concat(replace(#{G1-FROM_ADD_DT},\'-\',\'\'),\'000000\')\n	and ADD_DT <= concat(replace(#{G1-TO_ADD_DT},\'-\',\'\'),\'235959\') \norder by MSG_BOX_SEQ desc\n', 0, '20210726210017', NULL),
(109, 38, 23, 'updG', 'BOX', 15, '', 'U', 'RTN_INT', 10, 'update CMN_MSG_BOX set \n	USR_SEQ = #{USR_SEQ}, TITLE = #{TITLE}, BODY = #{BODY}\n	, MOD_DT = date_format(sysdate(),\'%Y%m%d%H%i%s\'), MOD_ID = #{USER.SEQ}\nwhere MSG_BOX_SEQ = #{MSG_BOX_SEQ}\n', 0, '20210726210018', NULL);

-- --------------------------------------------------------

--
-- 테이블 구조 `CG_PGMSQLD`
--

CREATE TABLE `CG_PGMSQLD` (
  `SQLSEQ` int(11) NOT NULL,
  `COLSEQ` int(10) UNSIGNED NOT NULL,
  `PJTSEQ` int(11) NOT NULL,
  `PGMSEQ` int(11) NOT NULL,
  `SQLGBN` varchar(1) COLLATE utf8_bin DEFAULT NULL,
  `COLID` varchar(100) COLLATE utf8_bin NOT NULL,
  `DDCOLID` varchar(100) COLLATE utf8_bin DEFAULT NULL,
  `REQUIREYN` varchar(1) COLLATE utf8_bin NOT NULL DEFAULT 'N',
  `ORD` int(11) NOT NULL,
  `ADDDT` varchar(14) COLLATE utf8_bin NOT NULL,
  `MODDT` varchar(14) COLLATE utf8_bin DEFAULT NULL
) ENGINE=InnoDB DEFAULT CHARSET=utf8 COLLATE=utf8_bin;

--
-- 테이블의 덤프 데이터 `CG_PGMSQLD`
--

INSERT INTO `CG_PGMSQLD` (`SQLSEQ`, `COLSEQ`, `PJTSEQ`, `PGMSEQ`, `SQLGBN`, `COLID`, `DDCOLID`, `REQUIREYN`, `ORD`, `ADDDT`, `MODDT`) VALUES
(9, 37, 38, 3, 'I', 'IP_SEQ', 'IP_SEQ', 'N', 10, '20210724220709', NULL),
(10, 38, 38, 3, 'I', 'PGMTYPE', 'PGMTYPE', 'N', 10, '20210724220709', NULL),
(10, 39, 38, 3, 'I', 'ALLOW_IP', 'ALLOW_IP', 'N', 20, '20210724220709', NULL),
(10, 40, 38, 3, 'I', 'IP_DESC', 'IP_DESC', 'N', 30, '20210724220709', NULL),
(10, 41, 38, 3, 'I', 'USER.SEQ', 'USER.SEQ', 'N', 40, '20210724220709', NULL),
(11, 42, 38, 3, 'O', 'IP_SEQ', 'IP_SEQ', 'N', 10, '20210724220709', NULL),
(11, 43, 38, 3, 'O', 'PGMTYPE', 'PGMTYPE', 'N', 20, '20210724220709', NULL),
(11, 44, 38, 3, 'O', 'ALLOW_IP', 'ALLOW_IP', 'N', 30, '20210724220709', NULL),
(11, 45, 38, 3, 'O', 'IP_DESC', 'IP_DESC', 'N', 40, '20210724220709', NULL),
(11, 46, 38, 3, 'O', 'ADD_DT', 'ADD_DT', 'N', 50, '20210724220709', NULL),
(11, 47, 38, 3, 'O', 'ADD_ID', 'ADD_ID', 'N', 60, '20210724220709', NULL),
(11, 48, 38, 3, 'O', 'MOD_DT', 'MOD_DT', 'N', 70, '20210724220709', NULL),
(11, 49, 38, 3, 'O', 'MOD_ID', 'MOD_ID', 'N', 80, '20210724220709', NULL),
(12, 55, 38, 3, 'I', 'PGMTYPE', 'PGMTYPE', 'N', 10, '20210724220709', '20210724220728'),
(12, 56, 38, 3, 'I', 'ALLOW_IP', 'ALLOW_IP', 'N', 20, '20210724220709', '20210724220728'),
(12, 57, 38, 3, 'I', 'IP_DESC', 'IP_DESC', 'N', 30, '20210724220709', '20210724220728'),
(12, 58, 38, 3, 'I', 'USER.SEQ', 'USER.SEQ', 'N', 40, '20210724220709', '20210724220728'),
(12, 59, 38, 3, 'I', 'IP_SEQ', 'IP_SEQ', 'N', 50, '20210724220709', '20210724220728'),
(13, 60, 38, 4, 'I', 'PCD', 'PCD', 'N', 10, '20210726205354', NULL),
(13, 61, 38, 4, 'I', 'CD', 'CD', 'N', 20, '20210726205354', NULL),
(14, 62, 38, 4, 'I', 'PCD', 'PCD', 'N', 10, '20210726205354', NULL),
(15, 63, 38, 4, 'I', 'CD', 'CD', 'N', 10, '20210726205354', NULL),
(15, 64, 38, 4, 'I', 'NM', 'NM', 'N', 20, '20210726205354', NULL),
(15, 65, 38, 4, 'I', 'CDDESC', 'CDDESC', 'N', 30, '20210726205355', NULL),
(15, 66, 38, 4, 'I', 'PCD', 'PCD', 'N', 40, '20210726205355', NULL),
(15, 67, 38, 4, 'I', 'ORD', 'ORD', 'N', 50, '20210726205355', NULL),
(15, 68, 38, 4, 'I', 'ORD', 'ORD', 'N', 60, '20210726205355', NULL),
(15, 69, 38, 4, 'I', 'CDVAL', 'CDVAL', 'N', 70, '20210726205355', NULL),
(15, 70, 38, 4, 'I', 'CDVAL2', 'CDVAL2', 'N', 80, '20210726205355', NULL),
(15, 71, 38, 4, 'I', 'CDMIN', 'CDMIN', 'N', 90, '20210726205355', NULL),
(15, 72, 38, 4, 'I', 'CDMAX', 'CDMAX', 'N', 100, '20210726205355', NULL),
(15, 73, 38, 4, 'I', 'DATATYPE', 'DATATYPE', 'N', 110, '20210726205355', NULL),
(15, 74, 38, 4, 'I', 'EDITYN', 'EDITYN', 'N', 120, '20210726205355', NULL),
(15, 75, 38, 4, 'I', 'FORMATYN', 'FORMATYN', 'N', 130, '20210726205355', NULL),
(15, 76, 38, 4, 'I', 'USEYN', 'USEYN', 'N', 140, '20210726205355', NULL),
(15, 77, 38, 4, 'I', 'USEYN', 'USEYN', 'N', 150, '20210726205355', NULL),
(15, 78, 38, 4, 'I', 'DELYN', 'DELYN', 'N', 160, '20210726205355', NULL),
(15, 79, 38, 4, 'I', 'DELYN', 'DELYN', 'N', 170, '20210726205355', NULL),
(16, 80, 38, 4, 'I', 'PCD', 'PCD', 'N', 10, '20210726205355', NULL),
(16, 81, 38, 4, 'I', 'PNM', 'PNM', 'N', 20, '20210726205355', NULL),
(16, 82, 38, 4, 'I', 'PCDDESC', 'PCDDESC', 'N', 30, '20210726205355', NULL),
(16, 83, 38, 4, 'I', 'ORD', 'ORD', 'N', 40, '20210726205355', NULL),
(16, 84, 38, 4, 'I', 'ORD', 'ORD', 'N', 50, '20210726205355', NULL),
(16, 85, 38, 4, 'I', 'USEYN', 'USEYN', 'N', 60, '20210726205355', NULL),
(16, 86, 38, 4, 'I', 'USEYN', 'USEYN', 'N', 70, '20210726205355', NULL),
(16, 87, 38, 4, 'I', 'DELYN', 'DELYN', 'N', 80, '20210726205355', NULL),
(16, 88, 38, 4, 'I', 'DELYN', 'DELYN', 'N', 90, '20210726205355', NULL),
(17, 89, 38, 4, 'O', 'CODED_SEQ', 'CODED_SEQ', 'N', 10, '20210726205355', NULL),
(17, 90, 38, 4, 'O', 'CD', 'CD', 'N', 20, '20210726205355', NULL),
(17, 91, 38, 4, 'O', 'NM', 'NM', 'N', 30, '20210726205355', NULL),
(17, 92, 38, 4, 'O', 'CDDESC', 'CDDESC', 'N', 40, '20210726205355', NULL),
(17, 93, 38, 4, 'O', 'PCD', 'PCD', 'N', 50, '20210726205355', NULL),
(17, 94, 38, 4, 'O', 'ORD', 'ORD', 'N', 60, '20210726205355', NULL),
(17, 95, 38, 4, 'O', 'CDVAL', 'CDVAL', 'N', 70, '20210726205355', NULL),
(17, 96, 38, 4, 'O', 'CDVAL2', 'CDVAL2', 'N', 80, '20210726205355', NULL),
(17, 97, 38, 4, 'O', 'CDMIN', 'CDMIN', 'N', 90, '20210726205355', NULL),
(17, 98, 38, 4, 'O', 'CDMAX', 'CDMAX', 'N', 100, '20210726205355', NULL),
(17, 99, 38, 4, 'O', 'DATATYPE', 'DATATYPE', 'N', 110, '20210726205355', NULL),
(17, 100, 38, 4, 'O', 'EDITYN', 'EDITYN', 'N', 120, '20210726205355', NULL),
(17, 101, 38, 4, 'O', 'FORMATYN', 'FORMATYN', 'N', 130, '20210726205355', NULL),
(17, 102, 38, 4, 'O', 'USEYN', 'USEYN', 'N', 140, '20210726205355', NULL),
(17, 103, 38, 4, 'O', 'DELYN', 'DELYN', 'N', 150, '20210726205355', NULL),
(17, 104, 38, 4, 'O', 'ADDDT', 'ADDDT', 'N', 160, '20210726205355', NULL),
(17, 105, 38, 4, 'O', 'MODDT', 'MODDT', 'N', 170, '20210726205355', NULL),
(17, 106, 38, 4, 'I', 'G2-PCD', 'PCD', 'N', 10, '20210726205355', NULL),
(18, 107, 38, 4, 'O', 'PCD', 'PCD', 'N', 10, '20210726205355', NULL),
(18, 108, 38, 4, 'O', 'PNM', 'PNM', 'N', 20, '20210726205355', NULL),
(18, 109, 38, 4, 'O', 'PCDDESC', 'PCDDESC', 'N', 30, '20210726205355', NULL),
(18, 110, 38, 4, 'O', 'ORD', 'ORD', 'N', 40, '20210726205355', NULL),
(18, 111, 38, 4, 'O', 'USEYN', 'USEYN', 'N', 50, '20210726205355', NULL),
(18, 112, 38, 4, 'O', 'DELYN', 'DELYN', 'N', 60, '20210726205355', NULL),
(18, 113, 38, 4, 'O', 'ADDDT', 'ADDDT', 'N', 70, '20210726205355', NULL),
(18, 114, 38, 4, 'O', 'MODDT', 'MODDT', 'N', 80, '20210726205355', NULL),
(19, 115, 38, 4, 'I', 'CD', 'CD', 'N', 10, '20210726205355', NULL),
(19, 116, 38, 4, 'I', 'NM', 'NM', 'N', 20, '20210726205355', NULL),
(19, 117, 38, 4, 'I', 'CDDESC', 'CDDESC', 'N', 30, '20210726205355', NULL),
(19, 118, 38, 4, 'I', 'ORD', 'ORD', 'N', 40, '20210726205355', NULL),
(19, 119, 38, 4, 'I', 'CDVAL', 'CDVAL', 'N', 50, '20210726205356', NULL),
(19, 120, 38, 4, 'I', 'CDVAL2', 'CDVAL2', 'N', 60, '20210726205356', NULL),
(19, 121, 38, 4, 'I', 'CDMIN', 'CDMIN', 'N', 70, '20210726205356', NULL),
(19, 122, 38, 4, 'I', 'CDMAX', 'CDMAX', 'N', 80, '20210726205356', NULL),
(19, 123, 38, 4, 'I', 'DATATYPE', 'DATATYPE', 'N', 90, '20210726205356', NULL),
(19, 124, 38, 4, 'I', 'EDITYN', 'EDITYN', 'N', 100, '20210726205356', NULL),
(19, 125, 38, 4, 'I', 'FORMATYN', 'FORMATYN', 'N', 110, '20210726205356', NULL),
(19, 126, 38, 4, 'I', 'USEYN', 'USEYN', 'N', 120, '20210726205356', NULL),
(19, 127, 38, 4, 'I', 'DELYN', 'DELYN', 'N', 130, '20210726205356', NULL),
(19, 128, 38, 4, 'I', 'PCD', 'PCD', 'N', 140, '20210726205356', NULL),
(19, 129, 38, 4, 'I', 'CODED_SEQ', 'CODED_SEQ', 'N', 150, '20210726205356', NULL),
(20, 130, 38, 4, 'I', 'PNM', 'PNM', 'N', 10, '20210726205356', NULL),
(20, 131, 38, 4, 'I', 'PCDDESC', 'PCDDESC', 'N', 20, '20210726205356', NULL),
(20, 132, 38, 4, 'I', 'ORD', 'ORD', 'N', 30, '20210726205356', NULL),
(20, 133, 38, 4, 'I', 'USEYN', 'USEYN', 'N', 40, '20210726205356', NULL),
(20, 134, 38, 4, 'I', 'DELYN', 'DELYN', 'N', 50, '20210726205356', NULL),
(20, 135, 38, 4, 'I', 'PCD', 'PCD', 'N', 60, '20210726205356', NULL),
(21, 136, 38, 5, 'O', 'CD', 'CD', 'N', 10, '20210726205415', NULL),
(21, 137, 38, 5, 'O', 'NM', 'NM', 'N', 20, '20210726205415', NULL),
(21, 138, 38, 5, 'I', 'G1-PCD', 'PCD', 'N', 10, '20210726205415', NULL),
(22, 139, 38, 5, 'O', 'CODED_SEQ', 'CODED_SEQ', 'N', 10, '20210726205415', NULL),
(22, 140, 38, 5, 'O', 'CD', 'CD', 'N', 20, '20210726205415', NULL),
(22, 141, 38, 5, 'O', 'NM', 'NM', 'N', 30, '20210726205415', NULL),
(22, 142, 38, 5, 'O', 'CDDESC', 'CDDESC', 'N', 40, '20210726205415', NULL),
(22, 143, 38, 5, 'O', 'PCD', 'PCD', 'N', 50, '20210726205415', NULL),
(22, 144, 38, 5, 'O', 'ORD', 'ORD', 'N', 60, '20210726205415', NULL),
(22, 145, 38, 5, 'O', 'CDVAL', 'CDVAL', 'N', 70, '20210726205415', NULL),
(22, 146, 38, 5, 'O', 'CDVAL2', 'CDVAL2', 'N', 80, '20210726205415', NULL),
(22, 147, 38, 5, 'O', 'CDMIN', 'CDMIN', 'N', 90, '20210726205415', NULL),
(22, 148, 38, 5, 'O', 'CDMAX', 'CDMAX', 'N', 100, '20210726205415', NULL),
(22, 149, 38, 5, 'O', 'DATATYPE', 'DATATYPE', 'N', 110, '20210726205415', NULL),
(22, 150, 38, 5, 'O', 'EDITYN', 'EDITYN', 'N', 120, '20210726205415', NULL),
(22, 151, 38, 5, 'O', 'FORMATYN', 'FORMATYN', 'N', 130, '20210726205415', NULL),
(22, 152, 38, 5, 'O', 'USEYN', 'USEYN', 'N', 140, '20210726205415', NULL),
(22, 153, 38, 5, 'O', 'DELYN', 'DELYN', 'N', 150, '20210726205415', NULL),
(22, 154, 38, 5, 'O', 'ADDDT', 'ADDDT', 'N', 160, '20210726205415', NULL),
(22, 155, 38, 5, 'O', 'MODDT', 'MODDT', 'N', 170, '20210726205415', NULL),
(22, 156, 38, 5, 'I', 'G1-PCD', 'PCD', 'N', 10, '20210726205415', NULL),
(22, 157, 38, 5, 'I', 'G1-CD', 'CD', 'N', 20, '20210726205415', NULL),
(23, 158, 38, 6, 'I', 'USR_PWD', 'USR_PWD', 'N', 10, '20210726205441', NULL),
(23, 159, 38, 6, 'I', 'USR_SEQ', 'USR_SEQ', 'N', 20, '20210726205441', NULL),
(24, 160, 38, 6, 'I', 'USR_SEQ', 'USR_SEQ', 'N', 10, '20210726205441', NULL),
(25, 161, 38, 6, 'I', 'USR_ID', 'USR_ID', 'N', 10, '20210726205441', NULL),
(25, 162, 38, 6, 'I', 'USR_NM', 'USR_NM', 'N', 20, '20210726205441', NULL),
(25, 163, 38, 6, 'I', 'PHONE', 'PHONE', 'N', 30, '20210726205441', NULL),
(25, 164, 38, 6, 'I', 'USE_YN', 'USE_YN', 'N', 40, '20210726205441', NULL),
(25, 165, 38, 6, 'I', 'USR_PWD', 'USR_PWD', 'N', 50, '20210726205441', NULL),
(25, 166, 38, 6, 'I', 'PW_ERR_CNT', 'PW_ERR_CNT', 'N', 60, '20210726205441', NULL),
(25, 167, 38, 6, 'I', 'LAST_STATUS', 'LAST_STATUS', 'N', 70, '20210726205441', NULL),
(25, 168, 38, 6, 'I', 'LOCK_LIMIT_DT', 'LOCK_LIMIT_DT', 'N', 80, '20210726205441', NULL),
(25, 169, 38, 6, 'I', 'LOCK_LAST_DT', 'LOCK_LAST_DT', 'N', 90, '20210726205441', NULL),
(25, 170, 38, 6, 'I', 'EXPIRE_DT', 'EXPIRE_DT', 'N', 100, '20210726205441', NULL),
(25, 171, 38, 6, 'I', 'PW_CHG_DT', 'PW_CHG_DT', 'N', 110, '20210726205441', NULL),
(25, 172, 38, 6, 'I', 'PW_CHG_ID', 'PW_CHG_ID', 'N', 120, '20210726205441', NULL),
(25, 173, 38, 6, 'I', 'LDAP_LOGIN_YN', 'LDAP_LOGIN_YN', 'N', 130, '20210726205441', NULL),
(25, 174, 38, 6, 'I', 'TEAMCD', 'TEAMCD', 'N', 140, '20210726205441', NULL),
(25, 175, 38, 6, 'I', 'TEAMNM', 'TEAMNM', 'N', 150, '20210726205441', NULL),
(26, 176, 38, 6, 'O', 'USR_SEQ', 'USR_SEQ', 'N', 10, '20210726205441', NULL),
(26, 177, 38, 6, 'O', 'GRP_SEQ', 'GRP_SEQ', 'N', 20, '20210726205441', NULL),
(26, 178, 38, 6, 'O', 'GRP_NM', 'GRP_NM', 'N', 30, '20210726205441', NULL),
(26, 179, 38, 6, 'O', 'USE_YN', 'USE_YN', 'N', 40, '20210726205441', NULL),
(26, 180, 38, 6, 'O', 'ADD_DT', 'ADD_DT', 'N', 50, '20210726205441', NULL),
(26, 181, 38, 6, 'I', 'G2-USR_SEQ', 'USR_SEQ', 'N', 10, '20210726205441', NULL),
(27, 182, 38, 6, 'O', 'USR_SEQ', 'USR_SEQ', 'N', 10, '20210726205441', NULL),
(27, 183, 38, 6, 'O', 'TEAM_SEQ', 'TEAM_SEQ', 'N', 20, '20210726205441', NULL),
(27, 184, 38, 6, 'O', 'TEAMCD', 'TEAMCD', 'N', 30, '20210726205441', NULL),
(27, 185, 38, 6, 'O', 'TEAMNM', 'TEAMNM', 'N', 40, '20210726205441', NULL),
(27, 186, 38, 6, 'O', 'USE_YN', 'USE_YN', 'N', 50, '20210726205441', NULL),
(27, 187, 38, 6, 'O', 'ADD_DT', 'ADD_DT', 'N', 60, '20210726205441', NULL),
(27, 188, 38, 6, 'I', 'G2-USR_SEQ', 'USR_SEQ', 'N', 10, '20210726205441', NULL),
(28, 189, 38, 6, 'O', 'CHK', 'CHK', 'N', 10, '20210726205441', NULL),
(28, 190, 38, 6, 'O', 'USR_SEQ', 'USR_SEQ', 'N', 20, '20210726205441', NULL),
(28, 191, 38, 6, 'O', 'USR_ID', 'USR_ID', 'N', 30, '20210726205441', NULL),
(28, 192, 38, 6, 'O', 'USR_NM', 'USR_NM', 'N', 40, '20210726205441', NULL),
(28, 193, 38, 6, 'O', 'PHONE', 'PHONE', 'N', 50, '20210726205441', NULL),
(28, 194, 38, 6, 'O', 'USE_YN', 'USE_YN', 'N', 60, '20210726205441', NULL),
(28, 195, 38, 6, 'O', 'USR_PWD', 'USR_PWD', 'N', 70, '20210726205441', NULL),
(28, 196, 38, 6, 'O', 'PW_ERR_CNT', 'PW_ERR_CNT', 'N', 80, '20210726205441', NULL),
(28, 197, 38, 6, 'O', 'LAST_STATUS', 'LAST_STATUS', 'N', 90, '20210726205441', NULL),
(28, 198, 38, 6, 'O', 'LOCK_LIMIT_DT', 'LOCK_LIMIT_DT', 'N', 100, '20210726205441', NULL),
(28, 199, 38, 6, 'O', 'LOCK_LAST_DT', 'LOCK_LAST_DT', 'N', 110, '20210726205441', NULL),
(28, 200, 38, 6, 'O', 'EXPIRE_DT', 'EXPIRE_DT', 'N', 120, '20210726205441', NULL),
(28, 201, 38, 6, 'O', 'PW_CHG_DT', 'PW_CHG_DT', 'N', 130, '20210726205441', NULL),
(28, 202, 38, 6, 'O', 'PW_CHG_ID', 'PW_CHG_ID', 'N', 140, '20210726205441', NULL),
(28, 203, 38, 6, 'O', 'LDAP_LOGIN_YN', 'LDAP_LOGIN_YN', 'N', 150, '20210726205442', NULL),
(28, 204, 38, 6, 'O', 'TEAMCD', 'TEAMCD', 'N', 160, '20210726205442', NULL),
(28, 205, 38, 6, 'O', 'TEAMNM', 'TEAMNM', 'N', 170, '20210726205442', NULL),
(28, 206, 38, 6, 'O', 'ADD_DT', 'ADD_DT', 'N', 180, '20210726205442', NULL),
(28, 207, 38, 6, 'O', 'MOD_DT', 'MOD_DT', 'N', 190, '20210726205442', NULL),
(28, 208, 38, 6, 'I', 'C1-USR_ID', 'USR_ID', 'N', 10, '20210726205442', NULL),
(28, 209, 38, 6, 'I', 'C1-USR_ID', 'USR_ID', 'N', 20, '20210726205442', NULL),
(28, 210, 38, 6, 'I', 'C1-USR_NM', 'USR_NM', 'N', 30, '20210726205442', NULL),
(28, 211, 38, 6, 'I', 'C1-USR_NM', 'USR_NM', 'N', 40, '20210726205442', NULL),
(28, 212, 38, 6, 'I', 'C1-TEAMNM', 'TEAMNM', 'N', 50, '20210726205442', NULL),
(28, 213, 38, 6, 'I', 'C1-TEAMNM', 'TEAMNM', 'N', 60, '20210726205442', NULL),
(29, 214, 38, 6, 'I', 'USER.SEQ', 'USER.SEQ', 'N', 10, '20210726205442', NULL),
(29, 215, 38, 6, 'I', 'USR_SEQ', 'USR_SEQ', 'N', 20, '20210726205442', NULL),
(30, 216, 38, 6, 'I', 'USR_ID', 'USR_ID', 'N', 10, '20210726205442', NULL),
(30, 217, 38, 6, 'I', 'USR_NM', 'USR_NM', 'N', 20, '20210726205442', NULL),
(30, 218, 38, 6, 'I', 'PHONE', 'PHONE', 'N', 30, '20210726205442', NULL),
(30, 219, 38, 6, 'I', 'USE_YN', 'USE_YN', 'N', 40, '20210726205442', NULL),
(30, 220, 38, 6, 'I', 'PW_ERR_CNT', 'PW_ERR_CNT', 'N', 50, '20210726205442', NULL),
(30, 221, 38, 6, 'I', 'LAST_STATUS', 'LAST_STATUS', 'N', 60, '20210726205442', NULL),
(30, 222, 38, 6, 'I', 'LOCK_LIMIT_DT', 'LOCK_LIMIT_DT', 'N', 70, '20210726205442', NULL),
(30, 223, 38, 6, 'I', 'LOCK_LAST_DT', 'LOCK_LAST_DT', 'N', 80, '20210726205442', NULL),
(30, 224, 38, 6, 'I', 'EXPIRE_DT', 'EXPIRE_DT', 'N', 90, '20210726205442', NULL),
(30, 225, 38, 6, 'I', 'PW_CHG_DT', 'PW_CHG_DT', 'N', 100, '20210726205442', NULL),
(30, 226, 38, 6, 'I', 'PW_CHG_ID', 'PW_CHG_ID', 'N', 110, '20210726205442', NULL),
(30, 227, 38, 6, 'I', 'LDAP_LOGIN_YN', 'LDAP_LOGIN_YN', 'N', 120, '20210726205442', NULL),
(30, 228, 38, 6, 'I', 'TEAMCD', 'TEAMCD', 'N', 130, '20210726205442', NULL),
(30, 229, 38, 6, 'I', 'TEAMNM', 'TEAMNM', 'N', 140, '20210726205442', NULL),
(30, 230, 38, 6, 'I', 'USR_SEQ', 'USR_SEQ', 'N', 150, '20210726205442', NULL),
(31, 231, 38, 7, 'I', 'G2-GRP_SEQ', 'GRP_SEQ', 'N', 10, '20210726205505', NULL),
(31, 232, 38, 7, 'I', 'USR_SEQ', 'USR_SEQ', 'N', 20, '20210726205505', NULL),
(32, 233, 38, 7, 'I', 'G2-GRP_SEQ', 'GRP_SEQ', 'N', 10, '20210726205505', NULL),
(32, 234, 38, 7, 'I', 'USR_SEQ', 'USR_SEQ', 'N', 20, '20210726205505', NULL),
(33, 235, 38, 7, 'O', 'GRP_SEQ', 'GRP_SEQ', 'N', 10, '20210726205506', NULL),
(33, 236, 38, 7, 'O', 'GRP_NM', 'GRP_NM', 'N', 20, '20210726205506', NULL),
(33, 237, 38, 7, 'O', 'USE_YN', 'USE_YN', 'N', 30, '20210726205506', NULL),
(33, 238, 38, 7, 'O', 'ADD_DT', 'ADD_DT', 'N', 40, '20210726205506', NULL),
(33, 239, 38, 7, 'O', 'MOD_DT', 'MOD_DT', 'N', 50, '20210726205506', NULL),
(33, 240, 38, 7, 'I', 'G1-GRP_NM', 'GRP_NM', 'N', 10, '20210726205506', NULL),
(33, 241, 38, 7, 'I', 'G1-GRP_NM', 'GRP_NM', 'N', 20, '20210726205506', NULL),
(33, 242, 38, 7, 'I', 'G1-USE_YN', 'USE_YN', 'N', 30, '20210726205506', NULL),
(33, 243, 38, 7, 'I', 'G1-USE_YN', 'USE_YN', 'N', 40, '20210726205506', NULL),
(33, 244, 38, 7, 'I', 'G1-GRP_SEQ', 'GRP_SEQ', 'N', 50, '20210726205506', NULL),
(33, 245, 38, 7, 'I', 'G1-GRP_SEQ', 'GRP_SEQ', 'N', 60, '20210726205506', NULL),
(34, 246, 38, 7, 'O', 'CHK', 'CHK', 'N', 10, '20210726205506', NULL),
(34, 247, 38, 7, 'O', 'GRP_SEQ', 'GRP_SEQ', 'N', 20, '20210726205506', NULL),
(34, 248, 38, 7, 'O', 'USR_SEQ', 'USR_SEQ', 'N', 30, '20210726205506', NULL),
(34, 249, 38, 7, 'O', 'USR_ID', 'USR_ID', 'N', 40, '20210726205506', NULL),
(34, 250, 38, 7, 'O', 'USR_NM', 'USR_NM', 'N', 50, '20210726205506', NULL),
(34, 251, 38, 7, 'O', 'ADD_DT', 'ADD_DT', 'N', 60, '20210726205506', NULL),
(34, 252, 38, 7, 'O', 'ADD_ID', 'ADD_ID', 'N', 70, '20210726205506', NULL),
(34, 253, 38, 7, 'O', 'ADD_ID2', 'ADD_ID2', 'N', 80, '20210726205506', NULL),
(34, 254, 38, 7, 'I', 'G2-GRP_SEQ', 'GRP_SEQ', 'N', 10, '20210726205506', NULL),
(34, 255, 38, 7, 'I', 'G1-USR_ID', 'USR_ID', 'N', 20, '20210726205506', NULL),
(34, 256, 38, 7, 'I', 'G1-USR_ID', 'USR_ID', 'N', 30, '20210726205506', NULL),
(34, 257, 38, 7, 'I', 'G1-USR_NM', 'USR_NM', 'N', 40, '20210726205506', NULL),
(34, 258, 38, 7, 'I', 'G1-USR_NM', 'USR_NM', 'N', 50, '20210726205506', NULL),
(35, 259, 38, 7, 'O', 'CHK', 'CHK', 'N', 10, '20210726205506', NULL),
(35, 260, 38, 7, 'O', 'USR_SEQ', 'USR_SEQ', 'N', 20, '20210726205506', NULL),
(35, 261, 38, 7, 'O', 'USR_ID', 'USR_ID', 'N', 30, '20210726205506', NULL),
(35, 262, 38, 7, 'O', 'USR_NM', 'USR_NM', 'N', 40, '20210726205506', NULL),
(35, 263, 38, 7, 'I', 'G2-GRP_SEQ', 'GRP_SEQ', 'N', 10, '20210726205506', NULL),
(35, 264, 38, 7, 'I', 'G1-USR_ID', 'USR_ID', 'N', 20, '20210726205506', NULL),
(35, 265, 38, 7, 'I', 'G1-USR_ID', 'USR_ID', 'N', 30, '20210726205506', NULL),
(35, 266, 38, 7, 'I', 'G1-USR_NM', 'USR_NM', 'N', 40, '20210726205506', NULL),
(35, 267, 38, 7, 'I', 'G1-USR_NM', 'USR_NM', 'N', 50, '20210726205506', NULL),
(36, 268, 38, 8, 'I', 'GRP_SEQ', 'GRP_SEQ', 'N', 10, '20210726205526', NULL),
(36, 269, 38, 8, 'I', 'GA_SEQ', 'GA_SEQ', 'N', 20, '20210726205526', NULL),
(37, 270, 38, 8, 'I', 'G2-GRP_SEQ', 'GRP_SEQ', 'N', 10, '20210726205526', NULL),
(37, 271, 38, 8, 'I', 'AUTH_SEQ', 'AUTH_SEQ', 'N', 20, '20210726205526', NULL),
(38, 272, 38, 8, 'O', 'GRP_SEQ', 'GRP_SEQ', 'N', 10, '20210726205526', NULL),
(38, 273, 38, 8, 'O', 'GRP_NM', 'GRP_NM', 'N', 20, '20210726205526', NULL),
(38, 274, 38, 8, 'O', 'USE_YN', 'USE_YN', 'N', 30, '20210726205526', NULL),
(38, 275, 38, 8, 'O', 'ADD_DT', 'ADD_DT', 'N', 40, '20210726205526', NULL),
(38, 276, 38, 8, 'O', 'ADD_ID', 'ADD_ID', 'N', 50, '20210726205526', NULL),
(38, 277, 38, 8, 'I', 'G1-GRP_NM', 'GRP_NM', 'N', 10, '20210726205526', NULL),
(38, 278, 38, 8, 'I', 'G1-GRP_NM', 'GRP_NM', 'N', 20, '20210726205526', NULL),
(39, 279, 38, 8, 'O', 'CHK', 'CHK', 'N', 10, '20210726205526', NULL),
(39, 280, 38, 8, 'O', 'GA_SEQ', 'GA_SEQ', 'N', 20, '20210726205526', NULL),
(39, 281, 38, 8, 'O', 'GRP_SEQ', 'GRP_SEQ', 'N', 30, '20210726205526', NULL),
(39, 282, 38, 8, 'O', 'PGMID', 'PGMID', 'N', 40, '20210726205526', NULL),
(39, 283, 38, 8, 'O', 'MNU_NM', 'MNU_NM', 'N', 50, '20210726205526', NULL),
(39, 284, 38, 8, 'O', 'AUTH_ID', 'AUTH_ID', 'N', 60, '20210726205526', NULL),
(39, 285, 38, 8, 'O', 'AUTH_NM', 'AUTH_NM', 'N', 70, '20210726205526', NULL),
(39, 286, 38, 8, 'O', 'ADD_DT', 'ADD_DT', 'N', 80, '20210726205526', NULL),
(39, 287, 38, 8, 'O', 'ADD_ID', 'ADD_ID', 'N', 90, '20210726205526', NULL),
(39, 288, 38, 8, 'I', 'G2-GRP_SEQ', 'GRP_SEQ', 'N', 10, '20210726205526', NULL),
(39, 289, 38, 8, 'I', 'G1-PGMID', 'PGMID', 'N', 20, '20210726205526', NULL),
(39, 290, 38, 8, 'I', 'G1-PGMID', 'PGMID', 'N', 30, '20210726205526', NULL),
(39, 291, 38, 8, 'I', 'G1-AUTH_ID', 'AUTH_ID', 'N', 40, '20210726205526', NULL),
(39, 292, 38, 8, 'I', 'G1-AUTH_ID', 'AUTH_ID', 'N', 50, '20210726205526', NULL),
(39, 293, 38, 8, 'I', 'G1-AUTH_NM', 'AUTH_NM', 'N', 60, '20210726205526', NULL),
(39, 294, 38, 8, 'I', 'G1-AUTH_NM', 'AUTH_NM', 'N', 70, '20210726205526', NULL),
(40, 295, 38, 8, 'O', 'CHK', 'CHK', 'N', 10, '20210726205526', NULL),
(40, 296, 38, 8, 'O', 'AUTH_SEQ', 'AUTH_SEQ', 'N', 20, '20210726205526', NULL),
(40, 297, 38, 8, 'O', 'PGMID', 'PGMID', 'N', 30, '20210726205526', NULL),
(40, 298, 38, 8, 'O', 'MNU_NM', 'MNU_NM', 'N', 40, '20210726205526', NULL),
(40, 299, 38, 8, 'O', 'AUTH_ID', 'AUTH_ID', 'N', 50, '20210726205526', NULL),
(40, 300, 38, 8, 'O', 'AUTH_NM', 'AUTH_NM', 'N', 60, '20210726205526', NULL),
(40, 301, 38, 8, 'O', 'USE_YN', 'USE_YN', 'N', 70, '20210726205526', NULL),
(40, 302, 38, 8, 'O', 'ADD_DT', 'ADD_DT', 'N', 80, '20210726205526', NULL),
(40, 303, 38, 8, 'O', 'MOD_DT', 'MOD_DT', 'N', 90, '20210726205526', NULL),
(40, 304, 38, 8, 'I', 'G2-GRP_SEQ', 'GRP_SEQ', 'N', 10, '20210726205526', NULL),
(40, 305, 38, 8, 'I', 'G1-PGMID', 'PGMID', 'N', 20, '20210726205526', NULL),
(40, 306, 38, 8, 'I', 'G1-PGMID', 'PGMID', 'N', 30, '20210726205526', NULL),
(40, 307, 38, 8, 'I', 'G1-AUTH_ID', 'AUTH_ID', 'N', 40, '20210726205526', NULL),
(40, 308, 38, 8, 'I', 'G1-AUTH_ID', 'AUTH_ID', 'N', 50, '20210726205526', NULL),
(40, 309, 38, 8, 'I', 'G1-AUTH_NM', 'AUTH_NM', 'N', 60, '20210726205526', NULL),
(40, 310, 38, 8, 'I', 'G1-AUTH_NM', 'AUTH_NM', 'N', 70, '20210726205526', NULL),
(41, 311, 38, 9, 'I', 'GRP_SEQ', 'GRP_SEQ', 'N', 10, '20210726205546', NULL),
(42, 312, 38, 9, 'I', 'GRP_NM', 'GRP_NM', 'N', 10, '20210726205546', NULL),
(42, 313, 38, 9, 'I', 'USE_YN', 'USE_YN', 'N', 20, '20210726205546', NULL),
(42, 314, 38, 9, 'I', 'INTRO_PGMID', 'INTRO_PGMID', 'N', 30, '20210726205546', NULL),
(43, 315, 38, 9, 'O', 'GRP_SEQ', 'GRP_SEQ', 'N', 10, '20210726205546', NULL),
(43, 316, 38, 9, 'O', 'GRP_NM', 'GRP_NM', 'N', 20, '20210726205546', NULL),
(43, 317, 38, 9, 'O', 'USE_YN', 'USE_YN', 'N', 30, '20210726205546', NULL),
(43, 318, 38, 9, 'O', 'INTRO_PGMID', 'INTRO_PGMID', 'N', 40, '20210726205546', NULL),
(43, 319, 38, 9, 'O', 'ADD_DT', 'ADD_DT', 'N', 50, '20210726205546', NULL),
(43, 320, 38, 9, 'O', 'ADD_ID', 'ADD_ID', 'N', 60, '20210726205546', NULL),
(43, 321, 38, 9, 'O', 'MOD_DT', 'MOD_DT', 'N', 70, '20210726205546', NULL),
(43, 322, 38, 9, 'O', 'MOD_ID', 'MOD_ID', 'N', 80, '20210726205546', NULL),
(44, 323, 38, 9, 'I', 'GRP_NM', 'GRP_NM', 'N', 10, '20210726205546', NULL),
(44, 324, 38, 9, 'I', 'USE_YN', 'USE_YN', 'N', 20, '20210726205546', NULL),
(44, 325, 38, 9, 'I', 'INTRO_PGMID', 'INTRO_PGMID', 'N', 30, '20210726205546', NULL),
(44, 326, 38, 9, 'I', 'GRP_SEQ', 'GRP_SEQ', 'N', 40, '20210726205546', NULL),
(45, 327, 38, 10, 'I', 'AUTH_SEQ', 'AUTH_SEQ', 'N', 10, '20210726205606', NULL),
(46, 328, 38, 10, 'I', 'MNU_SEQ', 'MNU_SEQ', 'N', 10, '20210726205606', NULL),
(47, 329, 38, 10, 'I', 'PGMID', 'PGMID', 'N', 10, '20210726205606', NULL),
(47, 330, 38, 10, 'I', 'AUTH_ID', 'AUTH_ID', 'N', 20, '20210726205606', NULL),
(47, 331, 38, 10, 'I', 'AUTH_NM', 'AUTH_NM', 'N', 30, '20210726205606', NULL),
(47, 332, 38, 10, 'I', 'USE_YN', 'USE_YN', 'N', 40, '20210726205606', NULL),
(48, 333, 38, 10, 'I', 'MNU_NM', 'MNU_NM', 'N', 10, '20210726205606', NULL),
(48, 334, 38, 10, 'I', 'PGMID', 'PGMID', 'N', 20, '20210726205606', NULL),
(48, 335, 38, 10, 'I', 'URL', 'URL', 'N', 30, '20210726205606', NULL),
(48, 336, 38, 10, 'I', 'PGMTYPE', 'PGMTYPE', 'N', 40, '20210726205606', NULL),
(48, 337, 38, 10, 'I', 'MNU_ORD', 'MNU_ORD', 'N', 50, '20210726205606', NULL),
(48, 338, 38, 10, 'I', 'USE_YN', 'USE_YN', 'N', 60, '20210726205606', NULL),
(49, 339, 38, 10, 'O', 'CHK', 'CHK', 'N', 10, '20210726205606', NULL),
(49, 340, 38, 10, 'O', 'AUTH_SEQ', 'AUTH_SEQ', 'N', 20, '20210726205606', NULL),
(49, 341, 38, 10, 'O', 'PGMID', 'PGMID', 'N', 30, '20210726205607', NULL),
(49, 342, 38, 10, 'O', 'AUTH_ID', 'AUTH_ID', 'N', 40, '20210726205607', NULL),
(49, 343, 38, 10, 'O', 'AUTH_NM', 'AUTH_NM', 'N', 50, '20210726205607', NULL),
(49, 344, 38, 10, 'O', 'USE_YN', 'USE_YN', 'N', 60, '20210726205607', NULL),
(49, 345, 38, 10, 'O', 'ADD_DT', 'ADD_DT', 'N', 70, '20210726205607', NULL),
(49, 346, 38, 10, 'O', 'MOD_DT', 'MOD_DT', 'N', 80, '20210726205607', NULL),
(49, 347, 38, 10, 'O', 'PGMID2', 'PGMID2', 'N', 90, '20210726205607', NULL),
(49, 348, 38, 10, 'I', 'G1-PGMID', 'PGMID', 'N', 10, '20210726205607', NULL),
(49, 349, 38, 10, 'I', 'G1-PGMID', 'PGMID', 'N', 20, '20210726205607', NULL),
(49, 350, 38, 10, 'I', 'G1-AUTH_ID', 'AUTH_ID', 'N', 30, '20210726205607', NULL),
(49, 351, 38, 10, 'I', 'G1-AUTH_ID', 'AUTH_ID', 'N', 40, '20210726205607', NULL),
(49, 352, 38, 10, 'I', 'G1-AUTH_NM', 'AUTH_NM', 'N', 50, '20210726205607', NULL),
(49, 353, 38, 10, 'I', 'G1-AUTH_NM', 'AUTH_NM', 'N', 60, '20210726205607', NULL),
(50, 354, 38, 10, 'O', 'CHK', 'CHK', 'N', 10, '20210726205607', NULL),
(50, 355, 38, 10, 'O', 'MNU_SEQ', 'MNU_SEQ', 'N', 20, '20210726205607', NULL),
(50, 356, 38, 10, 'O', 'MNU_NM', 'MNU_NM', 'N', 30, '20210726205607', NULL),
(50, 357, 38, 10, 'O', 'PGMID', 'PGMID', 'N', 40, '20210726205607', NULL),
(50, 358, 38, 10, 'O', 'URL', 'URL', 'N', 50, '20210726205607', NULL),
(50, 359, 38, 10, 'O', 'PGMTYPE', 'PGMTYPE', 'N', 60, '20210726205607', NULL),
(50, 360, 38, 10, 'O', 'MNU_ORD', 'MNU_ORD', 'N', 70, '20210726205607', NULL),
(50, 361, 38, 10, 'O', 'USE_YN', 'USE_YN', 'N', 80, '20210726205607', NULL),
(50, 362, 38, 10, 'O', 'ADD_DT', 'ADD_DT', 'N', 90, '20210726205607', NULL),
(50, 363, 38, 10, 'O', 'ADD_ID', 'ADD_ID', 'N', 100, '20210726205607', NULL),
(50, 364, 38, 10, 'O', 'MOD_DT', 'MOD_DT', 'N', 110, '20210726205607', NULL),
(50, 365, 38, 10, 'O', 'MOD_ID', 'MOD_ID', 'N', 120, '20210726205607', NULL),
(50, 366, 38, 10, 'I', 'G1-PGMID', 'PGMID', 'N', 10, '20210726205607', NULL),
(50, 367, 38, 10, 'I', 'G1-PGMID', 'PGMID', 'N', 20, '20210726205607', NULL),
(50, 368, 38, 10, 'I', 'G1-MNU_NM', 'MNU_NM', 'N', 30, '20210726205607', NULL),
(50, 369, 38, 10, 'I', 'G1-MNU_NM', 'MNU_NM', 'N', 40, '20210726205607', NULL),
(51, 370, 38, 10, 'I', 'PGMID', 'PGMID', 'N', 10, '20210726205607', NULL),
(51, 371, 38, 10, 'I', 'AUTH_ID', 'AUTH_ID', 'N', 20, '20210726205607', NULL),
(51, 372, 38, 10, 'I', 'AUTH_NM', 'AUTH_NM', 'N', 30, '20210726205607', NULL),
(51, 373, 38, 10, 'I', 'USE_YN', 'USE_YN', 'N', 40, '20210726205607', NULL),
(51, 374, 38, 10, 'I', 'AUTH_SEQ', 'AUTH_SEQ', 'N', 50, '20210726205607', NULL),
(52, 375, 38, 10, 'I', 'MNU_NM', 'MNU_NM', 'N', 10, '20210726205607', NULL),
(52, 376, 38, 10, 'I', 'PGMID', 'PGMID', 'N', 20, '20210726205607', NULL),
(52, 377, 38, 10, 'I', 'URL', 'URL', 'N', 30, '20210726205607', NULL),
(52, 378, 38, 10, 'I', 'PGMTYPE', 'PGMTYPE', 'N', 40, '20210726205607', NULL),
(52, 379, 38, 10, 'I', 'MNU_ORD', 'MNU_ORD', 'N', 50, '20210726205607', NULL),
(52, 380, 38, 10, 'I', 'USE_YN', 'USE_YN', 'N', 60, '20210726205607', NULL),
(52, 381, 38, 10, 'I', 'MNU_SEQ', 'MNU_SEQ', 'N', 70, '20210726205607', NULL),
(53, 382, 38, 11, 'I', 'MNU1_SEQ', 'MNU1_SEQ', 'N', 10, '20210726205626', NULL),
(54, 383, 38, 11, 'I', 'MNU2_SEQ', 'MNU2_SEQ', 'N', 10, '20210726205626', NULL),
(55, 384, 38, 11, 'I', 'FOLDER_YN', 'FOLDER_YN', 'N', 10, '20210726205626', NULL),
(55, 385, 38, 11, 'I', 'FOLDER_NM', 'FOLDER_NM', 'N', 20, '20210726205626', NULL),
(55, 386, 38, 11, 'I', 'PGMID', 'PGMID', 'N', 30, '20210726205626', NULL),
(55, 387, 38, 11, 'I', 'MNU_ICON', 'MNU_ICON', 'N', 40, '20210726205626', NULL),
(55, 388, 38, 11, 'I', 'MNU_ORD', 'MNU_ORD', 'N', 50, '20210726205626', NULL),
(56, 389, 38, 11, 'I', 'PGMID', 'PGMID', 'N', 10, '20210726205626', NULL),
(56, 390, 38, 11, 'I', 'G5-MNU_ICON', 'MNU_ICON', 'N', 20, '20210726205626', NULL),
(56, 391, 38, 11, 'I', 'G5-MNU_ORD', 'MNU_ORD', 'N', 30, '20210726205626', NULL),
(57, 392, 38, 11, 'I', 'MNU1_SEQ', 'MNU1_SEQ', 'N', 10, '20210726205626', NULL),
(57, 393, 38, 11, 'I', 'PGMID', 'PGMID', 'N', 20, '20210726205627', NULL),
(57, 394, 38, 11, 'I', 'MNU_ORD', 'MNU_ORD', 'N', 30, '20210726205627', NULL),
(58, 395, 38, 11, 'I', 'G6-MNU1_SEQ', 'MNU1_SEQ', 'N', 10, '20210726205627', NULL),
(58, 396, 38, 11, 'I', 'PGMID', 'PGMID', 'N', 20, '20210726205627', NULL),
(58, 397, 38, 11, 'I', 'G6-MNU_ORD', 'MNU_ORD', 'N', 30, '20210726205627', NULL),
(59, 398, 38, 11, 'O', 'MNU1_SEQ', 'MNU1_SEQ', 'N', 10, '20210726205627', NULL),
(59, 399, 38, 11, 'O', 'FOLDER_YN', 'FOLDER_YN', 'N', 20, '20210726205627', NULL),
(59, 400, 38, 11, 'O', 'FOLDER_NM', 'FOLDER_NM', 'N', 30, '20210726205627', NULL),
(59, 401, 38, 11, 'O', 'PGMID', 'PGMID', 'N', 40, '20210726205627', NULL),
(59, 402, 38, 11, 'O', 'MNU_NM', 'MNU_NM', 'N', 50, '20210726205627', NULL),
(59, 403, 38, 11, 'O', 'MNU_ICON', 'MNU_ICON', 'N', 60, '20210726205627', NULL),
(59, 404, 38, 11, 'O', 'MNU_ORD', 'MNU_ORD', 'N', 70, '20210726205627', NULL),
(59, 405, 38, 11, 'O', 'ADD_DT', 'ADD_DT', 'N', 80, '20210726205627', NULL),
(59, 406, 38, 11, 'O', 'MOD_DT', 'MOD_DT', 'N', 90, '20210726205627', NULL),
(60, 407, 38, 11, 'O', 'MNU2_SEQ', 'MNU2_SEQ', 'N', 10, '20210726205627', NULL),
(60, 408, 38, 11, 'O', 'MNU1_SEQ', 'MNU1_SEQ', 'N', 20, '20210726205627', NULL),
(60, 409, 38, 11, 'O', 'PGMID', 'PGMID', 'N', 30, '20210726205627', NULL),
(60, 410, 38, 11, 'O', 'MNU_NM', 'MNU_NM', 'N', 40, '20210726205627', NULL),
(60, 411, 38, 11, 'O', 'MNU_ORD', 'MNU_ORD', 'N', 50, '20210726205627', NULL),
(60, 412, 38, 11, 'O', 'ADD_DT', 'ADD_DT', 'N', 60, '20210726205627', NULL),
(60, 413, 38, 11, 'O', 'MOD_DT', 'MOD_DT', 'N', 70, '20210726205627', NULL),
(60, 414, 38, 11, 'I', 'G2-MNU1_SEQ', 'MNU1_SEQ', 'N', 10, '20210726205627', NULL),
(61, 415, 38, 11, 'O', 'CHK', 'CHK', 'N', 10, '20210726205627', NULL),
(61, 416, 38, 11, 'O', 'MNU_SEQ', 'MNU_SEQ', 'N', 20, '20210726205627', NULL),
(61, 417, 38, 11, 'O', 'MNU_NM', 'MNU_NM', 'N', 30, '20210726205627', NULL),
(61, 418, 38, 11, 'O', 'PGMID', 'PGMID', 'N', 40, '20210726205627', NULL),
(61, 419, 38, 11, 'O', 'URL', 'URL', 'N', 50, '20210726205627', NULL),
(61, 420, 38, 11, 'O', 'PGMTYPE', 'PGMTYPE', 'N', 60, '20210726205627', NULL),
(61, 421, 38, 11, 'O', 'MNU_ORD', 'MNU_ORD', 'N', 70, '20210726205627', NULL),
(61, 422, 38, 11, 'O', 'USE_YN', 'USE_YN', 'N', 80, '20210726205627', NULL),
(61, 423, 38, 11, 'O', 'ADD_DT', 'ADD_DT', 'N', 90, '20210726205627', NULL),
(61, 424, 38, 11, 'O', 'MOD_DT', 'MOD_DT', 'N', 100, '20210726205627', NULL),
(62, 425, 38, 11, 'I', 'FOLDER_YN', 'FOLDER_YN', 'N', 10, '20210726205627', NULL),
(62, 426, 38, 11, 'I', 'FOLDER_NM', 'FOLDER_NM', 'N', 20, '20210726205627', NULL),
(62, 427, 38, 11, 'I', 'PGMID', 'PGMID', 'N', 30, '20210726205627', NULL),
(62, 428, 38, 11, 'I', 'MNU_ICON', 'MNU_ICON', 'N', 40, '20210726205627', NULL),
(62, 429, 38, 11, 'I', 'MNU_ORD', 'MNU_ORD', 'N', 50, '20210726205627', NULL),
(62, 430, 38, 11, 'I', 'MNU1_SEQ', 'MNU1_SEQ', 'N', 60, '20210726205627', NULL),
(63, 431, 38, 11, 'I', 'MNU1_SEQ', 'MNU1_SEQ', 'N', 10, '20210726205627', NULL),
(63, 432, 38, 11, 'I', 'PGMID', 'PGMID', 'N', 20, '20210726205627', NULL),
(63, 433, 38, 11, 'I', 'MNU_ORD', 'MNU_ORD', 'N', 30, '20210726205627', NULL),
(63, 434, 38, 11, 'I', 'MNU2_SEQ', 'MNU2_SEQ', 'N', 40, '20210726205627', NULL),
(64, 435, 38, 12, 'O', 'LOGIN_SEQ', 'LOGIN_SEQ', 'N', 10, '20210726205650', NULL),
(64, 436, 38, 12, 'O', 'USR_ID', 'USR_ID', 'N', 20, '20210726205650', NULL),
(64, 437, 38, 12, 'O', 'SESSION_ID', 'SESSION_ID', 'N', 30, '20210726205650', NULL),
(64, 438, 38, 12, 'O', 'SUCCESS_YN', 'SUCCESS_YN', 'N', 40, '20210726205650', NULL),
(64, 439, 38, 12, 'O', 'LOCKCD', 'LOCKCD', 'N', 50, '20210726205650', NULL),
(64, 440, 38, 12, 'O', 'PW_ERR_CNT', 'PW_ERR_CNT', 'N', 60, '20210726205650', NULL),
(64, 441, 38, 12, 'O', 'LOCK_LIMIT_DT', 'LOCK_LIMIT_DT', 'N', 70, '20210726205650', NULL),
(64, 442, 38, 12, 'O', 'USR_SEQ', 'USR_SEQ', 'N', 80, '20210726205650', NULL),
(64, 443, 38, 12, 'O', 'ADD_DT', 'ADD_DT', 'N', 90, '20210726205650', NULL),
(64, 444, 38, 12, 'I', 'USER.ID', 'USER.ID', 'N', 10, '20210726205650', NULL),
(65, 445, 38, 12, 'O', 'LOGIN_SEQ', 'LOGIN_SEQ', 'N', 10, '20210726205650', NULL),
(65, 446, 38, 12, 'O', 'USR_ID', 'USR_ID', 'N', 20, '20210726205650', NULL),
(65, 447, 38, 12, 'O', 'SESSION_ID', 'SESSION_ID', 'N', 30, '20210726205650', NULL),
(65, 448, 38, 12, 'O', 'SUCCESS_YN', 'SUCCESS_YN', 'N', 40, '20210726205650', NULL),
(65, 449, 38, 12, 'O', 'RESPONSE_MSG', 'RESPONSE_MSG', 'N', 50, '20210726205650', NULL),
(65, 450, 38, 12, 'O', 'PW_ERR_CNT', 'PW_ERR_CNT', 'N', 60, '20210726205650', NULL),
(65, 451, 38, 12, 'O', 'LOCKCD', 'LOCKCD', 'N', 70, '20210726205650', NULL),
(65, 452, 38, 12, 'O', 'USR_SEQ', 'USR_SEQ', 'N', 80, '20210726205650', NULL),
(65, 453, 38, 12, 'O', 'SERVER_NAME', 'SERVER_NAME', 'N', 90, '20210726205650', NULL),
(65, 454, 38, 12, 'O', 'REMOTE_ADDR', 'REMOTE_ADDR', 'N', 100, '20210726205650', NULL),
(65, 455, 38, 12, 'O', 'USER_AGENT', 'USER_AGENT', 'N', 110, '20210726205650', NULL),
(65, 456, 38, 12, 'O', 'ADD_DT', 'ADD_DT', 'N', 120, '20210726205650', NULL),
(65, 457, 38, 12, 'I', 'USER.ID', 'USER.ID', 'N', 10, '20210726205650', NULL),
(66, 458, 38, 12, 'O', 'LAUTH_SEQ', 'LAUTH_SEQ', 'N', 10, '20210726205650', NULL),
(66, 459, 38, 12, 'O', 'REQ_TOKEN', 'REQ_TOKEN', 'N', 20, '20210726205650', NULL),
(66, 460, 38, 12, 'O', 'RES_TOKEN', 'RES_TOKEN', 'N', 30, '20210726205650', NULL),
(66, 461, 38, 12, 'O', 'USR_SEQ', 'USR_SEQ', 'N', 40, '20210726205650', NULL),
(66, 462, 38, 12, 'O', 'USR_ID', 'USR_ID', 'N', 50, '20210726205650', NULL),
(66, 463, 38, 12, 'O', 'PGMID', 'PGMID', 'N', 60, '20210726205650', NULL),
(66, 464, 38, 12, 'O', 'AUTH_ID', 'AUTH_ID', 'N', 70, '20210726205650', NULL),
(66, 465, 38, 12, 'O', 'SUCCESS_YN', 'SUCCESS_YN', 'N', 80, '20210726205650', NULL),
(66, 466, 38, 12, 'O', 'ADD_DT', 'ADD_DT', 'N', 90, '20210726205650', NULL),
(66, 467, 38, 12, 'I', 'USER.ID', 'USER.ID', 'N', 10, '20210726205650', NULL),
(67, 468, 38, 13, 'I', 'TEAMCD', 'TEAMCD', 'N', 10, '20210726205707', NULL),
(67, 469, 38, 13, 'I', 'TEAMNM', 'TEAMNM', 'N', 20, '20210726205707', NULL),
(67, 470, 38, 13, 'I', 'INTRO_PGMID', 'INTRO_PGMID', 'N', 30, '20210726205707', NULL),
(67, 471, 38, 13, 'I', 'TEAMCD', 'TEAMCD', 'N', 40, '20210726205707', NULL),
(68, 472, 38, 13, 'I', 'TEAM_SEQ', 'TEAM_SEQ', 'N', 10, '20210726205707', NULL),
(69, 473, 38, 13, 'I', 'TEAMCD', 'TEAMCD', 'N', 10, '20210726205707', NULL),
(69, 474, 38, 13, 'I', 'TEAMNM', 'TEAMNM', 'N', 20, '20210726205707', NULL),
(69, 475, 38, 13, 'I', 'USE_YN', 'USE_YN', 'N', 30, '20210726205707', NULL),
(69, 476, 38, 13, 'I', 'INTRO_PGMID', 'INTRO_PGMID', 'N', 40, '20210726205707', NULL),
(70, 477, 38, 13, 'O', 'TEAM_SEQ', 'TEAM_SEQ', 'N', 10, '20210726205707', NULL),
(70, 478, 38, 13, 'O', 'TEAMCD', 'TEAMCD', 'N', 20, '20210726205707', NULL),
(70, 479, 38, 13, 'O', 'TEAMNM', 'TEAMNM', 'N', 30, '20210726205707', NULL),
(70, 480, 38, 13, 'O', 'USE_YN', 'USE_YN', 'N', 40, '20210726205707', NULL),
(70, 481, 38, 13, 'O', 'INTRO_PGMID', 'INTRO_PGMID', 'N', 50, '20210726205707', NULL),
(70, 482, 38, 13, 'O', 'ADD_DT', 'ADD_DT', 'N', 60, '20210726205707', NULL),
(70, 483, 38, 13, 'O', 'ADD_ID', 'ADD_ID', 'N', 70, '20210726205707', NULL),
(70, 484, 38, 13, 'O', 'MOD_DT', 'MOD_DT', 'N', 80, '20210726205707', NULL),
(70, 485, 38, 13, 'O', 'MOD_ID', 'MOD_ID', 'N', 90, '20210726205707', NULL),
(71, 486, 38, 13, 'O', 'CHK', 'CHK', 'N', 10, '20210726205707', NULL),
(71, 487, 38, 13, 'O', 'TEAMCD', 'TEAMCD', 'N', 20, '20210726205707', NULL),
(71, 488, 38, 13, 'O', 'TEAMNM', 'TEAMNM', 'N', 30, '20210726205707', NULL),
(72, 489, 38, 13, 'I', 'TEAM_NM', 'TEAM_NM', 'N', 10, '20210726205707', NULL),
(72, 490, 38, 13, 'I', 'USE_YN', 'USE_YN', 'N', 20, '20210726205707', NULL),
(72, 491, 38, 13, 'I', 'INTRO_PGMID', 'INTRO_PGMID', 'N', 30, '20210726205707', NULL),
(72, 492, 38, 13, 'I', 'TEAM_SEQ', 'TEAM_SEQ', 'N', 40, '20210726205707', NULL),
(73, 493, 38, 14, 'I', 'TEAM_SEQ', 'TEAM_SEQ', 'N', 10, '20210726205724', NULL),
(73, 494, 38, 14, 'I', 'TA_SEQ', 'TA_SEQ', 'N', 20, '20210726205724', NULL),
(74, 495, 38, 14, 'I', 'G2-TEAM_SEQ', 'TEAM_SEQ', 'N', 10, '20210726205724', NULL),
(74, 496, 38, 14, 'I', 'AUTH_SEQ', 'AUTH_SEQ', 'N', 20, '20210726205724', NULL),
(75, 497, 38, 14, 'O', 'TEAM_SEQ', 'TEAM_SEQ', 'N', 10, '20210726205724', NULL),
(75, 498, 38, 14, 'O', 'TEAMCD', 'TEAMCD', 'N', 20, '20210726205724', NULL),
(75, 499, 38, 14, 'O', 'TEAMNM', 'TEAMNM', 'N', 30, '20210726205724', NULL),
(75, 500, 38, 14, 'O', 'USE_YN', 'USE_YN', 'N', 40, '20210726205724', NULL),
(75, 501, 38, 14, 'O', 'ADD_DT', 'ADD_DT', 'N', 50, '20210726205724', NULL),
(75, 502, 38, 14, 'O', 'ADD_ID', 'ADD_ID', 'N', 60, '20210726205724', NULL),
(75, 503, 38, 14, 'I', 'G1-TEAMNM', 'TEAMNM', 'N', 10, '20210726205724', NULL),
(75, 504, 38, 14, 'I', 'G1-TEAMNM', 'TEAMNM', 'N', 20, '20210726205724', NULL),
(76, 505, 38, 14, 'O', 'CHK', 'CHK', 'N', 10, '20210726205724', NULL),
(76, 506, 38, 14, 'O', 'TA_SEQ', 'TA_SEQ', 'N', 20, '20210726205724', NULL),
(76, 507, 38, 14, 'O', 'TEAM_SEQ', 'TEAM_SEQ', 'N', 30, '20210726205724', NULL),
(76, 508, 38, 14, 'O', 'PGMID', 'PGMID', 'N', 40, '20210726205724', NULL),
(76, 509, 38, 14, 'O', 'MNU_NM', 'MNU_NM', 'N', 50, '20210726205724', NULL),
(76, 510, 38, 14, 'O', 'AUTH_ID', 'AUTH_ID', 'N', 60, '20210726205724', NULL),
(76, 511, 38, 14, 'O', 'AUTH_NM', 'AUTH_NM', 'N', 70, '20210726205724', NULL),
(76, 512, 38, 14, 'O', 'ADD_DT', 'ADD_DT', 'N', 80, '20210726205724', NULL),
(76, 513, 38, 14, 'O', 'ADD_ID', 'ADD_ID', 'N', 90, '20210726205724', NULL),
(76, 514, 38, 14, 'I', 'G2-TEAM_SEQ', 'TEAM_SEQ', 'N', 10, '20210726205724', NULL),
(76, 515, 38, 14, 'I', 'G1-PGMID', 'PGMID', 'N', 20, '20210726205724', NULL),
(76, 516, 38, 14, 'I', 'G1-PGMID', 'PGMID', 'N', 30, '20210726205724', NULL),
(76, 517, 38, 14, 'I', 'G1-AUTH_ID', 'AUTH_ID', 'N', 40, '20210726205724', NULL),
(76, 518, 38, 14, 'I', 'G1-AUTH_ID', 'AUTH_ID', 'N', 50, '20210726205724', NULL),
(76, 519, 38, 14, 'I', 'G1-AUTH_NM', 'AUTH_NM', 'N', 60, '20210726205724', NULL),
(76, 520, 38, 14, 'I', 'G1-AUTH_NM', 'AUTH_NM', 'N', 70, '20210726205724', NULL),
(77, 521, 38, 14, 'O', 'CHK', 'CHK', 'N', 10, '20210726205724', NULL),
(77, 522, 38, 14, 'O', 'AUTH_SEQ', 'AUTH_SEQ', 'N', 20, '20210726205724', NULL),
(77, 523, 38, 14, 'O', 'PGMID', 'PGMID', 'N', 30, '20210726205724', NULL),
(77, 524, 38, 14, 'O', 'MNU_NM', 'MNU_NM', 'N', 40, '20210726205724', NULL),
(77, 525, 38, 14, 'O', 'AUTH_ID', 'AUTH_ID', 'N', 50, '20210726205724', NULL),
(77, 526, 38, 14, 'O', 'AUTH_NM', 'AUTH_NM', 'N', 60, '20210726205724', NULL),
(77, 527, 38, 14, 'O', 'USE_YN', 'USE_YN', 'N', 70, '20210726205724', NULL),
(77, 528, 38, 14, 'O', 'ADD_DT', 'ADD_DT', 'N', 80, '20210726205724', NULL),
(77, 529, 38, 14, 'O', 'MOD_DT', 'MOD_DT', 'N', 90, '20210726205725', NULL),
(77, 530, 38, 14, 'I', 'G2-TEAM_SEQ', 'TEAM_SEQ', 'N', 10, '20210726205725', NULL),
(77, 531, 38, 14, 'I', 'G1-PGMID', 'PGMID', 'N', 20, '20210726205725', NULL),
(77, 532, 38, 14, 'I', 'G1-PGMID', 'PGMID', 'N', 30, '20210726205725', NULL),
(77, 533, 38, 14, 'I', 'G1-AUTH_ID', 'AUTH_ID', 'N', 40, '20210726205725', NULL),
(77, 534, 38, 14, 'I', 'G1-AUTH_ID', 'AUTH_ID', 'N', 50, '20210726205725', NULL),
(77, 535, 38, 14, 'I', 'G1-AUTH_NM', 'AUTH_NM', 'N', 60, '20210726205725', NULL),
(77, 536, 38, 14, 'I', 'G1-AUTH_NM', 'AUTH_NM', 'N', 70, '20210726205725', NULL),
(78, 537, 38, 15, 'I', 'DA_SEQ', 'DA_SEQ', 'N', 10, '20210726205742', NULL),
(79, 538, 38, 15, 'I', 'AUTH_SEQ', 'AUTH_SEQ', 'N', 10, '20210726205742', NULL),
(80, 539, 38, 15, 'O', 'CHK', 'CHK', 'N', 10, '20210726205742', NULL),
(80, 540, 38, 15, 'O', 'DA_SEQ', 'DA_SEQ', 'N', 20, '20210726205742', NULL),
(80, 541, 38, 15, 'O', 'PGMID', 'PGMID', 'N', 30, '20210726205742', NULL),
(80, 542, 38, 15, 'O', 'MNU_NM', 'MNU_NM', 'N', 40, '20210726205742', NULL),
(80, 543, 38, 15, 'O', 'AUTH_ID', 'AUTH_ID', 'N', 50, '20210726205742', NULL),
(80, 544, 38, 15, 'O', 'AUTH_NM', 'AUTH_NM', 'N', 60, '20210726205742', NULL),
(80, 545, 38, 15, 'O', 'ADD_DT', 'ADD_DT', 'N', 70, '20210726205742', NULL),
(80, 546, 38, 15, 'O', 'ADD_ID', 'ADD_ID', 'N', 80, '20210726205742', NULL),
(80, 547, 38, 15, 'I', 'G1-PGMID', 'PGMID', 'N', 10, '20210726205742', NULL),
(80, 548, 38, 15, 'I', 'G1-PGMID', 'PGMID', 'N', 20, '20210726205742', NULL),
(80, 549, 38, 15, 'I', 'G1-MNU_NM', 'MNU_NM', 'N', 30, '20210726205742', NULL),
(80, 550, 38, 15, 'I', 'G1-MNU_NM', 'MNU_NM', 'N', 40, '20210726205742', NULL),
(80, 551, 38, 15, 'I', 'G1-AUTH_ID', 'AUTH_ID', 'N', 50, '20210726205742', NULL),
(80, 552, 38, 15, 'I', 'G1-AUTH_ID', 'AUTH_ID', 'N', 60, '20210726205742', NULL),
(80, 553, 38, 15, 'I', 'G1-AUTH_NM', 'AUTH_NM', 'N', 70, '20210726205742', NULL),
(80, 554, 38, 15, 'I', 'G1-AUTH_NM', 'AUTH_NM', 'N', 80, '20210726205742', NULL),
(81, 555, 38, 15, 'O', 'CHK', 'CHK', 'N', 10, '20210726205742', NULL),
(81, 556, 38, 15, 'O', 'AUTH_SEQ', 'AUTH_SEQ', 'N', 20, '20210726205742', NULL),
(81, 557, 38, 15, 'O', 'PGMID', 'PGMID', 'N', 30, '20210726205742', NULL),
(81, 558, 38, 15, 'O', 'MNU_NM', 'MNU_NM', 'N', 40, '20210726205742', NULL),
(81, 559, 38, 15, 'O', 'AUTH_ID', 'AUTH_ID', 'N', 50, '20210726205742', NULL),
(81, 560, 38, 15, 'O', 'AUTH_NM', 'AUTH_NM', 'N', 60, '20210726205742', NULL),
(81, 561, 38, 15, 'O', 'USE_YN', 'USE_YN', 'N', 70, '20210726205742', NULL),
(81, 562, 38, 15, 'O', 'ADD_DT', 'ADD_DT', 'N', 80, '20210726205742', NULL),
(81, 563, 38, 15, 'O', 'MOD_DT', 'MOD_DT', 'N', 90, '20210726205742', NULL),
(81, 564, 38, 15, 'I', 'G1-PGMID', 'PGMID', 'N', 10, '20210726205742', NULL),
(81, 565, 38, 15, 'I', 'G1-PGMID', 'PGMID', 'N', 20, '20210726205742', NULL),
(81, 566, 38, 15, 'I', 'G1-MNU_NM', 'MNU_NM', 'N', 30, '20210726205742', NULL),
(81, 567, 38, 15, 'I', 'G1-MNU_NM', 'MNU_NM', 'N', 40, '20210726205742', NULL),
(81, 568, 38, 15, 'I', 'G1-AUTH_ID', 'AUTH_ID', 'N', 50, '20210726205742', NULL),
(81, 569, 38, 15, 'I', 'G1-AUTH_ID', 'AUTH_ID', 'N', 60, '20210726205742', NULL),
(81, 570, 38, 15, 'I', 'G1-AUTH_NM', 'AUTH_NM', 'N', 70, '20210726205742', NULL),
(81, 571, 38, 15, 'I', 'G1-AUTH_NM', 'AUTH_NM', 'N', 80, '20210726205742', NULL),
(82, 572, 38, 16, 'O', 'SEQ', 'SEQ', 'N', 10, '20210726205816', NULL),
(82, 573, 38, 16, 'O', 'SRC', 'SRC', 'N', 20, '20210726205816', NULL),
(82, 574, 38, 16, 'O', 'CONTAINERNM', 'CONTAINERNM', 'N', 30, '20210726205816', NULL),
(82, 575, 38, 16, 'O', 'CONTAINERID', 'CONTAINERID', 'N', 40, '20210726205816', NULL),
(82, 576, 38, 16, 'O', 'LOG', 'LOG', 'N', 50, '20210726205816', NULL),
(82, 577, 38, 16, 'O', 'MSG', 'MSG', 'N', 60, '20210726205816', NULL),
(82, 578, 38, 16, 'O', 'ADDDT', 'ADDDT', 'N', 70, '20210726205816', NULL),
(82, 579, 38, 16, 'I', 'G2-SEQ', 'SEQ', 'N', 10, '20210726205816', NULL),
(83, 580, 38, 16, 'O', 'SEQ', 'SEQ', 'N', 10, '20210726205816', NULL),
(83, 581, 38, 16, 'O', 'SRC', 'SRC', 'N', 20, '20210726205816', NULL),
(83, 582, 38, 16, 'O', 'CONTAINERNM', 'CONTAINERNM', 'N', 30, '20210726205816', NULL),
(83, 583, 38, 16, 'O', 'CONTAINERID', 'CONTAINERID', 'N', 40, '20210726205816', NULL),
(83, 584, 38, 16, 'O', 'LOG', 'LOG', 'N', 50, '20210726205816', NULL),
(83, 585, 38, 16, 'O', 'MSG', 'MSG', 'N', 60, '20210726205816', NULL),
(83, 586, 38, 16, 'O', 'ADDDT', 'ADDDT', 'N', 70, '20210726205816', NULL),
(83, 587, 38, 16, 'I', 'G1-FROM_ADDDT', 'FROM_ADDDT', 'N', 10, '20210726205816', NULL),
(83, 588, 38, 16, 'I', 'G1-TO_ADDDT', 'TO_ADDDT', 'N', 20, '20210726205816', NULL),
(83, 589, 38, 16, 'I', 'G1-SRC', 'SRC', 'N', 30, '20210726205816', NULL),
(83, 590, 38, 16, 'I', 'G1-SRC', 'SRC', 'N', 40, '20210726205816', NULL),
(83, 591, 38, 16, 'I', 'G1-CONTAINERNM', 'CONTAINERNM', 'N', 50, '20210726205816', NULL),
(83, 592, 38, 16, 'I', 'G1-CONTAINERNM', 'CONTAINERNM', 'N', 60, '20210726205816', NULL),
(83, 593, 38, 16, 'I', 'G1-CONTAINERID', 'CONTAINERID', 'N', 70, '20210726205816', NULL),
(83, 594, 38, 16, 'I', 'G1-CONTAINERID', 'CONTAINERID', 'N', 80, '20210726205816', NULL),
(83, 595, 38, 16, 'I', 'G1-LOG', 'LOG', 'N', 90, '20210726205816', NULL),
(83, 596, 38, 16, 'I', 'G1-LOG', 'LOG', 'N', 100, '20210726205816', NULL),
(83, 597, 38, 16, 'I', 'G1-ROWLIMIT', 'ROWLIMIT', 'N', 110, '20210726205816', NULL),
(84, 598, 38, 17, 'O', 'CFG_SEQ', 'CFG_SEQ', 'N', 10, '20210726205834', NULL),
(84, 599, 38, 17, 'O', 'ACT_PGMID', 'ACT_PGMID', 'N', 20, '20210726205834', NULL),
(84, 600, 38, 17, 'O', 'OLD_CFG', 'OLD_CFG', 'N', 30, '20210726205834', NULL),
(84, 601, 38, 17, 'O', 'NEW_CFG', 'NEW_CFG', 'N', 40, '20210726205834', NULL),
(84, 602, 38, 17, 'O', 'HOST_NM', 'HOST_NM', 'N', 50, '20210726205834', NULL),
(84, 603, 38, 17, 'O', 'RESULT_YN', 'RESULT_YN', 'N', 60, '20210726205834', NULL),
(84, 604, 38, 17, 'O', 'RESULT_MSG', 'RESULT_MSG', 'N', 70, '20210726205834', NULL),
(84, 605, 38, 17, 'O', 'ADD_DT', 'ADD_DT', 'N', 80, '20210726205834', NULL),
(84, 606, 38, 17, 'I', 'G2-CFG_SEQ', 'CFG_SEQ', 'N', 10, '20210726205834', NULL),
(85, 607, 38, 17, 'O', 'CFG_SEQ', 'CFG_SEQ', 'N', 10, '20210726205834', NULL),
(85, 608, 38, 17, 'O', 'ACT_PGMID', 'ACT_PGMID', 'N', 20, '20210726205834', NULL),
(85, 609, 38, 17, 'O', 'OLD_CFG', 'OLD_CFG', 'N', 30, '20210726205834', NULL),
(85, 610, 38, 17, 'O', 'NEW_CFG', 'NEW_CFG', 'N', 40, '20210726205834', NULL),
(85, 611, 38, 17, 'O', 'HOST_NM', 'HOST_NM', 'N', 50, '20210726205834', NULL),
(85, 612, 38, 17, 'O', 'RESULT_YN', 'RESULT_YN', 'N', 60, '20210726205834', NULL),
(85, 613, 38, 17, 'O', 'RESULT_MSG', 'RESULT_MSG', 'N', 70, '20210726205834', NULL),
(85, 614, 38, 17, 'O', 'ADD_DT', 'ADD_DT', 'N', 80, '20210726205834', NULL),
(85, 615, 38, 17, 'I', 'G1-CFG_SEQ', 'CFG_SEQ', 'N', 10, '20210726205834', NULL),
(85, 616, 38, 17, 'I', 'G1-CFG_SEQ', 'CFG_SEQ', 'N', 20, '20210726205834', NULL),
(85, 617, 38, 17, 'I', 'G1-ACT_PGMID', 'ACT_PGMID', 'N', 30, '20210726205834', NULL),
(85, 618, 38, 17, 'I', 'G1-ACT_PGMID', 'ACT_PGMID', 'N', 40, '20210726205834', NULL),
(85, 619, 38, 17, 'I', 'G1-HOST_NM', 'HOST_NM', 'N', 50, '20210726205834', NULL),
(85, 620, 38, 17, 'I', 'G1-HOST_NM', 'HOST_NM', 'N', 60, '20210726205834', NULL),
(85, 621, 38, 17, 'I', 'G1-RESULT_YN', 'RESULT_YN', 'N', 70, '20210726205835', NULL),
(85, 622, 38, 17, 'I', 'G1-RESULT_YN', 'RESULT_YN', 'N', 80, '20210726205835', NULL),
(85, 623, 38, 17, 'I', 'G1-RESULT_MSG', 'RESULT_MSG', 'N', 90, '20210726205835', NULL),
(85, 624, 38, 17, 'I', 'G1-RESULT_MSG', 'RESULT_MSG', 'N', 100, '20210726205835', NULL),
(85, 625, 38, 17, 'I', 'G1-ADD_DT', 'ADD_DT', 'N', 110, '20210726205835', NULL),
(85, 626, 38, 17, 'I', 'G1-ADD_DT', 'ADD_DT', 'N', 120, '20210726205835', NULL),
(85, 627, 38, 17, 'I', 'G1-ADD_DT', 'ADD_DT', 'N', 130, '20210726205835', NULL),
(86, 628, 38, 18, 'I', 'BATCH_NM', 'BATCH_NM', 'N', 10, '20210726205849', NULL),
(86, 629, 38, 18, 'I', 'SOURCE_SVRID', 'SOURCE_SVRID', 'N', 20, '20210726205849', NULL),
(86, 630, 38, 18, 'I', 'SOURCE_SQL', 'SOURCE_SQL', 'N', 30, '20210726205849', NULL),
(86, 631, 38, 18, 'I', 'FETCH_CNT', 'FETCH_CNT', 'N', 40, '20210726205849', NULL),
(86, 632, 38, 18, 'I', 'TARGET_SVRID', 'TARGET_SVRID', 'N', 50, '20210726205849', NULL),
(86, 633, 38, 18, 'I', 'TARGET_SQL', 'TARGET_SQL', 'N', 60, '20210726205849', NULL),
(86, 634, 38, 18, 'I', 'CRON', 'CRON', 'N', 70, '20210726205849', NULL),
(86, 635, 38, 18, 'I', 'START_DT', 'START_DT', 'N', 80, '20210726205849', NULL),
(86, 636, 38, 18, 'I', 'END_DT', 'END_DT', 'N', 90, '20210726205849', NULL),
(86, 637, 38, 18, 'I', 'USE_YN', 'USE_YN', 'N', 100, '20210726205849', NULL),
(87, 638, 38, 18, 'O', 'BATCH_SEQ', 'BATCH_SEQ', 'N', 10, '20210726205849', NULL),
(87, 639, 38, 18, 'O', 'BATCH_NM', 'BATCH_NM', 'N', 20, '20210726205849', NULL),
(87, 640, 38, 18, 'O', 'CONDITION_SVRID', 'CONDITION_SVRID', 'N', 30, '20210726205849', NULL),
(87, 641, 38, 18, 'O', 'CONDITION_SQL', 'CONDITION_SQL', 'N', 40, '20210726205849', NULL),
(87, 642, 38, 18, 'O', 'SOURCE_SVRID', 'SOURCE_SVRID', 'N', 50, '20210726205849', NULL),
(87, 643, 38, 18, 'O', 'SOURCE_IN_COLTYPES', 'SOURCE_IN_COLTYPES', 'N', 60, '20210726205850', NULL),
(87, 644, 38, 18, 'O', 'SOURCE_SQL', 'SOURCE_SQL', 'N', 70, '20210726205850', NULL),
(87, 645, 38, 18, 'O', 'TARGET_IN_COLTYPES', 'TARGET_IN_COLTYPES', 'N', 80, '20210726205850', NULL),
(87, 646, 38, 18, 'O', 'TARGET_SVRID', 'TARGET_SVRID', 'N', 90, '20210726205850', NULL),
(87, 647, 38, 18, 'O', 'TARGET_SQL', 'TARGET_SQL', 'N', 100, '20210726205850', NULL),
(87, 648, 38, 18, 'O', 'ADD_DT', 'ADD_DT', 'N', 110, '20210726205850', NULL),
(87, 649, 38, 18, 'O', 'MOD_DT', 'MOD_DT', 'N', 120, '20210726205850', NULL),
(87, 650, 38, 18, 'I', 'G2-BATCH_SEQ', 'BATCH_SEQ', 'N', 10, '20210726205850', NULL),
(88, 651, 38, 18, 'O', 'BATCH_SEQ', 'BATCH_SEQ', 'N', 10, '20210726205850', NULL),
(88, 652, 38, 18, 'O', 'BATCH_NM', 'BATCH_NM', 'N', 20, '20210726205850', NULL),
(88, 653, 38, 18, 'O', 'CONDITION_SVRID', 'CONDITION_SVRID', 'N', 30, '20210726205850', NULL),
(88, 654, 38, 18, 'O', 'SOURCE_SVRID', 'SOURCE_SVRID', 'N', 40, '20210726205850', NULL),
(88, 655, 38, 18, 'O', 'SOURCE_SQL', 'SOURCE_SQL', 'N', 50, '20210726205850', NULL),
(88, 656, 38, 18, 'O', 'TARGET_SVRID', 'TARGET_SVRID', 'N', 60, '20210726205850', NULL),
(88, 657, 38, 18, 'O', 'TARGET_SQL', 'TARGET_SQL', 'N', 70, '20210726205850', NULL),
(88, 658, 38, 18, 'O', 'CRON', 'CRON', 'N', 80, '20210726205850', NULL),
(88, 659, 38, 18, 'O', 'START_DT', 'START_DT', 'N', 90, '20210726205850', NULL),
(88, 660, 38, 18, 'O', 'END_DT', 'END_DT', 'N', 100, '20210726205850', NULL),
(88, 661, 38, 18, 'O', 'USE_YN', 'USE_YN', 'N', 110, '20210726205850', NULL),
(88, 662, 38, 18, 'O', 'STATUS', 'STATUS', 'N', 120, '20210726205850', NULL),
(88, 663, 38, 18, 'O', 'LAST_RUN', 'LAST_RUN', 'N', 130, '20210726205850', NULL),
(88, 664, 38, 18, 'O', 'ADD_DT', 'ADD_DT', 'N', 140, '20210726205850', NULL),
(88, 665, 38, 18, 'O', 'MOD_DT', 'MOD_DT', 'N', 150, '20210726205850', NULL),
(89, 666, 38, 18, 'I', 'G3-CONDITION_SVRID', 'CONDITION_SVRID', 'N', 10, '20210726205850', NULL),
(89, 667, 38, 18, 'I', 'G3-CONDITION_SQL', 'CONDITION_SQL', 'N', 20, '20210726205850', NULL),
(89, 668, 38, 18, 'I', 'G3-SOURCE_SVRID', 'SOURCE_SVRID', 'N', 30, '20210726205850', NULL),
(89, 669, 38, 18, 'I', 'G3-SOURCE_SQL', 'SOURCE_SQL', 'N', 40, '20210726205850', NULL),
(89, 670, 38, 18, 'I', 'G3-SOURCE_IN_COLTYPES', 'SOURCE_IN_COLTYPES', 'N', 50, '20210726205850', NULL),
(89, 671, 38, 18, 'I', 'G3-TARGET_SVRID', 'TARGET_SVRID', 'N', 60, '20210726205850', NULL),
(89, 672, 38, 18, 'I', 'G3-TARGET_SQL', 'TARGET_SQL', 'N', 70, '20210726205850', NULL),
(89, 673, 38, 18, 'I', 'G3-TARGET_IN_COLTYPES', 'TARGET_IN_COLTYPES', 'N', 80, '20210726205850', NULL),
(89, 674, 38, 18, 'I', 'G3-BATCH_SEQ', 'BATCH_SEQ', 'N', 90, '20210726205850', NULL),
(90, 675, 38, 18, 'I', 'BATCH_NM', 'BATCH_NM', 'N', 10, '20210726205850', NULL),
(90, 676, 38, 18, 'I', 'CONDITION_SVRID', 'CONDITION_SVRID', 'N', 20, '20210726205850', NULL),
(90, 677, 38, 18, 'I', 'SOURCE_SVRID', 'SOURCE_SVRID', 'N', 30, '20210726205850', NULL),
(90, 678, 38, 18, 'I', 'TARGET_SVRID', 'TARGET_SVRID', 'N', 40, '20210726205850', NULL),
(90, 679, 38, 18, 'I', 'CRON', 'CRON', 'N', 50, '20210726205850', NULL),
(90, 680, 38, 18, 'I', 'START_DT', 'START_DT', 'N', 60, '20210726205850', NULL),
(90, 681, 38, 18, 'I', 'END_DT', 'END_DT', 'N', 70, '20210726205850', NULL),
(90, 682, 38, 18, 'I', 'USE_YN', 'USE_YN', 'N', 80, '20210726205850', NULL),
(90, 683, 38, 18, 'I', 'BATCH_SEQ', 'BATCH_SEQ', 'N', 90, '20210726205850', NULL),
(91, 684, 38, 19, 'I', 'CAMPAIGN_SEQ', 'CAMPAIGN_SEQ', 'N', 10, '20210726205909', NULL),
(92, 685, 38, 19, 'I', 'CAMPAIGN_NM', 'CAMPAIGN_NM', 'N', 10, '20210726205909', NULL),
(92, 686, 38, 19, 'I', 'CONTENT_SVRID', 'CONTENT_SVRID', 'N', 20, '20210726205909', NULL),
(92, 687, 38, 19, 'I', 'CONTENT_NM', 'CONTENT_NM', 'N', 30, '20210726205909', NULL),
(92, 688, 38, 19, 'I', 'CAHNNEL', 'CAHNNEL', 'N', 40, '20210726205909', NULL),
(92, 689, 38, 19, 'I', 'TITLE', 'TITLE', 'N', 50, '20210726205909', NULL);
INSERT INTO `CG_PGMSQLD` (`SQLSEQ`, `COLSEQ`, `PJTSEQ`, `PGMSEQ`, `SQLGBN`, `COLID`, `DDCOLID`, `REQUIREYN`, `ORD`, `ADDDT`, `MODDT`) VALUES
(93, 690, 38, 19, 'O', 'CAMPAIGN_SEQ', 'CAMPAIGN_SEQ', 'N', 10, '20210726205909', NULL),
(93, 691, 38, 19, 'O', 'CAMPAIGN_NM', 'CAMPAIGN_NM', 'N', 20, '20210726205909', NULL),
(93, 692, 38, 19, 'O', 'CONTENT_SVRID', 'CONTENT_SVRID', 'N', 30, '20210726205909', NULL),
(93, 693, 38, 19, 'O', 'CONTENT_NM', 'CONTENT_NM', 'N', 40, '20210726205909', NULL),
(93, 694, 38, 19, 'O', 'CONTENT_SQL', 'CONTENT_SQL', 'N', 50, '20210726205909', NULL),
(93, 695, 38, 19, 'O', 'CONTENT_IN_COLTYPES', 'CONTENT_IN_COLTYPES', 'N', 60, '20210726205909', NULL),
(93, 696, 38, 19, 'O', 'CAHNNEL', 'CAHNNEL', 'N', 70, '20210726205909', NULL),
(93, 697, 38, 19, 'O', 'TITLE', 'TITLE', 'N', 80, '20210726205909', NULL),
(93, 698, 38, 19, 'O', 'BODY', 'BODY', 'N', 90, '20210726205909', NULL),
(93, 699, 38, 19, 'O', 'ADD_DT', 'ADD_DT', 'N', 100, '20210726205909', NULL),
(93, 700, 38, 19, 'O', 'MOD_DT', 'MOD_DT', 'N', 110, '20210726205909', NULL),
(93, 701, 38, 19, 'I', 'G2-CAMPAIGN_SEQ', 'CAMPAIGN_SEQ', 'N', 10, '20210726205909', NULL),
(94, 702, 38, 19, 'O', 'CAMPAIGN_SEQ', 'CAMPAIGN_SEQ', 'N', 10, '20210726205909', NULL),
(94, 703, 38, 19, 'O', 'CAMPAIGN_NM', 'CAMPAIGN_NM', 'N', 20, '20210726205909', NULL),
(94, 704, 38, 19, 'O', 'CONTENT_SVRID', 'CONTENT_SVRID', 'N', 30, '20210726205909', NULL),
(94, 705, 38, 19, 'O', 'CONTENT_NM', 'CONTENT_NM', 'N', 40, '20210726205909', NULL),
(94, 706, 38, 19, 'O', 'CAHNNEL', 'CAHNNEL', 'N', 50, '20210726205909', NULL),
(94, 707, 38, 19, 'O', 'TITLE', 'TITLE', 'N', 60, '20210726205909', NULL),
(94, 708, 38, 19, 'O', 'BODY', 'BODY', 'N', 70, '20210726205909', NULL),
(94, 709, 38, 19, 'O', 'ADD_DT', 'ADD_DT', 'N', 80, '20210726205909', NULL),
(94, 710, 38, 19, 'O', 'MOD_DT', 'MOD_DT', 'N', 90, '20210726205909', NULL),
(95, 711, 38, 19, 'I', 'G3-CAMPAIGN_NM', 'CAMPAIGN_NM', 'N', 10, '20210726205909', NULL),
(95, 712, 38, 19, 'I', 'G3-CONTENT_SVRID', 'CONTENT_SVRID', 'N', 20, '20210726205909', NULL),
(95, 713, 38, 19, 'I', 'G3-CONTENT_NM', 'CONTENT_NM', 'N', 30, '20210726205909', NULL),
(95, 714, 38, 19, 'I', 'G3-CONTENT_SQL', 'CONTENT_SQL', 'N', 40, '20210726205909', NULL),
(95, 715, 38, 19, 'I', 'G3-CONTENT_IN_COLTYPES', 'CONTENT_IN_COLTYPES', 'N', 50, '20210726205910', NULL),
(95, 716, 38, 19, 'I', 'G3-CAHNNEL', 'CAHNNEL', 'N', 60, '20210726205910', NULL),
(95, 717, 38, 19, 'I', 'G3-TITLE', 'TITLE', 'N', 70, '20210726205910', NULL),
(95, 718, 38, 19, 'I', 'G3-BODY', 'BODY', 'N', 80, '20210726205910', NULL),
(95, 719, 38, 19, 'I', 'G3-CAMPAIGN_SEQ', 'CAMPAIGN_SEQ', 'N', 90, '20210726205910', NULL),
(96, 720, 38, 19, 'I', 'CAMPAIGN_NM', 'CAMPAIGN_NM', 'N', 10, '20210726205910', NULL),
(96, 721, 38, 19, 'I', 'CONTENT_SVRID', 'CONTENT_SVRID', 'N', 20, '20210726205910', NULL),
(96, 722, 38, 19, 'I', 'CONTENT_NM', 'CONTENT_NM', 'N', 30, '20210726205910', NULL),
(96, 723, 38, 19, 'I', 'CAHNNEL', 'CAHNNEL', 'N', 40, '20210726205910', NULL),
(96, 724, 38, 19, 'I', 'TITLE', 'TITLE', 'N', 50, '20210726205910', NULL),
(96, 725, 38, 19, 'I', 'CAMPAIGN_SEQ', 'CAMPAIGN_SEQ', 'N', 60, '20210726205910', NULL),
(97, 726, 38, 20, 'I', 'CAMPAIGN_SEQ', 'CAMPAIGN_SEQ', 'N', 10, '20210726205926', NULL),
(97, 727, 38, 20, 'I', 'USR_SEQ', 'USR_SEQ', 'N', 20, '20210726205927', NULL),
(97, 728, 38, 20, 'I', 'USR_ID', 'USR_ID', 'N', 30, '20210726205927', NULL),
(98, 729, 38, 20, 'O', 'REQUEST_SEQ', 'REQUEST_SEQ', 'N', 10, '20210726205927', NULL),
(98, 730, 38, 20, 'O', 'CAMPAIGN_SEQ', 'CAMPAIGN_SEQ', 'N', 20, '20210726205927', NULL),
(98, 731, 38, 20, 'O', 'CAMPAIGN_NM', 'CAMPAIGN_NM', 'N', 30, '20210726205927', NULL),
(98, 732, 38, 20, 'O', 'USR_SEQ', 'USR_SEQ', 'N', 40, '20210726205927', NULL),
(98, 733, 38, 20, 'O', 'USR_ID', 'USR_ID', 'N', 50, '20210726205927', NULL),
(98, 734, 38, 20, 'O', 'RETRY_CNT', 'RETRY_CNT', 'N', 60, '20210726205927', NULL),
(98, 735, 38, 20, 'O', 'ADD_DT', 'ADD_DT', 'N', 70, '20210726205927', NULL),
(98, 736, 38, 20, 'I', 'G1-FROM_ADDDT', 'FROM_ADDDT', 'N', 10, '20210726205927', NULL),
(98, 737, 38, 20, 'I', 'G1-TO_ADDDT', 'TO_ADDDT', 'N', 20, '20210726205927', NULL),
(99, 738, 38, 20, 'O', 'SENDLOG_SEQ', 'SENDLOG_SEQ', 'N', 10, '20210726205927', NULL),
(99, 739, 38, 20, 'O', 'REQUEST_SEQ', 'REQUEST_SEQ', 'N', 20, '20210726205927', NULL),
(99, 740, 38, 20, 'O', 'USR_SEQ', 'USR_SEQ', 'N', 30, '20210726205927', NULL),
(99, 741, 38, 20, 'O', 'USR_ID', 'USR_ID', 'N', 40, '20210726205927', NULL),
(99, 742, 38, 20, 'O', 'REQUEST_DT', 'REQUEST_DT', 'N', 50, '20210726205927', NULL),
(99, 743, 38, 20, 'O', 'REQUEST_ID', 'REQUEST_ID', 'N', 60, '20210726205927', NULL),
(99, 744, 38, 20, 'O', 'CAMPAIGN_SEQ', 'CAMPAIGN_SEQ', 'N', 70, '20210726205927', NULL),
(99, 745, 38, 20, 'O', 'SENDER', 'SENDER', 'N', 80, '20210726205927', NULL),
(99, 746, 38, 20, 'O', 'EMAIL', 'EMAIL', 'N', 90, '20210726205927', NULL),
(99, 747, 38, 20, 'O', 'USR_NM', 'USR_NM', 'N', 100, '20210726205927', NULL),
(99, 748, 38, 20, 'O', 'TITLE', 'TITLE', 'N', 110, '20210726205927', NULL),
(99, 749, 38, 20, 'O', 'BODY', 'BODY', 'N', 120, '20210726205927', NULL),
(99, 750, 38, 20, 'O', 'RES_GBN', 'RES_GBN', 'N', 130, '20210726205927', NULL),
(99, 751, 38, 20, 'O', 'RES_MSG', 'RES_MSG', 'N', 140, '20210726205927', NULL),
(99, 752, 38, 20, 'O', 'ADD_DT', 'ADD_DT', 'N', 150, '20210726205927', NULL),
(99, 753, 38, 20, 'I', 'G1-ADD_DT', 'ADD_DT', 'N', 10, '20210726205927', NULL),
(99, 754, 38, 20, 'I', 'G1-ADD_DT', 'ADD_DT', 'N', 20, '20210726205927', NULL),
(100, 755, 38, 21, 'I', 'USER.SEQ', 'USER.SEQ', 'N', 10, '20210726205944', NULL),
(100, 756, 38, 21, 'I', 'MSG_BOX_SEQ', 'MSG_BOX_SEQ', 'N', 20, '20210726205944', NULL),
(101, 757, 38, 21, 'O', 'MSG_BOX_SEQ', 'MSG_BOX_SEQ', 'N', 10, '20210726205944', NULL),
(101, 758, 38, 21, 'O', 'USR_SEQ', 'USR_SEQ', 'N', 20, '20210726205944', NULL),
(101, 759, 38, 21, 'O', 'TITLE', 'TITLE', 'N', 30, '20210726205944', NULL),
(101, 760, 38, 21, 'O', 'BODY', 'BODY', 'N', 40, '20210726205944', NULL),
(101, 761, 38, 21, 'O', 'SEND_DT', 'SEND_DT', 'N', 50, '20210726205944', NULL),
(101, 762, 38, 21, 'O', 'READ_DT', 'READ_DT', 'N', 60, '20210726205944', NULL),
(101, 763, 38, 21, 'O', 'ADD_DT', 'ADD_DT', 'N', 70, '20210726205944', NULL),
(101, 764, 38, 21, 'I', 'G2-MSG_BOX_SEQ', 'MSG_BOX_SEQ', 'N', 10, '20210726205944', NULL),
(101, 765, 38, 21, 'I', 'USER.SEQ', 'USER.SEQ', 'N', 20, '20210726205944', NULL),
(102, 766, 38, 21, 'I', 'G2-MSG_BOX_SEQ', 'MSG_BOX_SEQ', 'N', 10, '20210726205944', NULL),
(102, 767, 38, 21, 'I', 'USER.SEQ', 'USER.SEQ', 'N', 20, '20210726205944', NULL),
(103, 768, 38, 21, 'O', 'CHK', 'CHK', 'N', 10, '20210726205944', NULL),
(103, 769, 38, 21, 'O', 'MSG_BOX_SEQ', 'MSG_BOX_SEQ', 'N', 20, '20210726205945', NULL),
(103, 770, 38, 21, 'O', 'USR_SEQ', 'USR_SEQ', 'N', 30, '20210726205945', NULL),
(103, 771, 38, 21, 'O', 'TITLE', 'TITLE', 'N', 40, '20210726205945', NULL),
(103, 772, 38, 21, 'O', 'SEND_DT', 'SEND_DT', 'N', 50, '20210726205945', NULL),
(103, 773, 38, 21, 'O', 'READ_DT', 'READ_DT', 'N', 60, '20210726205945', NULL),
(103, 774, 38, 21, 'O', 'ADD_DT', 'ADD_DT', 'N', 70, '20210726205945', NULL),
(103, 775, 38, 21, 'I', 'USER.SEQ', 'USER.SEQ', 'N', 10, '20210726205945', NULL),
(103, 776, 38, 21, 'I', 'G1-FROM_ADD_DT', 'FROM_ADD_DT', 'N', 20, '20210726205945', NULL),
(103, 777, 38, 21, 'I', 'G1-TO_ADD_DT', 'TO_ADD_DT', 'N', 30, '20210726205945', NULL),
(104, 778, 38, 22, 'O', 'BATCH_SEQ', 'BATCH_SEQ', 'N', 10, '20210726210002', NULL),
(104, 779, 38, 22, 'O', 'BATCH_NM', 'BATCH_NM', 'N', 20, '20210726210002', NULL),
(104, 780, 38, 22, 'O', 'CONDITION_SVRID', 'CONDITION_SVRID', 'N', 30, '20210726210002', NULL),
(104, 781, 38, 22, 'O', 'SOURCE_SVRID', 'SOURCE_SVRID', 'N', 40, '20210726210002', NULL),
(104, 782, 38, 22, 'O', 'SOURCE_SQL', 'SOURCE_SQL', 'N', 50, '20210726210002', NULL),
(104, 783, 38, 22, 'O', 'TARGET_SVRID', 'TARGET_SVRID', 'N', 60, '20210726210002', NULL),
(104, 784, 38, 22, 'O', 'TARGET_SQL', 'TARGET_SQL', 'N', 70, '20210726210002', NULL),
(104, 785, 38, 22, 'O', 'CRON', 'CRON', 'N', 80, '20210726210002', NULL),
(104, 786, 38, 22, 'O', 'START_DT', 'START_DT', 'N', 90, '20210726210002', NULL),
(104, 787, 38, 22, 'O', 'END_DT', 'END_DT', 'N', 100, '20210726210002', NULL),
(104, 788, 38, 22, 'O', 'USE_YN', 'USE_YN', 'N', 110, '20210726210002', NULL),
(104, 789, 38, 22, 'O', 'STATUS', 'STATUS', 'N', 120, '20210726210002', NULL),
(104, 790, 38, 22, 'O', 'LAST_RUN', 'LAST_RUN', 'N', 130, '20210726210002', NULL),
(104, 791, 38, 22, 'O', 'ADD_DT', 'ADD_DT', 'N', 140, '20210726210002', NULL),
(104, 792, 38, 22, 'O', 'MOD_DT', 'MOD_DT', 'N', 150, '20210726210002', NULL),
(105, 793, 38, 22, 'O', 'LOG_SEQ', 'LOG_SEQ', 'N', 10, '20210726210002', NULL),
(105, 794, 38, 22, 'O', 'BATCH_SEQ', 'BATCH_SEQ', 'N', 20, '20210726210002', NULL),
(105, 795, 38, 22, 'O', 'MSG', 'MSG', 'N', 30, '20210726210002', NULL),
(105, 796, 38, 22, 'O', 'ADD_DT', 'ADD_DT', 'N', 40, '20210726210002', NULL),
(105, 797, 38, 22, 'I', 'G4-BATCH_SEQ', 'BATCH_SEQ', 'N', 10, '20210726210002', NULL),
(105, 798, 38, 22, 'I', 'G2-FROM_ADD_DT', 'FROM_ADD_DT', 'N', 20, '20210726210002', NULL),
(105, 799, 38, 22, 'I', 'G2-TO_ADD_DT', 'TO_ADD_DT', 'N', 30, '20210726210002', NULL),
(106, 800, 38, 23, 'I', 'USER.SEQ', 'USER.SEQ', 'N', 10, '20210726210017', NULL),
(106, 801, 38, 23, 'I', 'MSG_BOX_SEQ', 'MSG_BOX_SEQ', 'N', 20, '20210726210017', NULL),
(107, 802, 38, 23, 'O', 'MSG_BOX_SEQ', 'MSG_BOX_SEQ', 'N', 10, '20210726210017', NULL),
(107, 803, 38, 23, 'O', 'USR_SEQ', 'USR_SEQ', 'N', 20, '20210726210017', NULL),
(107, 804, 38, 23, 'O', 'TITLE', 'TITLE', 'N', 30, '20210726210017', NULL),
(107, 805, 38, 23, 'O', 'BODY', 'BODY', 'N', 40, '20210726210017', NULL),
(107, 806, 38, 23, 'O', 'SEND_DT', 'SEND_DT', 'N', 50, '20210726210017', NULL),
(107, 807, 38, 23, 'O', 'READ_DT', 'READ_DT', 'N', 60, '20210726210017', NULL),
(107, 808, 38, 23, 'O', 'ADD_DT', 'ADD_DT', 'N', 70, '20210726210017', NULL),
(107, 809, 38, 23, 'I', 'G2-MSG_BOX_SEQ', 'MSG_BOX_SEQ', 'N', 10, '20210726210017', NULL),
(108, 810, 38, 23, 'O', 'CHK', 'CHK', 'N', 10, '20210726210017', NULL),
(108, 811, 38, 23, 'O', 'MSG_BOX_SEQ', 'MSG_BOX_SEQ', 'N', 20, '20210726210017', NULL),
(108, 812, 38, 23, 'O', 'USR_SEQ', 'USR_SEQ', 'N', 30, '20210726210017', NULL),
(108, 813, 38, 23, 'O', 'TITLE', 'TITLE', 'N', 40, '20210726210018', NULL),
(108, 814, 38, 23, 'O', 'BODY', 'BODY', 'N', 50, '20210726210018', NULL),
(108, 815, 38, 23, 'O', 'SEND_DT', 'SEND_DT', 'N', 60, '20210726210018', NULL),
(108, 816, 38, 23, 'O', 'READ_DT', 'READ_DT', 'N', 70, '20210726210018', NULL),
(108, 817, 38, 23, 'O', 'ADD_DT', 'ADD_DT', 'N', 80, '20210726210018', NULL),
(108, 818, 38, 23, 'O', 'DEL_DT', 'DEL_DT', 'N', 90, '20210726210018', NULL),
(108, 819, 38, 23, 'I', 'G1-FROM_ADD_DT', 'FROM_ADD_DT', 'N', 10, '20210726210018', NULL),
(108, 820, 38, 23, 'I', 'G1-TO_ADD_DT', 'TO_ADD_DT', 'N', 20, '20210726210018', NULL),
(109, 821, 38, 23, 'I', 'USR_SEQ', 'USR_SEQ', 'N', 10, '20210726210018', NULL),
(109, 822, 38, 23, 'I', 'TITLE', 'TITLE', 'N', 20, '20210726210018', NULL),
(109, 823, 38, 23, 'I', 'BODY', 'BODY', 'N', 30, '20210726210018', NULL),
(109, 824, 38, 23, 'I', 'USER.SEQ', 'USER.SEQ', 'N', 40, '20210726210018', NULL),
(109, 825, 38, 23, 'I', 'MSG_BOX_SEQ', 'MSG_BOX_SEQ', 'N', 50, '20210726210018', NULL);

-- --------------------------------------------------------

--
-- 테이블 구조 `CG_PGMSQLR`
--

CREATE TABLE `CG_PGMSQLR` (
  `SQLRSEQ` int(10) UNSIGNED NOT NULL,
  `SVCSEQ` int(10) UNSIGNED NOT NULL,
  `PJTSEQ` int(11) NOT NULL,
  `PGMSEQ` int(11) NOT NULL,
  `SQLSEQ` int(11) DEFAULT NULL,
  `ORD` int(11) UNSIGNED NOT NULL DEFAULT '0',
  `ADDDT` varchar(14) COLLATE utf8_bin NOT NULL,
  `MODDT` varchar(14) COLLATE utf8_bin DEFAULT NULL,
  `ADDID` int(11) NOT NULL DEFAULT '0',
  `MODID` int(11) DEFAULT NULL
) ENGINE=InnoDB DEFAULT CHARSET=utf8 COLLATE=utf8_bin;

--
-- 테이블의 덤프 데이터 `CG_PGMSQLR`
--

INSERT INTO `CG_PGMSQLR` (`SQLRSEQ`, `SVCSEQ`, `PJTSEQ`, `PGMSEQ`, `SQLSEQ`, `ORD`, `ADDDT`, `MODDT`, `ADDID`, `MODID`) VALUES
(11, 7, 38, 3, NULL, 0, '20210724220709', NULL, 0, NULL),
(12, 8, 38, 3, 11, 0, '20210724220709', NULL, 0, NULL),
(13, 9, 38, 3, 10, 0, '20210724220709', NULL, 0, NULL),
(14, 9, 38, 3, 9, 0, '20210724220709', NULL, 0, NULL),
(15, 9, 38, 3, 12, 0, '20210724220709', NULL, 0, NULL),
(16, 11, 38, 4, 18, 0, '20210726205356', NULL, 0, NULL),
(17, 12, 38, 4, 16, 0, '20210726205356', NULL, 0, NULL),
(18, 12, 38, 4, 20, 0, '20210726205356', NULL, 0, NULL),
(19, 12, 38, 4, 14, 0, '20210726205356', NULL, 0, NULL),
(20, 13, 38, 4, 17, 0, '20210726205356', NULL, 0, NULL),
(21, 14, 38, 4, 15, 0, '20210726205356', NULL, 0, NULL),
(22, 14, 38, 4, 19, 0, '20210726205356', NULL, 0, NULL),
(23, 14, 38, 4, 13, 0, '20210726205356', NULL, 0, NULL),
(24, 16, 38, 5, 21, 10, '20210726205415', NULL, 0, NULL),
(25, 17, 38, 5, 22, 10, '20210726205415', NULL, 0, NULL),
(26, 18, 38, 6, 28, 10, '20210726205442', NULL, 0, NULL),
(27, 19, 38, 6, 23, 10, '20210726205442', NULL, 0, NULL),
(28, 20, 38, 6, 28, 10, '20210726205442', NULL, 0, NULL),
(29, 21, 38, 6, 25, 10, '20210726205442', NULL, 0, NULL),
(30, 21, 38, 6, 30, 20, '20210726205442', NULL, 0, NULL),
(31, 21, 38, 6, 24, 30, '20210726205442', NULL, 0, NULL),
(32, 22, 38, 6, 29, 10, '20210726205442', NULL, 0, NULL),
(33, 23, 38, 6, 26, 10, '20210726205443', NULL, 0, NULL),
(34, 24, 38, 6, 27, 10, '20210726205443', NULL, 0, NULL),
(35, 25, 38, 7, NULL, 0, '20210726205506', NULL, 0, NULL),
(36, 26, 38, 7, 33, 10, '20210726205506', NULL, 0, NULL),
(37, 27, 38, 7, 34, 10, '20210726205507', NULL, 0, NULL),
(38, 28, 38, 7, 31, 10, '20210726205507', NULL, 0, NULL),
(39, 29, 38, 7, 35, 0, '20210726205507', NULL, 0, NULL),
(40, 30, 38, 7, 32, 0, '20210726205507', NULL, 0, NULL),
(41, 31, 38, 8, NULL, 0, '20210726205526', NULL, 0, NULL),
(42, 32, 38, 8, 38, 0, '20210726205527', NULL, 0, NULL),
(43, 33, 38, 8, 39, 0, '20210726205527', NULL, 0, NULL),
(44, 34, 38, 8, 36, 10, '20210726205527', NULL, 0, NULL),
(45, 35, 38, 8, 40, 0, '20210726205527', NULL, 0, NULL),
(46, 36, 38, 8, 37, 0, '20210726205527', NULL, 0, NULL),
(47, 37, 38, 9, 43, 10, '20210726205546', NULL, 0, NULL),
(48, 38, 38, 9, 42, 10, '20210726205546', NULL, 0, NULL),
(49, 38, 38, 9, 44, 20, '20210726205546', NULL, 0, NULL),
(50, 38, 38, 9, 41, 30, '20210726205546', NULL, 0, NULL),
(51, 40, 38, 10, 49, 0, '20210726205607', NULL, 0, NULL),
(52, 41, 38, 10, 47, 0, '20210726205607', NULL, 0, NULL),
(53, 41, 38, 10, 45, 10, '20210726205607', NULL, 0, NULL),
(54, 41, 38, 10, 51, 10, '20210726205607', NULL, 0, NULL),
(55, 42, 38, 10, 45, 10, '20210726205608', NULL, 0, NULL),
(56, 43, 38, 10, 50, 10, '20210726205608', NULL, 0, NULL),
(57, 44, 38, 10, 46, 10, '20210726205608', NULL, 0, NULL),
(58, 44, 38, 10, 52, 10, '20210726205608', NULL, 0, NULL),
(59, 44, 38, 10, 48, 10, '20210726205608', NULL, 0, NULL),
(60, 45, 38, 10, 46, 10, '20210726205608', NULL, 0, NULL),
(61, 48, 38, 11, 59, 10, '20210726205627', NULL, 0, NULL),
(62, 49, 38, 11, 55, 10, '20210726205627', NULL, 0, NULL),
(63, 49, 38, 11, 62, 10, '20210726205627', NULL, 0, NULL),
(64, 49, 38, 11, 53, 10, '20210726205627', NULL, 0, NULL),
(65, 50, 38, 11, 60, 10, '20210726205628', NULL, 0, NULL),
(66, 51, 38, 11, 57, 10, '20210726205628', NULL, 0, NULL),
(67, 51, 38, 11, 63, 10, '20210726205628', NULL, 0, NULL),
(68, 51, 38, 11, 54, 10, '20210726205628', NULL, 0, NULL),
(69, 52, 38, 11, 61, 10, '20210726205628', NULL, 0, NULL),
(70, 53, 38, 11, 56, 10, '20210726205628', NULL, 0, NULL),
(71, 55, 38, 11, 58, 10, '20210726205628', NULL, 0, NULL),
(72, 60, 38, 12, 65, 0, '20210726205650', NULL, 0, NULL),
(73, 61, 38, 12, 64, 0, '20210726205651', NULL, 0, NULL),
(74, 62, 38, 12, 66, 0, '20210726205651', NULL, 0, NULL),
(75, 63, 38, 13, 70, 10, '20210726205708', NULL, 0, NULL),
(76, 64, 38, 13, 69, 10, '20210726205708', NULL, 0, NULL),
(77, 64, 38, 13, 72, 20, '20210726205708', NULL, 0, NULL),
(78, 64, 38, 13, 68, 30, '20210726205708', NULL, 0, NULL),
(79, 65, 38, 13, 71, 10, '20210726205708', NULL, 0, NULL),
(80, 66, 38, 13, 67, 10, '20210726205708', NULL, 0, NULL),
(81, 67, 38, 14, NULL, 0, '20210726205725', NULL, 0, NULL),
(82, 68, 38, 14, 75, 0, '20210726205725', NULL, 0, NULL),
(83, 69, 38, 14, 76, 0, '20210726205725', NULL, 0, NULL),
(84, 70, 38, 14, 73, 10, '20210726205725', NULL, 0, NULL),
(85, 71, 38, 14, 77, 0, '20210726205725', NULL, 0, NULL),
(86, 72, 38, 14, 74, 0, '20210726205725', NULL, 0, NULL),
(87, 73, 38, 15, NULL, 0, '20210726205742', NULL, 0, NULL),
(88, 75, 38, 15, 80, 0, '20210726205743', NULL, 0, NULL),
(89, 76, 38, 15, 78, 10, '20210726205743', NULL, 0, NULL),
(90, 77, 38, 15, 81, 0, '20210726205743', NULL, 0, NULL),
(91, 78, 38, 15, 79, 0, '20210726205743', NULL, 0, NULL),
(92, 79, 38, 16, 83, 10, '20210726205817', NULL, 0, NULL),
(93, 80, 38, 16, 82, 10, '20210726205817', NULL, 0, NULL),
(94, 82, 38, 17, 85, 10, '20210726205835', NULL, 0, NULL),
(95, 83, 38, 17, 84, 10, '20210726205835', NULL, 0, NULL),
(96, 85, 38, 18, 88, 10, '20210726205850', NULL, 0, NULL),
(97, 86, 38, 18, 86, 10, '20210726205850', NULL, 0, NULL),
(98, 86, 38, 18, 90, 10, '20210726205850', NULL, 0, NULL),
(99, 87, 38, 18, 87, 10, '20210726205851', NULL, 0, NULL),
(100, 88, 38, 18, 89, 10, '20210726205851', NULL, 0, NULL),
(101, 90, 38, 19, 94, 10, '20210726205910', NULL, 0, NULL),
(102, 91, 38, 19, 92, 10, '20210726205910', NULL, 0, NULL),
(103, 91, 38, 19, 91, 10, '20210726205910', NULL, 0, NULL),
(104, 91, 38, 19, 96, 10, '20210726205910', NULL, 0, NULL),
(105, 92, 38, 19, 93, 10, '20210726205910', NULL, 0, NULL),
(106, 93, 38, 19, 95, 10, '20210726205910', NULL, 0, NULL),
(107, 96, 38, 20, 98, 10, '20210726205927', NULL, 0, NULL),
(108, 97, 38, 20, 97, 10, '20210726205927', NULL, 0, NULL),
(109, 98, 38, 20, 99, 10, '20210726205927', NULL, 0, NULL),
(110, 100, 38, 21, 103, 10, '20210726205945', NULL, 0, NULL),
(111, 101, 38, 21, 100, 10, '20210726205945', NULL, 0, NULL),
(112, 102, 38, 21, 100, 10, '20210726205945', NULL, 0, NULL),
(113, 103, 38, 21, 101, 10, '20210726205945', NULL, 0, NULL),
(114, 105, 38, 22, 104, 10, '20210726210002', NULL, 0, NULL),
(115, 106, 38, 22, 105, 10, '20210726210002', NULL, 0, NULL),
(116, 108, 38, 23, 108, 10, '20210726210018', NULL, 0, NULL),
(117, 109, 38, 23, 106, 10, '20210726210018', NULL, 0, NULL),
(118, 109, 38, 23, 109, 10, '20210726210018', NULL, 0, NULL),
(119, 110, 38, 23, 106, 10, '20210726210018', NULL, 0, NULL),
(120, 111, 38, 23, 107, 10, '20210726210018', NULL, 0, NULL);

-- --------------------------------------------------------

--
-- 테이블 구조 `CG_PGMSVC`
--

CREATE TABLE `CG_PGMSVC` (
  `SVCSEQ` int(10) UNSIGNED NOT NULL,
  `PJTSEQ` int(11) NOT NULL,
  `PGMSEQ` int(11) NOT NULL,
  `GRPSEQ` int(11) NOT NULL,
  `FNCSEQ` int(11) NOT NULL,
  `SVCGRPID` varchar(30) COLLATE utf8_bin NOT NULL,
  `ADDDT` varchar(30) COLLATE utf8_bin NOT NULL,
  `ORD` int(10) UNSIGNED DEFAULT '10',
  `MODDT` varchar(30) COLLATE utf8_bin DEFAULT NULL,
  `ADDID` int(11) NOT NULL DEFAULT '0',
  `MODID` int(11) DEFAULT NULL
) ENGINE=InnoDB DEFAULT CHARSET=utf8 COLLATE=utf8_bin;

--
-- 테이블의 덤프 데이터 `CG_PGMSVC`
--

INSERT INTO `CG_PGMSVC` (`SVCSEQ`, `PJTSEQ`, `PGMSEQ`, `GRPSEQ`, `FNCSEQ`, `SVCGRPID`, `ADDDT`, `ORD`, `MODDT`, `ADDID`, `MODID`) VALUES
(7, 38, 3, 5, 23, 'G2', '20210724220709', 0, NULL, 0, NULL),
(8, 38, 3, 6, 26, 'G2', '20210724220709', 0, NULL, 0, NULL),
(9, 38, 3, 6, 27, 'G2', '20210724220709', 0, NULL, 0, NULL),
(10, 38, 4, 7, 34, 'G2', '20210726205356', 0, NULL, 0, NULL),
(11, 38, 4, 8, 37, 'G2', '20210726205356', 0, NULL, 0, NULL),
(12, 38, 4, 8, 38, 'G2', '20210726205356', 0, NULL, 0, NULL),
(13, 38, 4, 9, 46, 'G3', '20210726205356', 0, NULL, 0, NULL),
(14, 38, 4, 9, 47, 'G3', '20210726205356', 0, NULL, 0, NULL),
(15, 38, 5, 10, 55, 'G2', '20210726205415', 1, NULL, 0, NULL),
(16, 38, 5, 11, 57, 'G2', '20210726205415', 1, NULL, 0, NULL),
(17, 38, 5, 12, 59, 'G3', '20210726205415', 1, NULL, 0, NULL),
(18, 38, 6, 13, 61, 'G2', '20210726205442', 10, NULL, 0, NULL),
(19, 38, 6, 14, 64, 'G2', '20210726205442', 10, NULL, 0, NULL),
(20, 38, 6, 14, 65, 'G2', '20210726205442', 10, NULL, 0, NULL),
(21, 38, 6, 14, 66, 'G2', '20210726205442', 10, NULL, 0, NULL),
(22, 38, 6, 14, 72, 'G2', '20210726205442', 10, NULL, 0, NULL),
(23, 38, 6, 15, 73, 'G3', '20210726205443', 1, NULL, 0, NULL),
(24, 38, 6, 16, 75, 'G4', '20210726205443', 10, NULL, 0, NULL),
(25, 38, 7, 17, 80, 'G2', '20210726205506', 10, NULL, 0, NULL),
(26, 38, 7, 18, 83, 'G2', '20210726205506', 10, NULL, 0, NULL),
(27, 38, 7, 19, 89, 'G3', '20210726205506', 10, NULL, 0, NULL),
(28, 38, 7, 19, 94, 'G3', '20210726205507', 10, NULL, 0, NULL),
(29, 38, 7, 20, 95, 'G4', '20210726205507', 10, NULL, 0, NULL),
(30, 38, 7, 20, 100, 'G4', '20210726205507', 10, NULL, 0, NULL),
(31, 38, 8, 21, 101, 'G2', '20210726205526', 0, NULL, 0, NULL),
(32, 38, 8, 22, 104, 'G2', '20210726205526', 10, NULL, 0, NULL),
(33, 38, 8, 23, 107, 'G3', '20210726205527', 0, NULL, 0, NULL),
(34, 38, 8, 23, 110, 'G3', '20210726205527', 10, NULL, 0, NULL),
(35, 38, 8, 24, 111, 'G4', '20210726205527', 10, NULL, 0, NULL),
(36, 38, 8, 24, 114, 'G4', '20210726205527', 0, NULL, 0, NULL),
(37, 38, 9, 26, 118, 'G2', '20210726205546', 10, NULL, 0, NULL),
(38, 38, 9, 26, 119, 'G2', '20210726205546', 10, NULL, 0, NULL),
(39, 38, 10, 28, 132, 'G2', '20210726205607', 1, NULL, 0, NULL),
(40, 38, 10, 29, 135, 'G2', '20210726205607', 0, NULL, 0, NULL),
(41, 38, 10, 29, 136, 'G2', '20210726205607', 0, NULL, 0, NULL),
(42, 38, 10, 29, 140, 'G2', '20210726205607', 10, NULL, 0, NULL),
(43, 38, 10, 30, 141, 'G3', '20210726205608', 10, NULL, 0, NULL),
(44, 38, 10, 30, 142, 'G3', '20210726205608', 10, NULL, 0, NULL),
(45, 38, 10, 30, 146, 'G3', '20210726205608', 10, NULL, 0, NULL),
(46, 38, 11, 31, 147, 'G2', '20210726205627', 10, NULL, 0, NULL),
(47, 38, 11, 31, 147, 'G4', '20210726205627', 10, NULL, 0, NULL),
(48, 38, 11, 32, 149, 'G2', '20210726205627', 10, NULL, 0, NULL),
(49, 38, 11, 32, 150, 'G2', '20210726205627', 10, NULL, 0, NULL),
(50, 38, 11, 33, 154, 'G3', '20210726205628', 10, NULL, 0, NULL),
(51, 38, 11, 33, 155, 'G3', '20210726205628', 10, NULL, 0, NULL),
(52, 38, 11, 34, 159, 'G4', '20210726205628', 10, NULL, 0, NULL),
(53, 38, 11, 34, 161, 'G4', '20210726205628', 10, NULL, 0, NULL),
(54, 38, 11, 34, 161, 'G5', '20210726205628', 10, NULL, 0, NULL),
(55, 38, 11, 34, 162, 'G4', '20210726205628', 10, NULL, 0, NULL),
(56, 38, 11, 34, 162, 'G6', '20210726205628', 10, NULL, 0, NULL),
(57, 38, 12, 37, 163, 'G4', '20210726205650', 0, NULL, 0, NULL),
(58, 38, 12, 37, 163, 'G3', '20210726205650', 0, NULL, 0, NULL),
(59, 38, 12, 37, 163, 'G2', '20210726205650', 0, NULL, 0, NULL),
(60, 38, 12, 38, 166, 'G2', '20210726205650', 0, NULL, 0, NULL),
(61, 38, 12, 39, 170, 'G3', '20210726205651', 0, NULL, 0, NULL),
(62, 38, 12, 40, 174, 'G4', '20210726205651', 0, NULL, 0, NULL),
(63, 38, 13, 42, 181, 'G2', '20210726205708', 10, NULL, 0, NULL),
(64, 38, 13, 42, 182, 'G2', '20210726205708', 10, NULL, 0, NULL),
(65, 38, 13, 43, 189, 'G3', '20210726205708', 10, NULL, 0, NULL),
(66, 38, 13, 43, 191, 'G3', '20210726205708', 10, NULL, 0, NULL),
(67, 38, 14, 44, 192, 'G2', '20210726205725', 0, NULL, 0, NULL),
(68, 38, 14, 45, 195, 'G2', '20210726205725', 10, NULL, 0, NULL),
(69, 38, 14, 46, 198, 'G3', '20210726205725', 0, NULL, 0, NULL),
(70, 38, 14, 46, 201, 'G3', '20210726205725', 10, NULL, 0, NULL),
(71, 38, 14, 47, 202, 'G4', '20210726205725', 10, NULL, 0, NULL),
(72, 38, 14, 47, 205, 'G4', '20210726205725', 0, NULL, 0, NULL),
(73, 38, 15, 48, 206, 'G3', '20210726205742', 0, NULL, 0, NULL),
(74, 38, 15, 48, 206, 'G4', '20210726205742', 10, NULL, 0, NULL),
(75, 38, 15, 49, 209, 'G3', '20210726205743', 0, NULL, 0, NULL),
(76, 38, 15, 49, 212, 'G3', '20210726205743', 10, NULL, 0, NULL),
(77, 38, 15, 50, 215, 'G4', '20210726205743', 10, NULL, 0, NULL),
(78, 38, 15, 50, 218, 'G4', '20210726205743', 0, NULL, 0, NULL),
(79, 38, 16, 52, 221, 'G2', '20210726205817', 10, NULL, 0, NULL),
(80, 38, 16, 53, 224, 'G3', '20210726205817', 10, NULL, 0, NULL),
(81, 38, 17, 54, 227, 'G2', '20210726205835', 10, NULL, 0, NULL),
(82, 38, 17, 55, 231, 'G2', '20210726205835', 10, NULL, 0, NULL),
(83, 38, 17, 56, 233, 'G3', '20210726205835', 10, NULL, 0, NULL),
(84, 38, 18, 57, 236, 'G2', '20210726205850', 10, NULL, 0, NULL),
(85, 38, 18, 58, 239, 'G2', '20210726205850', 10, NULL, 0, NULL),
(86, 38, 18, 58, 240, 'G2', '20210726205850', 10, NULL, 0, NULL),
(87, 38, 18, 59, 246, 'G3', '20210726205851', 10, NULL, 0, NULL),
(88, 38, 18, 59, 247, 'G3', '20210726205851', 10, NULL, 0, NULL),
(89, 38, 19, 60, 251, 'G2', '20210726205910', 10, NULL, 0, NULL),
(90, 38, 19, 61, 254, 'G2', '20210726205910', 10, NULL, 0, NULL),
(91, 38, 19, 61, 255, 'G2', '20210726205910', 10, NULL, 0, NULL),
(92, 38, 19, 62, 259, 'G3', '20210726205910', 10, NULL, 0, NULL),
(93, 38, 19, 62, 260, 'G3', '20210726205910', 10, NULL, 0, NULL),
(94, 38, 20, 63, 264, 'G2', '20210726205927', 10, NULL, 0, NULL),
(95, 38, 20, 63, 264, 'G3', '20210726205927', 10, NULL, 0, NULL),
(96, 38, 20, 64, 266, 'G2', '20210726205927', 10, NULL, 0, NULL),
(97, 38, 20, 64, 267, 'G2', '20210726205927', 10, NULL, 0, NULL),
(98, 38, 20, 65, 272, 'G3', '20210726205927', 10, NULL, 0, NULL),
(99, 38, 21, 66, 275, 'G2', '20210726205945', 10, NULL, 0, NULL),
(100, 38, 21, 67, 278, 'G2', '20210726205945', 10, NULL, 0, NULL),
(101, 38, 21, 67, 279, 'G2', '20210726205945', 10, NULL, 0, NULL),
(102, 38, 21, 67, 283, 'G2', '20210726205945', 10, NULL, 0, NULL),
(103, 38, 21, 68, 285, 'G3', '20210726205945', 10, NULL, 0, NULL),
(104, 38, 22, 69, 292, 'G4', '20210726210002', 10, NULL, 0, NULL),
(105, 38, 22, 70, 295, 'G4', '20210726210002', 10, NULL, 0, NULL),
(106, 38, 22, 71, 298, 'G5', '20210726210002', 10, NULL, 0, NULL),
(107, 38, 23, 72, 302, 'G2', '20210726210018', 10, NULL, 0, NULL),
(108, 38, 23, 73, 305, 'G2', '20210726210018', 10, NULL, 0, NULL),
(109, 38, 23, 73, 306, 'G2', '20210726210018', 10, NULL, 0, NULL),
(110, 38, 23, 73, 311, 'G2', '20210726210018', 10, NULL, 0, NULL),
(111, 38, 23, 74, 313, 'G3', '20210726210018', 10, NULL, 0, NULL);

-- --------------------------------------------------------

--
-- 테이블 구조 `CG_PGMVER`
--

CREATE TABLE `CG_PGMVER` (
  `PJTSEQ` int(11) NOT NULL,
  `PGMSEQ` int(11) NOT NULL,
  `VERSEQ` int(11) NOT NULL,
  `VERDT` varchar(8) NOT NULL,
  `DEGREE` int(11) NOT NULL DEFAULT '1',
  `ACTIVEYN` varchar(1) NOT NULL DEFAULT 'N',
  `ADDDT` varchar(14) NOT NULL,
  `MODDT` varchar(14) DEFAULT NULL
) ENGINE=InnoDB DEFAULT CHARSET=utf8;

--
-- 테이블의 덤프 데이터 `CG_PGMVER`
--

INSERT INTO `CG_PGMVER` (`PJTSEQ`, `PGMSEQ`, `VERSEQ`, `VERDT`, `DEGREE`, `ACTIVEYN`, `ADDDT`, `MODDT`) VALUES
(38, 1, 1, '20210724', 1, 'N', '20210724215943', '20210724215945'),
(38, 1, 2, '20210724', 2, 'N', '20210724215945', '20210724215950'),
(38, 1, 3, '20210724', 3, 'N', '20210724215950', '20210724215952'),
(38, 1, 4, '20210724', 4, 'N', '20210724215952', '20210724215955'),
(38, 1, 5, '20210724', 5, 'Y', '20210724215955', NULL),
(38, 2, 6, '20210724', 1, 'N', '20210724220149', '20210724220151'),
(38, 2, 7, '20210724', 2, 'N', '20210724220151', '20210724220153'),
(38, 2, 8, '20210724', 3, 'N', '20210724220153', '20210724220156'),
(38, 2, 9, '20210724', 4, 'N', '20210724220156', '20210724220200'),
(38, 2, 10, '20210724', 5, 'Y', '20210724220200', NULL),
(38, 20, 11, '20210726', 1, 'N', '20210726211550', '20210726211552'),
(38, 20, 12, '20210726', 2, 'N', '20210726211552', '20210726211555'),
(38, 20, 13, '20210726', 3, 'N', '20210726211555', '20210726211600'),
(38, 20, 14, '20210726', 4, 'N', '20210726211600', '20210726211601'),
(38, 20, 15, '20210726', 5, 'N', '20210726211601', '20210726211836'),
(38, 21, 16, '20210726', 1, 'N', '20210726211629', '20210726211632'),
(38, 21, 17, '20210726', 2, 'N', '20210726211632', '20210726211637'),
(38, 21, 18, '20210726', 3, 'N', '20210726211637', '20210726211640'),
(38, 21, 19, '20210726', 4, 'N', '20210726211640', '20210726211646'),
(38, 21, 20, '20210726', 5, 'Y', '20210726211646', NULL),
(38, 23, 21, '20210726', 1, 'N', '20210726211805', '20210726211808'),
(38, 23, 22, '20210726', 2, 'N', '20210726211808', '20210726211814'),
(38, 23, 23, '20210726', 3, 'N', '20210726211814', '20210726211820'),
(38, 23, 24, '20210726', 4, 'N', '20210726211821', '20210726211823'),
(38, 23, 25, '20210726', 5, 'Y', '20210726211823', NULL),
(38, 22, 26, '20210726', 1, 'N', '20210726211824', '20210726211827'),
(38, 22, 27, '20210726', 2, 'N', '20210726211827', '20210726211832'),
(38, 22, 28, '20210726', 3, 'N', '20210726211832', '20210726211835'),
(38, 22, 29, '20210726', 4, 'N', '20210726211835', '20210726211836'),
(38, 22, 30, '20210726', 5, 'Y', '20210726211836', NULL),
(38, 20, 31, '20210726', 6, 'N', '20210726211836', '20210726211839'),
(38, 20, 32, '20210726', 7, 'N', '20210726211839', '20210726211844'),
(38, 20, 33, '20210726', 8, 'N', '20210726211844', '20210726211847'),
(38, 20, 34, '20210726', 9, 'N', '20210726211847', '20210726211849'),
(38, 20, 35, '20210726', 10, 'Y', '20210726211850', NULL),
(38, 19, 36, '20210726', 1, 'N', '20210726211851', '20210726211857'),
(38, 19, 37, '20210726', 2, 'N', '20210726211857', '20210726211905'),
(38, 19, 38, '20210726', 3, 'N', '20210726211905', '20210726211907'),
(38, 19, 39, '20210726', 4, 'N', '20210726211907', '20210726211911'),
(38, 19, 40, '20210726', 5, 'Y', '20210726211911', NULL),
(38, 18, 41, '20210726', 1, 'N', '20210726211914', '20210726211919'),
(38, 18, 42, '20210726', 2, 'N', '20210726211919', '20210726211924'),
(38, 18, 43, '20210726', 3, 'N', '20210726211924', '20210726211927'),
(38, 18, 44, '20210726', 4, 'N', '20210726211927', '20210726211930'),
(38, 18, 45, '20210726', 5, 'Y', '20210726211930', NULL),
(38, 17, 46, '20210726', 1, 'N', '20210726211931', '20210726211936'),
(38, 17, 47, '20210726', 2, 'N', '20210726211937', '20210726211942'),
(38, 17, 48, '20210726', 3, 'N', '20210726211942', '20210726211944'),
(38, 17, 49, '20210726', 4, 'N', '20210726211944', '20210726211945'),
(38, 17, 50, '20210726', 5, 'Y', '20210726211945', NULL),
(38, 16, 51, '20210726', 1, 'N', '20210726211946', '20210726211951'),
(38, 16, 52, '20210726', 2, 'N', '20210726211951', '20210726211956'),
(38, 16, 53, '20210726', 3, 'N', '20210726211956', '20210726211958'),
(38, 16, 54, '20210726', 4, 'N', '20210726211958', '20210726211959'),
(38, 16, 55, '20210726', 5, 'Y', '20210726211959', NULL),
(38, 15, 56, '20210726', 1, 'N', '20210726212000', '20210726212004'),
(38, 15, 57, '20210726', 2, 'N', '20210726212004', '20210726212011'),
(38, 15, 58, '20210726', 3, 'N', '20210726212011', '20210726212013'),
(38, 15, 59, '20210726', 4, 'N', '20210726212014', '20210726212016'),
(38, 15, 60, '20210726', 5, 'Y', '20210726212016', NULL),
(38, 14, 61, '20210726', 1, 'N', '20210726212017', '20210726212021'),
(38, 14, 62, '20210726', 2, 'N', '20210726212021', '20210726212031'),
(38, 14, 63, '20210726', 3, 'N', '20210726212031', '20210726212035'),
(38, 14, 64, '20210726', 4, 'N', '20210726212035', '20210726212039'),
(38, 14, 65, '20210726', 5, 'Y', '20210726212039', NULL),
(38, 13, 66, '20210726', 1, 'N', '20210726212040', '20210726212044'),
(38, 13, 67, '20210726', 2, 'N', '20210726212044', '20210726212051'),
(38, 13, 68, '20210726', 3, 'N', '20210726212051', '20210726212053'),
(38, 13, 69, '20210726', 4, 'N', '20210726212053', '20210726212056'),
(38, 13, 70, '20210726', 5, 'Y', '20210726212056', NULL),
(38, 12, 71, '20210726', 1, 'N', '20210726212058', '20210726212100'),
(38, 12, 72, '20210726', 2, 'N', '20210726212100', '20210726212109'),
(38, 12, 73, '20210726', 3, 'N', '20210726212109', '20210726212112'),
(38, 12, 74, '20210726', 4, 'N', '20210726212112', '20210726212113'),
(38, 12, 75, '20210726', 5, 'Y', '20210726212113', NULL),
(38, 11, 76, '20210726', 1, 'N', '20210726212114', '20210726212118'),
(38, 11, 77, '20210726', 2, 'N', '20210726212118', '20210726212129'),
(38, 11, 78, '20210726', 3, 'N', '20210726212129', '20210726212132'),
(38, 11, 79, '20210726', 4, 'N', '20210726212132', '20210726212137'),
(38, 11, 80, '20210726', 5, 'Y', '20210726212137', NULL),
(38, 10, 81, '20210726', 1, 'N', '20210726212141', '20210726212148'),
(38, 10, 82, '20210726', 2, 'N', '20210726212148', '20210726212156'),
(38, 10, 83, '20210726', 3, 'N', '20210726212156', '20210726212159'),
(38, 10, 84, '20210726', 4, 'N', '20210726212159', '20210726212202'),
(38, 10, 85, '20210726', 5, 'Y', '20210726212202', NULL),
(38, 9, 86, '20210726', 1, 'N', '20210726212204', '20210726212208'),
(38, 9, 87, '20210726', 2, 'N', '20210726212208', '20210726212213'),
(38, 9, 88, '20210726', 3, 'N', '20210726212213', '20210726212214'),
(38, 9, 89, '20210726', 4, 'N', '20210726212214', '20210726212216'),
(38, 9, 90, '20210726', 5, 'Y', '20210726212216', NULL),
(38, 8, 91, '20210726', 1, 'N', '20210726212218', '20210726212221'),
(38, 8, 92, '20210726', 2, 'N', '20210726212221', '20210726212228'),
(38, 8, 93, '20210726', 3, 'N', '20210726212228', '20210726212231'),
(38, 8, 94, '20210726', 4, 'N', '20210726212231', '20210726212233'),
(38, 8, 95, '20210726', 5, 'Y', '20210726212233', NULL),
(38, 7, 96, '20210726', 1, 'N', '20210726212234', '20210726212238'),
(38, 7, 97, '20210726', 2, 'N', '20210726212238', '20210726212253'),
(38, 7, 98, '20210726', 3, 'N', '20210726212253', '20210726212256'),
(38, 7, 99, '20210726', 4, 'N', '20210726212256', '20210726212258'),
(38, 7, 100, '20210726', 5, 'Y', '20210726212258', NULL),
(38, 6, 101, '20210726', 1, 'N', '20210726212300', '20210726212303'),
(38, 6, 102, '20210726', 2, 'N', '20210726212303', '20210726212313'),
(38, 6, 103, '20210726', 3, 'N', '20210726212314', '20210726212317'),
(38, 6, 104, '20210726', 4, 'N', '20210726212317', '20210726212321'),
(38, 6, 105, '20210726', 5, 'Y', '20210726212321', NULL),
(38, 5, 106, '20210726', 1, 'N', '20210726212324', '20210726212355'),
(38, 5, 107, '20210726', 2, 'N', '20210726212355', '20210726212400'),
(38, 5, 108, '20210726', 3, 'N', '20210726212400', '20210726212402'),
(38, 5, 109, '20210726', 4, 'N', '20210726212402', '20210726212404'),
(38, 5, 110, '20210726', 5, 'Y', '20210726212404', NULL),
(38, 4, 111, '20210726', 1, 'N', '20210726212404', '20210726212406'),
(38, 4, 112, '20210726', 2, 'N', '20210726212406', '20210726212414'),
(38, 4, 113, '20210726', 3, 'N', '20210726212414', '20210726212417'),
(38, 4, 114, '20210726', 4, 'N', '20210726212417', '20210726212420'),
(38, 4, 115, '20210726', 5, 'Y', '20210726212420', NULL),
(38, 3, 116, '20210726', 1, 'N', '20210726212422', '20210726212424'),
(38, 3, 117, '20210726', 2, 'N', '20210726212424', '20210726212428'),
(38, 3, 118, '20210726', 3, 'N', '20210726212428', '20210726212429'),
(38, 3, 119, '20210726', 4, 'N', '20210726212429', '20210726212431'),
(38, 3, 120, '20210726', 5, 'Y', '20210726212431', NULL);

-- --------------------------------------------------------

--
-- 테이블 구조 `CG_RST`
--

CREATE TABLE `CG_RST` (
  `RSTSEQ` int(11) NOT NULL,
  `PJTSEQ` int(11) NOT NULL,
  `PGMSEQ` int(11) NOT NULL,
  `FILETYPE` varchar(30) COLLATE utf8_bin NOT NULL,
  `VERSEQ` int(11) NOT NULL,
  `SRCORD` int(11) NOT NULL,
  `SRCTXT` text COLLATE utf8_bin,
  `ADDDT` varchar(14) COLLATE utf8_bin NOT NULL,
  `MODDT` varchar(14) COLLATE utf8_bin DEFAULT NULL
) ENGINE=InnoDB DEFAULT CHARSET=utf8 COLLATE=utf8_bin;

-- --------------------------------------------------------

--
-- 테이블 구조 `CG_RSTFILE`
--

CREATE TABLE `CG_RSTFILE` (
  `PJTSEQ` int(11) NOT NULL,
  `PGMSEQ` int(11) NOT NULL,
  `VERSEQ` int(11) NOT NULL,
  `FILESEQ` int(11) NOT NULL,
  `FILETYPE` varchar(10) NOT NULL,
  `FILENM` varchar(200) NOT NULL,
  `ACTIVEYN` varchar(1) NOT NULL DEFAULT 'N',
  `FILEHASH` varchar(32) NOT NULL COMMENT 'MD5',
  `FILESIZE` int(11) NOT NULL,
  `REQTYPE` varchar(10) DEFAULT NULL COMMENT 'SINGLE,ASYNC,QUEUE',
  `DB_TM` float(5,2) NOT NULL COMMENT '테이블 기록 총시간',
  `FILE_TM` float(5,2) NOT NULL COMMENT '파일 생성 총시간',
  `ADDDT` varchar(14) NOT NULL,
  `MODDT` varchar(14) DEFAULT NULL
) ENGINE=InnoDB DEFAULT CHARSET=utf8;

--
-- 테이블의 덤프 데이터 `CG_RSTFILE`
--

INSERT INTO `CG_RSTFILE` (`PJTSEQ`, `PGMSEQ`, `VERSEQ`, `FILESEQ`, `FILETYPE`, `FILENM`, `ACTIVEYN`, `FILEHASH`, `FILESIZE`, `REQTYPE`, `DB_TM`, `FILE_TM`, `ADDDT`, `MODDT`) VALUES
(38, 1, 1, 1, 'SVRSVC', 'rdipmngService.php', 'Y', 'f3def5aeb94ae9d5521936e3cdd34b88', 4882, 'ASYNC', 1.77, 0.48, '20210724215945', NULL),
(38, 1, 2, 2, 'HTMLJS', 'rdipmng.js', 'Y', '7e491741d1805fcc416c5c85e26ac947', 17011, 'ASYNC', 3.74, 0.51, '20210724215950', NULL),
(38, 1, 3, 3, 'SVRCTL', 'rdipmngController.php', 'Y', 'd39d588323c02a4b152e1c4d7a1919d5', 4879, 'ASYNC', 1.85, 0.17, '20210724215952', NULL),
(38, 1, 4, 4, 'HTML', 'rdipmngView.php', 'Y', '65140fdf149e3880270391fc01e3b9b8', 13293, 'ASYNC', 2.00, 0.30, '20210724215955', NULL),
(38, 1, 5, 5, 'SVRDAO', 'rdipmngDao.php', 'Y', '320b9ee5370a4a1cd2e76a61db0ff268', 2311, 'ASYNC', 1.94, 0.15, '20210724215957', NULL),
(38, 2, 6, 6, 'SVRSVC', 'rdipmngService.php', 'Y', 'f3def5aeb94ae9d5521936e3cdd34b88', 4882, 'ASYNC', 1.63, 0.24, '20210724220151', NULL),
(38, 2, 7, 7, 'SVRDAO', 'rdipmngDao.php', 'Y', '320b9ee5370a4a1cd2e76a61db0ff268', 2311, 'ASYNC', 1.51, 0.14, '20210724220153', NULL),
(38, 2, 8, 8, 'SVRCTL', 'rdipmngController.php', 'Y', 'd39d588323c02a4b152e1c4d7a1919d5', 4879, 'ASYNC', 1.90, 0.26, '20210724220155', NULL),
(38, 2, 9, 9, 'HTMLJS', 'rdipmng.js', 'Y', 'fa6687acc1aa64ec95af194d496b3f7e', 17011, 'ASYNC', 3.34, 0.63, '20210724220200', NULL),
(38, 2, 10, 10, 'HTML', 'rdipmngView.php', 'Y', '96d75320cadee2e97eb9e7036f0fabca', 13317, 'ASYNC', 2.45, 0.53, '20210724220203', NULL),
(38, 20, 11, 11, 'SVRSVC', 'rdmsgsendhisService.php', 'N', '37390dd4d3494b1c33e187fb45a81275', 5574, 'ASYNC', 1.72, 0.23, '20210726211552', '20210726211849'),
(38, 20, 12, 12, 'HTML', 'rdmsgsendhisView.php', 'N', 'ea53e4c8d3fdf8df60aa86522a3213ab', 14784, 'ASYNC', 2.60, 0.33, '20210726211555', '20210726211838'),
(38, 20, 13, 13, 'SVRCTL', 'rdmsgsendhisController.php', 'N', '0d3bd7c490bd963898b188aa62950fd8', 6627, 'ASYNC', 3.80, 0.32, '20210726211559', '20210726211847'),
(38, 20, 14, 14, 'SVRDAO', 'rdmsgsendhisDao.php', 'N', 'ce5da4282db10619f1402b62429d2d2b', 2341, 'ASYNC', 0.78, 0.10, '20210726211601', '20210726211851'),
(38, 20, 15, 15, 'HTMLJS', 'rdmsgsendhis.js', 'N', 'e79f275f49a8d2db52957a6a43f3bf37', 28286, 'ASYNC', 5.74, 0.64, '20210726211608', '20210726211844'),
(38, 21, 16, 16, 'SVRCTL', 'rdmymsgboxController.php', 'Y', 'b701f218e9f8fbc52e9d35f7c35df88c', 7337, 'ASYNC', 1.98, 0.29, '20210726211632', NULL),
(38, 21, 17, 17, 'HTML', 'rdmymsgboxView.php', 'Y', 'acb47246bc769b9c33e2fc897b1124b9', 21694, 'ASYNC', 4.65, 0.52, '20210726211637', NULL),
(38, 21, 18, 18, 'SVRSVC', 'rdmymsgboxService.php', 'Y', '0bd56aaf271286e51107e9135dc288d5', 7719, 'ASYNC', 1.78, 0.21, '20210726211639', NULL),
(38, 21, 19, 19, 'HTMLJS', 'rdmymsgbox.js', 'Y', '1e0a9ec487a473af5ac9d072fe53bcfb', 32269, 'ASYNC', 5.63, 0.59, '20210726211646', NULL),
(38, 21, 20, 20, 'SVRDAO', 'rdmymsgboxDao.php', 'Y', 'f8b158651ca3951f2402113701f95212', 2538, 'ASYNC', 0.84, 0.12, '20210726211647', NULL),
(38, 23, 21, 21, 'SVRCTL', 'rdmsgboxmngController.php', 'Y', 'a568ae2970a3a96a7ec42b85c3ab8fdf', 7481, 'ASYNC', 2.21, 0.23, '20210726211808', NULL),
(38, 23, 22, 22, 'HTML', 'rdmsgboxmngView.php', 'Y', 'e7b24bb6fb8de6b075c67f1ba42cc193', 21826, 'ASYNC', 4.42, 1.02, '20210726211813', NULL),
(38, 23, 23, 23, 'HTMLJS', 'rdmsgboxmng.js', 'Y', '9dbd8ec7bb43a4194be41ddd077e5869', 33515, 'ASYNC', 5.39, 1.41, '20210726211820', NULL),
(38, 23, 24, 24, 'SVRSVC', 'rdmsgboxmngService.php', 'Y', '5be026e30d7ad4a5584ddd479ed5c726', 7801, 'ASYNC', 1.67, 0.26, '20210726211822', NULL),
(38, 23, 25, 25, 'SVRDAO', 'rdmsgboxmngDao.php', 'Y', '78eccaa707e4fab9c7020202d9df66ea', 2508, 'ASYNC', 1.07, 0.17, '20210726211824', NULL),
(38, 22, 26, 26, 'HTML', 'rdbatchlogView.php', 'Y', '6acd9ff9cf1ca64db7c8a3e71a2467ed', 14649, 'ASYNC', 2.19, 0.41, '20210726211827', NULL),
(38, 22, 27, 27, 'HTMLJS', 'rdbatchlog.js', 'Y', 'b70987f48f9874b7b1a54634ab88bb50', 25019, 'ASYNC', 4.32, 1.28, '20210726211832', NULL),
(38, 22, 28, 28, 'SVRCTL', 'rdbatchlogController.php', 'Y', '0546d59b1be334757ceedcbc1b0e8a87', 6150, 'ASYNC', 1.95, 0.24, '20210726211835', NULL),
(38, 22, 29, 29, 'SVRSVC', 'rdbatchlogService.php', 'Y', 'bbd81cadd232d31af8d146a024154340', 4894, 'ASYNC', 0.97, 0.13, '20210726211836', NULL),
(38, 22, 30, 30, 'SVRDAO', 'rdbatchlogDao.php', 'Y', '88cce095689785fec6e9afaa69f07677', 1733, 'ASYNC', 0.40, 0.08, '20210726211836', NULL),
(38, 20, 31, 31, 'HTML', 'rdmsgsendhisView.php', 'Y', 'ea53e4c8d3fdf8df60aa86522a3213ab', 14784, 'ASYNC', 1.85, 0.22, '20210726211838', NULL),
(38, 20, 32, 32, 'HTMLJS', 'rdmsgsendhis.js', 'Y', 'c4f6cdafdf4f0c2e736d5f898905381c', 28286, 'ASYNC', 5.02, 0.58, '20210726211844', NULL),
(38, 20, 33, 33, 'SVRCTL', 'rdmsgsendhisController.php', 'Y', '0d3bd7c490bd963898b188aa62950fd8', 6627, 'ASYNC', 2.75, 0.25, '20210726211847', NULL),
(38, 20, 34, 34, 'SVRSVC', 'rdmsgsendhisService.php', 'Y', '37390dd4d3494b1c33e187fb45a81275', 5574, 'ASYNC', 1.44, 0.43, '20210726211849', NULL),
(38, 20, 35, 35, 'SVRDAO', 'rdmsgsendhisDao.php', 'Y', 'ce5da4282db10619f1402b62429d2d2b', 2341, 'ASYNC', 0.85, 0.20, '20210726211851', NULL),
(38, 19, 36, 36, 'HTML', 'rdcampaignmngView.php', 'Y', 'e395a1c1b3be5d96ade8bea9b3e8ef8b', 23287, 'ASYNC', 5.27, 0.69, '20210726211857', NULL),
(38, 19, 37, 37, 'HTMLJS', 'rdcampaignmng.js', 'Y', '51a496de2986ca4eae12472f95722237', 29706, 'ASYNC', 6.52, 1.10, '20210726211904', NULL),
(38, 19, 38, 38, 'SVRCTL', 'rdcampaignmngController.php', 'Y', '423f91626ea14817ab54c59afb6304c2', 8241, 'ASYNC', 2.24, 0.33, '20210726211907', NULL),
(38, 19, 39, 39, 'SVRSVC', 'rdcampaignmngService.php', 'Y', 'b85ae760fea4785252736f2050841818', 7234, 'ASYNC', 2.68, 0.48, '20210726211911', NULL),
(38, 19, 40, 40, 'SVRDAO', 'rdcampaignmngDao.php', 'Y', '5a404968f8ae4d7bc054e95891575bfe', 3948, 'ASYNC', 2.49, 0.39, '20210726211914', NULL),
(38, 18, 41, 41, 'HTML', 'rdbatchmngView.php', 'Y', '568c89ef214d9dd7375cb74aec0a45f8', 20504, 'ASYNC', 4.43, 0.52, '20210726211919', NULL),
(38, 18, 42, 42, 'HTMLJS', 'rdbatchmng.js', 'Y', 'b38d0b59464f323cb7f2492af4106e8a', 30535, 'ASYNC', 4.83, 0.65, '20210726211924', NULL),
(38, 18, 43, 43, 'SVRCTL', 'rdbatchmngController.php', 'Y', 'fd9c83968b25311d08a20fe4f3633154', 7378, 'ASYNC', 2.06, 0.33, '20210726211927', NULL),
(38, 18, 44, 44, 'SVRSVC', 'rdbatchmngService.php', 'Y', '57fba2acce8f3ad09a9163403ffba61b', 7088, 'ASYNC', 2.68, 0.38, '20210726211930', NULL),
(38, 18, 45, 45, 'SVRDAO', 'rdbatchmngDao.php', 'Y', '9f6472314cc54459343dd7d5c6856e86', 4073, 'ASYNC', 1.19, 0.25, '20210726211931', NULL),
(38, 17, 46, 46, 'HTML', 'rdcfghistoryView.php', 'Y', 'a30fa94ae387539bd43025a1a495f4fe', 17847, 'ASYNC', 3.75, 1.10, '20210726211936', NULL),
(38, 17, 47, 47, 'HTMLJS', 'rdcfghistory.js', 'Y', '1f0d5d3dc4da21bd6c963d7a4aabe38e', 16444, 'ASYNC', 4.48, 0.46, '20210726211941', NULL),
(38, 17, 48, 48, 'SVRCTL', 'rdcfghistoryController.php', 'Y', '2659a3af0e0e5dfc516570045295097c', 6265, 'ASYNC', 1.90, 0.17, '20210726211944', NULL),
(38, 17, 49, 49, 'SVRSVC', 'rdcfghistoryService.php', 'Y', '137dd91f37aadffd123011253a4c4df6', 3850, 'ASYNC', 0.86, 0.11, '20210726211945', NULL),
(38, 17, 50, 50, 'SVRDAO', 'rdcfghistoryDao.php', 'Y', 'aded99a44fa79ad9bd17f6fc5c1e73d4', 2023, 'ASYNC', 0.65, 0.14, '20210726211946', NULL),
(38, 16, 51, 51, 'HTML', 'rdfluentdView.php', 'Y', '502d8fdf0b006e84be3d91dca990a2ef', 18236, 'ASYNC', 3.92, 1.03, '20210726211951', NULL),
(38, 16, 52, 52, 'HTMLJS', 'rdfluentd.js', 'Y', '17c1c487fc42f8b33f9b272ed3cf6a29', 21222, 'ASYNC', 4.46, 0.90, '20210726211956', NULL),
(38, 16, 53, 53, 'SVRCTL', 'rdfluentdController.php', 'Y', 'adff51d405ae0f63c9f7fafbe17be974', 6448, 'ASYNC', 1.74, 0.20, '20210726211958', NULL),
(38, 16, 54, 54, 'SVRSVC', 'rdfluentdService.php', 'Y', '44bc8c3ec5feaffd97f9e53fa55c0b2f', 3376, 'ASYNC', 1.00, 0.15, '20210726211959', NULL),
(38, 16, 55, 55, 'SVRDAO', 'rdfluentdDao.php', 'Y', '463b63e7ff1d9b1f205966d62dc03f7f', 1951, 'ASYNC', 0.72, 0.22, '20210726212000', NULL),
(38, 15, 56, 56, 'HTML', 'rddefaultauthView.php', 'Y', 'e8e739b2a738896c1dba8ea1ea12c8bf', 16620, 'ASYNC', 3.58, 0.32, '20210726212004', NULL),
(38, 15, 57, 57, 'HTMLJS', 'rddefaultauth.js', 'Y', '619ceda1dfc8c13d04cbb668b8fd21dc', 29263, 'ASYNC', 6.04, 0.55, '20210726212011', NULL),
(38, 15, 58, 58, 'SVRCTL', 'rddefaultauthController.php', 'Y', '2c076ece75eea15a284663623f00bc43', 6668, 'ASYNC', 1.71, 0.30, '20210726212013', NULL),
(38, 15, 59, 59, 'SVRSVC', 'rddefaultauthService.php', 'Y', 'b369ab69d0a621667819b33a69b930ab', 7181, 'ASYNC', 1.66, 0.26, '20210726212015', NULL),
(38, 15, 60, 60, 'SVRDAO', 'rddefaultauthDao.php', 'Y', 'a49701e873a8405524e303676128172c', 3526, 'ASYNC', 1.05, 0.23, '20210726212017', NULL),
(38, 14, 61, 61, 'HTML', 'rdteamauthmngView.php', 'Y', 'd8454bb08e11113999e931c083562247', 17241, 'ASYNC', 3.37, 0.35, '20210726212021', NULL),
(38, 14, 62, 62, 'HTMLJS', 'rdteamauthmng.js', 'Y', '8021fccb3a1cefc7a95b17d4e06e0689', 35326, 'ASYNC', 7.39, 2.47, '20210726212031', NULL),
(38, 14, 63, 63, 'SVRCTL', 'rdteamauthmngController.php', 'Y', '50738d4b5c6b6788dc2661210e466061', 7685, 'ASYNC', 3.79, 0.31, '20210726212035', NULL),
(38, 14, 64, 64, 'SVRSVC', 'rdteamauthmngService.php', 'Y', '3e41b9a79b3a23b5b1c183527e3acfdd', 8327, 'ASYNC', 2.57, 0.96, '20210726212039', NULL),
(38, 14, 65, 65, 'SVRDAO', 'rdteamauthmngDao.php', 'Y', '25daba5995ec76a662bbb7d2a6e0d90d', 3994, 'ASYNC', 1.19, 0.18, '20210726212040', NULL),
(38, 13, 66, 66, 'HTML', 'rdteammngView.php', 'Y', 'df7accd072a17fb212b06fd10c98010e', 15475, 'ASYNC', 2.77, 0.37, '20210726212043', NULL),
(38, 13, 67, 67, 'HTMLJS', 'rdteammng.js', 'Y', '392f75386f162013162266e6e1c3d40f', 28654, 'ASYNC', 6.01, 1.11, '20210726212051', NULL),
(38, 13, 68, 68, 'SVRCTL', 'rdteammngController.php', 'Y', '2458d6c6f2ccd4891b5e3dd5428d3baa', 6086, 'ASYNC', 2.23, 0.30, '20210726212053', NULL),
(38, 13, 69, 69, 'SVRSVC', 'rdteammngService.php', 'Y', '084891ad190257accee0c5f7ba24134b', 8062, 'ASYNC', 2.25, 0.29, '20210726212056', NULL),
(38, 13, 70, 70, 'SVRDAO', 'rdteammngDao.php', 'Y', '97ad413dd212a61522a77c73c973acaa', 3511, 'ASYNC', 1.31, 0.14, '20210726212058', NULL),
(38, 12, 71, 71, 'HTML', 'rdintronormalView.php', 'Y', '4425d85d41e4857c42fd12397d85ee00', 15658, 'ASYNC', 1.84, 0.36, '20210726212100', NULL),
(38, 12, 72, 72, 'HTMLJS', 'rdintronormal.js', 'Y', '0e51aba6b9837c1e813e6f9b91e51013', 33525, 'ASYNC', 8.15, 1.10, '20210726212109', NULL),
(38, 12, 73, 73, 'SVRCTL', 'rdintronormalController.php', 'Y', 'd7be2cdca1290ea69ac296cef36cc54f', 7567, 'ASYNC', 2.49, 0.30, '20210726212112', NULL),
(38, 12, 74, 74, 'SVRSVC', 'rdintronormalService.php', 'Y', '53e9658d1ac18f64f027f240491bf887', 6604, 'ASYNC', 1.04, 0.21, '20210726212113', NULL),
(38, 12, 75, 75, 'SVRDAO', 'rdintronormalDao.php', 'Y', 'c205d5c31b56c40f36f374587ccfa955', 2046, 'ASYNC', 0.53, 0.18, '20210726212114', NULL),
(38, 11, 76, 76, 'HTML', 'rdmnutreemngView.php', 'Y', 'b3fca2e0ec12a68014e835bda80fb114', 19685, 'ASYNC', 2.81, 0.44, '20210726212118', NULL),
(38, 11, 77, 77, 'HTMLJS', 'rdmnutreemng.js', 'Y', 'a0c03ac451d2ba348442dd2a2517cbc9', 48315, 'ASYNC', 9.83, 1.74, '20210726212129', NULL),
(38, 11, 78, 78, 'SVRCTL', 'rdmnutreemngController.php', 'Y', 'a8542b44cc3a7a05243ffb16877e970d', 8113, 'ASYNC', 2.73, 0.40, '20210726212132', NULL),
(38, 11, 79, 79, 'SVRSVC', 'rdmnutreemngService.php', 'Y', '14ad7eabe3d2f0c383faa61dda89e9eb', 11094, 'ASYNC', 3.77, 0.51, '20210726212137', NULL),
(38, 11, 80, 80, 'SVRDAO', 'rdmnutreemngDao.php', 'Y', 'b6fdbe06c6f28264da20f68836285bc2', 6171, 'ASYNC', 2.47, 1.30, '20210726212141', NULL),
(38, 10, 81, 81, 'HTML', 'rdmnuauthmngView.php', 'Y', '16581be5cd357e047d190c8b2e67430f', 16514, 'ASYNC', 6.45, 0.53, '20210726212148', NULL),
(38, 10, 82, 82, 'HTMLJS', 'rdmnuauthmng.js', 'Y', '2ef86a1f6c5d8a7d98bd597c32ae32eb', 35389, 'ASYNC', 6.80, 0.81, '20210726212156', NULL),
(38, 10, 83, 83, 'SVRCTL', 'rdmnuauthmngController.php', 'Y', '25b99df8f2d77cf17d6c7d3b82cc44bd', 6944, 'ASYNC', 2.31, 0.40, '20210726212159', NULL),
(38, 10, 84, 84, 'SVRSVC', 'rdmnuauthmngService.php', 'Y', '7891cc19947799bf136a74065077952f', 10426, 'ASYNC', 2.61, 0.42, '20210726212202', NULL),
(38, 10, 85, 85, 'SVRDAO', 'rdmnuauthmngDao.php', 'Y', 'd2a0fe3e382dfdf1265ec8985773952d', 4854, 'ASYNC', 2.19, 0.25, '20210726212204', NULL),
(38, 9, 86, 86, 'HTML', 'rdgrpmngView.php', 'Y', '3f0d361cad238b67a032be152d24212b', 15999, 'ASYNC', 2.52, 0.90, '20210726212208', NULL),
(38, 9, 87, 87, 'HTMLJS', 'rdgrpmng.js', 'Y', '51b86a7874b40d40c8988bd8d97cd11b', 25763, 'ASYNC', 4.19, 0.53, '20210726212213', NULL),
(38, 9, 88, 88, 'SVRCTL', 'rdgrpmngController.php', 'Y', '6d1e5357c99bb1f756b6ba3a1ea3ff3e', 5727, 'ASYNC', 1.52, 0.17, '20210726212214', NULL),
(38, 9, 89, 89, 'SVRSVC', 'rdgrpmngService.php', 'Y', '87a1a153334bfa48a93df07195f601c4', 6722, 'ASYNC', 1.29, 0.26, '20210726212216', NULL),
(38, 9, 90, 90, 'SVRDAO', 'rdgrpmngDao.php', 'Y', '3c37ca6ebeda7810af47b677faf1e9fe', 2307, 'ASYNC', 1.21, 0.24, '20210726212218', NULL),
(38, 8, 91, 91, 'HTML', 'rdgrpauthmngView.php', 'Y', 'e5ae8b402496c009c64591b367ea4c30', 17248, 'ASYNC', 2.84, 0.47, '20210726212221', NULL),
(38, 8, 92, 92, 'HTMLJS', 'rdgrpauthmng.js', 'Y', '519f72ad75213ae5c77f0cb238de3352', 35053, 'ASYNC', 6.11, 0.95, '20210726212228', NULL),
(38, 8, 93, 93, 'SVRCTL', 'rdgrpauthmngController.php', 'Y', '575b6c87990939f76ee272b59a177f76', 7593, 'ASYNC', 2.22, 0.30, '20210726212231', NULL),
(38, 8, 94, 94, 'SVRSVC', 'rdgrpauthmngService.php', 'Y', '84192fa6781232dbbad03c8430969475', 8303, 'ASYNC', 1.77, 0.34, '20210726212233', NULL),
(38, 8, 95, 95, 'SVRDAO', 'rdgrpauthmngDao.php', 'Y', 'aaec480ad3ddeffe0e4c7bc4dbe80fef', 3966, 'ASYNC', 1.28, 0.17, '20210726212234', NULL),
(38, 7, 96, 96, 'HTML', 'rdgrpusrmngView.php', 'Y', '4f08da26df7ece1eec516a3362b68025', 18590, 'ASYNC', 3.11, 0.46, '20210726212238', NULL),
(38, 7, 97, 97, 'HTMLJS', 'rdgrpusrmng.js', 'Y', '37f946b205001561f0621a51ede04340', 40324, 'ASYNC', 8.28, 6.00, '20210726212252', NULL),
(38, 7, 98, 98, 'SVRCTL', 'rdgrpusrmngController.php', 'Y', '93a21a58cd46df0a918f7fd36f5ad12a', 7342, 'ASYNC', 2.71, 0.44, '20210726212256', NULL),
(38, 7, 99, 99, 'SVRSVC', 'rdgrpusrmngService.php', 'Y', 'b5973628d1a513cf3385d3c691f67021', 8712, 'ASYNC', 2.13, 0.20, '20210726212258', NULL),
(38, 7, 100, 100, 'SVRDAO', 'rdgrpusrmngDao.php', 'Y', '4ea014b0c17a3a9ab76516bf97c70060', 3566, 'ASYNC', 1.05, 0.27, '20210726212300', NULL),
(38, 6, 101, 101, 'HTML', 'rdusrmngView.php', 'Y', '9cc5739aef11a45ac5c1cea962d356fa', 17481, 'ASYNC', 2.91, 0.32, '20210726212303', NULL),
(38, 6, 102, 102, 'HTMLJS', 'rdusrmng.js', 'Y', '26ce803b6cf3f5ab5fc56d72de466f5d', 45235, 'ASYNC', 9.16, 1.06, '20210726212313', NULL),
(38, 6, 103, 103, 'SVRCTL', 'rdusrmngController.php', 'Y', '00446e6e1d927a6c6c475d1ac09a23b9', 8049, 'ASYNC', 3.30, 0.41, '20210726212317', NULL),
(38, 6, 104, 104, 'SVRSVC', 'rdusrmngService.php', 'Y', '5c2f8a472c511ffae9653916b8060fce', 10104, 'ASYNC', 2.82, 0.46, '20210726212321', NULL),
(38, 6, 105, 105, 'SVRDAO', 'rdusrmngDao.php', 'Y', '863952693b60ac9974db2f10694c4bc8', 5457, 'ASYNC', 2.88, 0.26, '20210726212324', NULL),
(38, 5, 106, 106, 'HTML', 'rdcodeapiView.php', 'Y', '217589dc172657a341e9cabbc471b57f', 22085, 'ASYNC', 8.73, 22.31, '20210726212355', NULL),
(38, 5, 107, 107, 'HTMLJS', 'rdcodeapi.js', 'Y', 'a253affa88b85e6e500aabff128e7f07', 16150, 'ASYNC', 4.24, 0.48, '20210726212400', NULL),
(38, 5, 108, 108, 'SVRCTL', 'rdcodeapiController.php', 'Y', '455d8b9da4ba391cf60613aef3fceb21', 6670, 'ASYNC', 2.03, 0.29, '20210726212402', NULL),
(38, 5, 109, 109, 'SVRSVC', 'rdcodeapiService.php', 'Y', '6816f4af12e78030bb23cb2f492e4a83', 3394, 'ASYNC', 0.84, 0.12, '20210726212403', NULL),
(38, 5, 110, 110, 'SVRDAO', 'rdcodeapiDao.php', 'Y', 'e5495b10610e84ac6dec225d53882fa2', 1423, 'ASYNC', 0.40, 0.11, '20210726212404', NULL),
(38, 4, 111, 111, 'HTML', 'rdcodemngView.php', 'Y', 'e313a001c168710e109ddc1d9bfaf463', 15889, 'ASYNC', 1.95, 0.27, '20210726212406', NULL),
(38, 4, 112, 112, 'HTMLJS', 'rdcodemng.js', 'Y', 'c5bd3ba142dda91fb46ca6fe8ae97ede', 36379, 'ASYNC', 6.40, 0.94, '20210726212414', NULL),
(38, 4, 113, 113, 'SVRSVC', 'rdcodemngService.php', 'Y', '609516d7b4c590e75adc493e00d052b2', 9108, 'ASYNC', 1.98, 1.25, '20210726212417', NULL),
(38, 4, 114, 114, 'SVRCTL', 'rdcodemngController.php', 'Y', '91378e488ca9f3e0bd82526a68b3ef0c', 6954, 'ASYNC', 2.51, 0.30, '20210726212420', NULL),
(38, 4, 115, 115, 'SVRDAO', 'rdcodemngDao.php', 'Y', 'e2d72cae6b64d627176d2158e292a7f1', 4793, 'ASYNC', 1.99, 0.28, '20210726212422', NULL),
(38, 3, 116, 116, 'HTML', 'rdipmngView.php', 'Y', '65140fdf149e3880270391fc01e3b9b8', 13293, 'ASYNC', 1.55, 0.25, '20210726212424', NULL),
(38, 3, 117, 117, 'HTMLJS', 'rdipmng.js', 'Y', 'fa6687acc1aa64ec95af194d496b3f7e', 17011, 'ASYNC', 2.99, 0.35, '20210726212428', NULL),
(38, 3, 118, 118, 'SVRCTL', 'rdipmngController.php', 'Y', 'd39d588323c02a4b152e1c4d7a1919d5', 4879, 'ASYNC', 1.35, 0.24, '20210726212429', NULL),
(38, 3, 119, 119, 'SVRSVC', 'rdipmngService.php', 'Y', 'a55250fd19845a80a5d3d2340ec0f1f7', 4882, 'ASYNC', 1.08, 0.23, '20210726212431', NULL),
(38, 3, 120, 120, 'SVRDAO', 'rdipmngDao.php', 'Y', '320b9ee5370a4a1cd2e76a61db0ff268', 2311, 'ASYNC', 0.74, 0.19, '20210726212432', NULL);

-- --------------------------------------------------------

--
-- 테이블 구조 `CG_VALID`
--

CREATE TABLE `CG_VALID` (
  `VALIDSEQ` int(10) UNSIGNED NOT NULL,
  `PJTSEQ` int(11) NOT NULL,
  `DATATYPE` varchar(30) COLLATE utf8_bin NOT NULL,
  `VALIDID` varchar(30) COLLATE utf8_bin NOT NULL,
  `VALIDORD` int(11) NOT NULL DEFAULT '10',
  `VALIDNM` varchar(300) CHARACTER SET utf8 NOT NULL,
  `VALIDTYPE` varchar(30) CHARACTER SET utf8 DEFAULT NULL COMMENT 'VALIDATE,WHITELIST',
  `INVALIDMSG` varchar(300) CHARACTER SET utf8 DEFAULT NULL,
  `MATSTR` varchar(1000) CHARACTER SET utf8 DEFAULT NULL,
  `ADDDT` varchar(14) CHARACTER SET utf8 NOT NULL,
  `ADDID` int(11) NOT NULL,
  `MODDT` varchar(14) CHARACTER SET utf8 DEFAULT NULL,
  `MODID` int(11) DEFAULT NULL
) ENGINE=InnoDB DEFAULT CHARSET=utf8 COLLATE=utf8_bin;

--
-- 덤프된 테이블의 인덱스
--

--
-- 테이블의 인덱스 `CG_DD`
--
ALTER TABLE `CG_DD`
  ADD PRIMARY KEY (`DDSEQ`),
  ADD UNIQUE KEY `IDX_DD_PJTCOL` (`PJTSEQ`,`COLID`) USING BTREE;

--
-- 테이블의 인덱스 `CG_DDOBJ`
--
ALTER TABLE `CG_DDOBJ`
  ADD PRIMARY KEY (`DDOBJSEQ`),
  ADD UNIQUE KEY `DDSEQ` (`DDSEQ`,`GRPTYPE`);

--
-- 테이블의 인덱스 `CG_ICONMNG`
--
ALTER TABLE `CG_ICONMNG`
  ADD PRIMARY KEY (`ICONSEQ`);

--
-- 테이블의 인덱스 `CG_MONOLOG`
--
ALTER TABLE `CG_MONOLOG`
  ADD PRIMARY KEY (`LOGSEQ`);

--
-- 테이블의 인덱스 `CG_PGMEVT`
--
ALTER TABLE `CG_PGMEVT`
  ADD PRIMARY KEY (`EVTSEQ`),
  ADD UNIQUE KEY `IDX_PGMEVT_EVTIDUNIQUE` (`PJTSEQ`,`PGMSEQ`,`GRPSEQ`,`EVTCD`);

--
-- 테이블의 인덱스 `CG_PGMFNC`
--
ALTER TABLE `CG_PGMFNC`
  ADD PRIMARY KEY (`FNCSEQ`);

--
-- 테이블의 인덱스 `CG_PGMGRP`
--
ALTER TABLE `CG_PGMGRP`
  ADD PRIMARY KEY (`GRPSEQ`);

--
-- 테이블의 인덱스 `CG_PGMINFO`
--
ALTER TABLE `CG_PGMINFO`
  ADD PRIMARY KEY (`PGMSEQ`),
  ADD UNIQUE KEY `PGMID_2` (`PGMID`,`PJTSEQ`);

--
-- 테이블의 인덱스 `CG_PGMINHERIT`
--
ALTER TABLE `CG_PGMINHERIT`
  ADD PRIMARY KEY (`INHERITSEQ`),
  ADD UNIQUE KEY `PJTSEQ` (`PJTSEQ`,`PGMSEQ`,`GRPSEQ`,`COLID`,`CHILDGRPID`);

--
-- 테이블의 인덱스 `CG_PGMIO`
--
ALTER TABLE `CG_PGMIO`
  ADD PRIMARY KEY (`IOSEQ`);

--
-- 테이블의 인덱스 `CG_PGMPARAM`
--
ALTER TABLE `CG_PGMPARAM`
  ADD PRIMARY KEY (`PARAMSEQ`);

--
-- 테이블의 인덱스 `CG_PGMSQL`
--
ALTER TABLE `CG_PGMSQL`
  ADD PRIMARY KEY (`SQLSEQ`),
  ADD UNIQUE KEY `PJTSEQ` (`PJTSEQ`,`PGMSEQ`,`SQLID`);

--
-- 테이블의 인덱스 `CG_PGMSQLD`
--
ALTER TABLE `CG_PGMSQLD`
  ADD PRIMARY KEY (`COLSEQ`);

--
-- 테이블의 인덱스 `CG_PGMSQLR`
--
ALTER TABLE `CG_PGMSQLR`
  ADD PRIMARY KEY (`SQLRSEQ`);

--
-- 테이블의 인덱스 `CG_PGMSVC`
--
ALTER TABLE `CG_PGMSVC`
  ADD PRIMARY KEY (`SVCSEQ`);

--
-- 테이블의 인덱스 `CG_PGMVER`
--
ALTER TABLE `CG_PGMVER`
  ADD PRIMARY KEY (`VERSEQ`);

--
-- 테이블의 인덱스 `CG_RST`
--
ALTER TABLE `CG_RST`
  ADD PRIMARY KEY (`RSTSEQ`);

--
-- 테이블의 인덱스 `CG_RSTFILE`
--
ALTER TABLE `CG_RSTFILE`
  ADD PRIMARY KEY (`FILESEQ`);

--
-- 테이블의 인덱스 `CG_VALID`
--
ALTER TABLE `CG_VALID`
  ADD PRIMARY KEY (`VALIDSEQ`);

--
-- 덤프된 테이블의 AUTO_INCREMENT
--

--
-- 테이블의 AUTO_INCREMENT `CG_DD`
--
ALTER TABLE `CG_DD`
  MODIFY `DDSEQ` int(11) NOT NULL AUTO_INCREMENT;

--
-- 테이블의 AUTO_INCREMENT `CG_DDOBJ`
--
ALTER TABLE `CG_DDOBJ`
  MODIFY `DDOBJSEQ` int(11) NOT NULL AUTO_INCREMENT;

--
-- 테이블의 AUTO_INCREMENT `CG_ICONMNG`
--
ALTER TABLE `CG_ICONMNG`
  MODIFY `ICONSEQ` int(11) NOT NULL AUTO_INCREMENT;

--
-- 테이블의 AUTO_INCREMENT `CG_MONOLOG`
--
ALTER TABLE `CG_MONOLOG`
  MODIFY `LOGSEQ` int(11) NOT NULL AUTO_INCREMENT;

--
-- 테이블의 AUTO_INCREMENT `CG_PGMEVT`
--
ALTER TABLE `CG_PGMEVT`
  MODIFY `EVTSEQ` int(11) NOT NULL AUTO_INCREMENT;

--
-- 테이블의 AUTO_INCREMENT `CG_PGMFNC`
--
ALTER TABLE `CG_PGMFNC`
  MODIFY `FNCSEQ` int(11) NOT NULL AUTO_INCREMENT, AUTO_INCREMENT=320;

--
-- 테이블의 AUTO_INCREMENT `CG_PGMGRP`
--
ALTER TABLE `CG_PGMGRP`
  MODIFY `GRPSEQ` int(11) NOT NULL AUTO_INCREMENT, AUTO_INCREMENT=75;

--
-- 테이블의 AUTO_INCREMENT `CG_PGMINFO`
--
ALTER TABLE `CG_PGMINFO`
  MODIFY `PGMSEQ` int(11) NOT NULL AUTO_INCREMENT, AUTO_INCREMENT=24;

--
-- 테이블의 AUTO_INCREMENT `CG_PGMINHERIT`
--
ALTER TABLE `CG_PGMINHERIT`
  MODIFY `INHERITSEQ` int(10) UNSIGNED NOT NULL AUTO_INCREMENT, AUTO_INCREMENT=20;

--
-- 테이블의 AUTO_INCREMENT `CG_PGMIO`
--
ALTER TABLE `CG_PGMIO`
  MODIFY `IOSEQ` int(11) NOT NULL AUTO_INCREMENT, AUTO_INCREMENT=488;

--
-- 테이블의 AUTO_INCREMENT `CG_PGMPARAM`
--
ALTER TABLE `CG_PGMPARAM`
  MODIFY `PARAMSEQ` int(11) NOT NULL AUTO_INCREMENT;

--
-- 테이블의 AUTO_INCREMENT `CG_PGMSQL`
--
ALTER TABLE `CG_PGMSQL`
  MODIFY `SQLSEQ` int(11) NOT NULL AUTO_INCREMENT, AUTO_INCREMENT=110;

--
-- 테이블의 AUTO_INCREMENT `CG_PGMSQLD`
--
ALTER TABLE `CG_PGMSQLD`
  MODIFY `COLSEQ` int(10) UNSIGNED NOT NULL AUTO_INCREMENT, AUTO_INCREMENT=826;

--
-- 테이블의 AUTO_INCREMENT `CG_PGMSQLR`
--
ALTER TABLE `CG_PGMSQLR`
  MODIFY `SQLRSEQ` int(10) UNSIGNED NOT NULL AUTO_INCREMENT, AUTO_INCREMENT=121;

--
-- 테이블의 AUTO_INCREMENT `CG_PGMSVC`
--
ALTER TABLE `CG_PGMSVC`
  MODIFY `SVCSEQ` int(10) UNSIGNED NOT NULL AUTO_INCREMENT, AUTO_INCREMENT=112;

--
-- 테이블의 AUTO_INCREMENT `CG_PGMVER`
--
ALTER TABLE `CG_PGMVER`
  MODIFY `VERSEQ` int(11) NOT NULL AUTO_INCREMENT, AUTO_INCREMENT=121;

--
-- 테이블의 AUTO_INCREMENT `CG_RST`
--
ALTER TABLE `CG_RST`
  MODIFY `RSTSEQ` int(11) NOT NULL AUTO_INCREMENT;

--
-- 테이블의 AUTO_INCREMENT `CG_RSTFILE`
--
ALTER TABLE `CG_RSTFILE`
  MODIFY `FILESEQ` int(11) NOT NULL AUTO_INCREMENT, AUTO_INCREMENT=121;

--
-- 테이블의 AUTO_INCREMENT `CG_VALID`
--
ALTER TABLE `CG_VALID`
  MODIFY `VALIDSEQ` int(10) UNSIGNED NOT NULL AUTO_INCREMENT;
COMMIT;

/*!40101 SET CHARACTER_SET_CLIENT=@OLD_CHARACTER_SET_CLIENT */;
/*!40101 SET CHARACTER_SET_RESULTS=@OLD_CHARACTER_SET_RESULTS */;
/*!40101 SET COLLATION_CONNECTION=@OLD_COLLATION_CONNECTION */;
